Player,Age,Team,Pos,G,GS,MP,FG,FGA,FG%,3P,3PA,3P%,2P,2PA,2P%,eFG%,FT,FTA,FT%,ORB,DRB,TRB,AST,STL,BLK,TOV,PF,PTS,Trp-Dbl,Awards,Year
Shai Gilgeous-Alexander,26,OKC,PG,26,26,897,278,542,.513,54,161,.335,224,381,.588,.563,182,210,.867,20,121,141,163,51,27,69,56,792,0,,2024-2025
Giannis Antetokounmpo,30,MIL,PF,23,23,810,294,479,.614,3,17,.176,291,462,.630,.617,161,262,.615,46,218,264,141,14,36,77,54,752,3,,2024-2025
De'Aaron Fox,27,SAC,PG,28,28,1042,270,562,.480,57,175,.326,213,387,.550,.531,136,169,.805,31,109,140,171,47,8,98,75,733,0,,2024-2025
Anthony Davis,31,LAL,C,26,26,918,259,491,.527,18,60,.300,241,431,.559,.546,180,229,.786,69,234,303,87,34,56,57,52,716,0,,2024-2025
Jayson Tatum,26,BOS,PF,25,25,911,232,512,.453,94,262,.359,138,250,.552,.545,149,186,.801,13,213,226,138,30,12,69,65,707,0,,2024-2025
Nikola Jokić,29,DEN,C,22,22,819,260,461,.564,49,98,.500,211,363,.581,.617,114,142,.803,79,206,285,216,39,15,84,45,683,10,,2024-2025
Anthony Edwards,23,MIN,SG,26,26,931,237,523,.453,111,262,.424,126,261,.483,.559,88,109,.807,16,124,140,103,36,16,80,50,673,0,,2024-2025
Jalen Brunson,28,NYK,PG,27,27,925,224,462,.485,72,167,.431,152,295,.515,.563,143,174,.822,12,68,80,207,18,2,65,59,663,0,,2024-2025
Devin Booker,28,PHO,SG,26,26,951,207,472,.439,69,200,.345,138,272,.507,.512,169,188,.899,30,65,95,166,29,9,59,57,652,0,,2024-2025
Karl-Anthony Towns,29,NYK,C,25,25,862,220,411,.535,59,128,.461,161,283,.569,.607,127,151,.841,74,280,354,85,23,25,65,85,626,0,,2024-2025
Franz Wagner,23,ORL,SF,25,25,829,220,473,.465,51,159,.321,169,314,.538,.519,119,135,.881,23,117,140,142,43,12,61,58,610,0,,2024-2025
LaMelo Ball,23,CHO,PG,20,20,673,209,496,.421,90,262,.344,119,234,.509,.512,100,119,.840,18,88,106,149,28,4,85,79,608,0,,2024-2025
Donovan Mitchell,28,CLE,SG,26,26,830,217,484,.448,97,240,.404,120,244,.492,.549,76,95,.800,14,109,123,116,42,8,55,58,607,0,,2024-2025
James Harden,35,LAC,PG,27,27,912,171,436,.392,79,223,.354,92,213,.432,.483,178,199,.894,15,157,172,224,42,17,124,52,599,1,,2024-2025
Trae Young,26,ATL,PG,27,27,976,178,456,.390,71,222,.320,107,234,.457,.468,155,176,.881,17,88,105,330,36,4,124,58,582,0,,2024-2025
Tyler Herro,25,MIA,SG,24,24,837,201,422,.476,100,242,.413,101,180,.561,.595,77,88,.875,7,119,126,116,18,2,60,39,579,0,,2024-2025
Luka Dončić,25,DAL,PG,20,20,739,201,438,.459,71,200,.355,130,238,.546,.540,105,137,.766,14,157,171,163,42,9,69,55,578,3,,2024-2025
Cade Cunningham,23,DET,PG,24,24,870,217,475,.457,59,153,.386,158,322,.491,.519,80,102,.784,26,150,176,230,20,22,109,66,573,6,,2024-2025
Kyrie Irving,32,DAL,SG,24,24,848,213,423,.504,74,158,.468,139,265,.525,.591,73,83,.880,27,86,113,128,29,6,52,54,573,0,,2024-2025
Jaren Jackson Jr.,25,MEM,C,26,26,726,202,390,.518,48,131,.366,154,259,.595,.579,114,139,.820,34,118,152,38,39,45,51,84,566,0,,2024-2025
LeBron James,40,LAL,SF,25,25,874,216,444,.486,51,141,.362,165,303,.545,.544,83,111,.748,25,173,198,225,17,16,101,31,566,7,,2024-2025
Damian Lillard,34,MIL,PG,22,22,800,174,387,.450,76,205,.371,98,182,.538,.548,142,155,.916,12,87,99,166,23,4,66,42,566,0,,2024-2025
RJ Barrett,24,TOR,SG,24,24,824,207,455,.455,48,137,.350,159,318,.500,.508,103,142,.725,22,140,162,147,18,11,83,62,565,2,,2024-2025
Nikola Vučević,34,CHI,C,27,27,858,226,382,.592,59,123,.480,167,259,.645,.669,54,63,.857,52,211,263,88,20,22,48,64,565,0,,2024-2025
Pascal Siakam,30,IND,PF,28,28,967,215,409,.526,52,122,.426,163,287,.568,.589,81,103,.786,49,146,195,97,26,9,41,81,563,0,,2024-2025
Domantas Sabonis,28,SAC,C,26,26,938,214,342,.626,27,61,.443,187,281,.665,.665,101,124,.815,86,253,339,160,21,12,79,91,556,4,,2024-2025
Jalen Williams,23,OKC,SG,26,26,838,217,439,.494,51,135,.378,166,304,.546,.552,69,85,.812,23,130,153,132,50,20,59,70,554,0,,2024-2025
Victor Wembanyama,21,SAS,C,22,22,716,194,407,.477,69,201,.343,125,206,.607,.561,81,93,.871,42,180,222,86,26,77,80,47,538,1,,2024-2025
Zach LaVine,29,CHI,SF,24,24,800,192,380,.505,80,184,.435,112,196,.571,.611,72,89,.809,5,102,107,100,20,6,68,43,536,0,,2024-2025
Darius Garland,25,CLE,PG,26,26,785,188,388,.485,74,177,.418,114,211,.540,.580,77,82,.939,12,51,63,169,26,7,64,62,527,0,,2024-2025
Jalen Green,22,HOU,SG,27,27,879,179,442,.405,67,211,.318,112,231,.485,.481,102,117,.872,14,112,126,71,30,8,74,48,527,0,,2024-2025
Julius Randle,30,MIN,PF,26,26,855,180,373,.483,44,123,.358,136,250,.544,.542,122,149,.819,46,128,174,102,21,4,71,67,526,0,,2024-2025
Jaylen Brown,28,BOS,SF,22,22,778,182,414,.440,53,159,.333,129,255,.506,.504,102,136,.750,30,99,129,101,26,8,59,54,519,0,,2024-2025
Jalen Johnson,23,ATL,SF,26,26,955,203,405,.501,39,114,.342,164,291,.564,.549,68,91,.747,44,218,262,141,36,30,85,51,513,1,,2024-2025
Alperen Sengun,22,HOU,C,27,27,842,198,412,.481,10,40,.250,188,372,.505,.493,101,132,.765,90,195,285,142,32,27,60,74,507,3,,2024-2025
DeMar DeRozan,35,SAC,SF,23,23,816,185,380,.487,15,49,.306,170,331,.514,.507,121,141,.858,11,79,90,92,36,11,38,46,506,0,,2024-2025
Tyrese Haliburton,24,IND,PG,28,28,990,172,403,.427,86,243,.354,86,160,.538,.533,73,87,.839,20,75,95,243,36,18,57,44,503,0,,2024-2025
Cameron Johnson,28,BRK,PF,26,26,848,162,331,.489,85,197,.431,77,134,.575,.618,90,103,.874,19,97,116,80,21,14,29,50,499,0,,2024-2025
Norman Powell,31,LAC,SG,21,21,682,174,346,.503,81,167,.485,93,179,.520,.620,69,82,.841,6,62,68,55,24,3,42,41,498,0,,2024-2025
Bennedict Mathurin,22,IND,SG,28,23,921,161,346,.465,42,113,.372,119,233,.511,.526,117,137,.854,34,139,173,49,22,10,60,70,481,0,,2024-2025
Brandon Miller,22,CHO,SF,22,22,757,165,406,.406,85,241,.353,80,165,.485,.511,59,66,.894,21,93,114,76,24,17,64,60,474,0,,2024-2025
Jordan Poole,25,WAS,SG,23,23,712,155,356,.435,74,186,.398,81,170,.476,.539,89,104,.856,6,49,55,117,39,11,80,81,473,0,,2024-2025
Mikal Bridges,28,NYK,SF,27,27,1034,196,397,.494,63,182,.346,133,215,.619,.573,16,24,.667,26,71,97,90,28,14,42,37,471,0,,2024-2025
Coby White,24,CHI,SG,26,26,850,154,369,.417,82,226,.363,72,143,.503,.528,75,86,.872,10,84,94,118,30,5,61,66,465,0,,2024-2025
Stephen Curry,36,GSW,PG,21,21,643,151,341,.443,85,208,.409,66,133,.496,.567,74,80,.925,10,96,106,134,27,10,66,20,461,0,,2024-2025
Michael Porter Jr.,26,DEN,SF,25,25,877,180,351,.513,58,150,.387,122,201,.607,.595,43,63,.683,39,138,177,71,22,9,33,54,461,0,,2024-2025
Evan Mobley,23,CLE,PF,25,25,759,176,312,.564,23,56,.411,153,256,.598,.601,84,104,.808,55,168,223,66,27,37,54,53,459,0,,2024-2025
Malik Beasley,28,DET,SG,28,8,803,161,374,.430,106,258,.411,55,116,.474,.572,30,42,.714,16,70,86,57,20,2,30,36,458,0,,2024-2025
Tyrese Maxey,24,PHI,PG,18,18,664,157,383,.410,53,167,.317,104,216,.481,.479,84,101,.832,4,62,66,90,37,6,41,47,451,1,,2024-2025
Derrick White,30,BOS,SG,26,26,898,153,339,.451,95,241,.394,58,98,.592,.591,50,59,.847,30,97,127,126,28,29,37,56,451,0,,2024-2025
OG Anunoby,27,NYK,PF,27,27,987,169,357,.473,57,162,.352,112,195,.574,.553,55,68,.809,29,105,134,55,42,31,35,67,450,0,,2024-2025
Jalen Suggs,23,ORL,PG,28,28,839,156,385,.405,62,200,.310,94,185,.508,.486,75,82,.915,19,98,117,110,43,29,80,77,449,0,,2024-2025
John Collins,27,UTA,PF,25,16,744,163,308,.529,36,82,.439,127,226,.562,.588,85,95,.895,56,147,203,63,28,22,62,73,447,0,,2024-2025
Payton Pritchard,27,BOS,PG,27,0,776,150,311,.482,105,242,.434,45,69,.652,.651,37,44,.841,35,65,100,88,26,3,29,45,442,0,,2024-2025
Collin Sexton,26,UTA,SG,26,24,724,151,311,.486,47,107,.439,104,204,.510,.561,88,99,.889,20,47,67,85,18,3,68,59,437,0,,2024-2025
Jaden Ivey,22,DET,SG,25,25,759,153,351,.436,47,128,.367,106,223,.475,.503,79,108,.731,32,71,103,104,24,10,75,61,432,0,,2024-2025
Dennis Schröder,31,2TM,PG,24,24,794,149,337,.442,58,154,.377,91,183,.497,.528,73,83,.880,4,66,70,157,26,4,63,58,429,0,,2024-2025
Dennis Schröder,31,BRK,PG,23,23,772,147,325,.452,58,150,.387,89,175,.509,.542,72,81,.889,4,64,68,152,26,4,59,56,424,0,,2024-2025
Dennis Schröder,31,GSW,PG,1,1,22,2,12,.167,0,4,.000,2,8,.250,.167,1,2,.500,0,2,2,5,0,0,4,2,5,0,,2024-2025
Gradey Dick,21,TOR,SG,23,23,746,142,341,.416,60,172,.349,82,169,.485,.504,81,91,.890,17,62,79,45,19,6,38,53,425,0,,2024-2025
Anfernee Simons,25,POR,SG,24,24,744,148,354,.418,61,184,.332,87,170,.512,.504,67,74,.905,7,55,62,115,21,2,55,45,424,0,,2024-2025
Kevin Durant,36,PHO,PF,16,16,572,152,291,.522,41,98,.418,111,193,.575,.593,77,95,.811,3,104,107,61,10,20,50,26,422,0,,2024-2025
Ivica Zubac,27,LAC,C,28,28,902,189,310,.610,0,0,,189,310,.610,.610,44,82,.537,108,236,344,71,17,28,54,57,422,0,,2024-2025
Cam Thomas,23,BRK,SG,17,17,568,137,297,.461,49,126,.389,88,171,.515,.544,97,112,.866,6,49,55,57,12,1,48,34,420,0,,2024-2025
Keyonte George,21,UTA,PG,25,25,791,135,343,.394,68,195,.349,67,148,.453,.493,67,83,.807,12,72,84,143,18,5,83,45,405,0,,2024-2025
Jakob Poeltl,29,TOR,C,26,25,835,172,292,.589,0,2,.000,172,290,.593,.589,60,88,.682,102,185,287,71,29,32,56,92,404,0,,2024-2025
Brandon Ingram,27,NOP,SF,18,18,595,155,333,.465,43,115,.374,112,218,.514,.530,47,55,.855,17,83,100,93,16,11,69,45,400,0,,2024-2025
Jerami Grant,30,POR,PF,25,25,825,131,336,.390,64,169,.379,67,167,.401,.485,73,89,.820,13,79,92,60,25,25,36,59,399,0,,2024-2025
Lauri Markkanen,27,UTA,PF,21,21,667,122,270,.452,55,143,.385,67,127,.528,.554,99,112,.884,36,102,138,46,15,3,31,35,398,0,,2024-2025
Myles Turner,28,IND,C,26,26,821,139,294,.473,54,132,.409,85,162,.525,.565,59,80,.738,31,150,181,42,22,54,63,82,391,0,,2024-2025
Andrew Wiggins,29,GSW,SF,22,22,627,133,283,.470,53,117,.453,80,166,.482,.564,72,93,.774,33,59,92,50,20,15,25,38,391,0,,2024-2025
Bam Adebayo,27,MIA,C,24,24,840,148,334,.443,23,69,.333,125,265,.472,.478,69,95,.726,61,185,246,122,35,18,44,48,388,1,,2024-2025
Moritz Wagner,27,ORL,C,29,1,563,140,249,.562,27,75,.360,113,174,.649,.616,79,110,.718,40,108,148,42,24,12,48,55,386,0,,2024-2025
Austin Reaves,26,LAL,SG,22,22,741,129,295,.437,59,164,.360,70,131,.534,.537,63,78,.808,17,64,81,110,24,4,47,50,380,0,,2024-2025
Fred VanVleet,30,HOU,PG,25,25,885,133,353,.377,59,195,.303,74,158,.468,.460,55,68,.809,16,89,105,152,37,12,34,59,380,0,,2024-2025
Santi Aldama,24,MEM,PF,28,11,741,149,290,.514,49,126,.389,100,164,.610,.598,31,40,.775,45,165,210,85,26,15,35,30,378,0,,2024-2025
Jamal Murray,27,DEN,PG,20,20,721,136,318,.428,42,118,.356,94,200,.470,.494,60,74,.811,9,69,78,125,30,12,40,36,374,0,,2024-2025
Jimmy Butler,35,MIA,PF,19,19,619,122,221,.552,10,28,.357,112,193,.580,.575,115,147,.782,51,64,115,95,25,8,26,20,369,1,,2024-2025
Jarrett Allen,26,CLE,C,27,27,802,148,213,.695,0,1,.000,148,212,.698,.695,71,97,.732,63,215,278,51,26,23,28,33,367,0,,2024-2025
Josh Hart,29,NYK,SG,26,26,957,142,239,.594,36,89,.404,106,150,.707,.669,46,56,.821,40,173,213,143,38,9,47,61,366,2,,2024-2025
Buddy Hield,32,GSW,SG,26,5,621,130,287,.453,82,194,.423,48,93,.516,.596,24,26,.923,15,74,89,35,24,8,33,51,366,0,,2024-2025
Jonathan Kuminga,22,GSW,PF,24,10,607,139,315,.441,28,89,.315,111,226,.491,.486,60,101,.594,29,76,105,47,23,14,38,50,366,0,,2024-2025
Ayo Dosunmu,25,CHI,SG,28,15,858,142,284,.500,39,116,.336,103,168,.613,.569,42,52,.808,17,93,110,128,21,14,35,65,365,1,,2024-2025
Ja Morant,25,MEM,PG,17,17,475,122,272,.449,25,81,.309,97,191,.508,.494,92,111,.829,13,65,78,138,20,7,63,30,361,1,,2024-2025
Christian Braun,23,DEN,SG,24,24,822,136,241,.564,26,64,.406,110,177,.621,.618,61,78,.782,27,91,118,43,31,16,32,54,359,0,,2024-2025
Dillon Brooks,29,HOU,SF,27,27,849,132,309,.427,61,157,.389,71,152,.467,.526,30,36,.833,34,71,105,43,17,8,26,91,355,0,,2024-2025
Tobias Harris,32,DET,PF,26,26,837,134,305,.439,38,114,.333,96,191,.503,.502,49,58,.845,28,152,180,62,21,23,32,51,355,0,,2024-2025
Jared McCain,20,PHI,SG,23,8,592,126,274,.460,51,133,.383,75,141,.532,.553,49,56,.875,13,43,56,60,15,0,37,37,352,0,,2024-2025
Julian Champagnie,23,SAS,SF,27,26,797,117,274,.427,70,197,.355,47,77,.610,.555,36,40,.900,23,115,138,40,24,16,28,43,340,0,,2024-2025
Malik Monk,26,SAC,SG,21,8,616,122,268,.455,51,137,.372,71,131,.542,.550,45,53,.849,4,71,75,104,17,12,32,49,340,0,,2024-2025
Deni Avdija,24,POR,SF,27,12,713,111,251,.442,39,106,.368,72,145,.497,.520,77,97,.794,33,121,154,82,25,20,55,55,338,0,,2024-2025
Dyson Daniels,21,ATL,SG,26,26,877,142,318,.447,29,98,.296,113,220,.514,.492,25,41,.610,44,89,133,87,75,23,48,72,338,0,,2024-2025
De'Andre Hunter,27,ATL,SF,17,2,483,111,232,.478,48,106,.453,63,126,.500,.582,66,76,.868,11,59,70,22,13,2,22,43,336,0,,2024-2025
Keegan Murray,24,SAC,PF,27,27,979,130,305,.426,45,148,.304,85,157,.541,.500,27,32,.844,64,143,207,40,20,23,27,81,332,0,,2024-2025
Klay Thompson,34,DAL,SF,23,23,638,118,284,.415,70,183,.383,48,101,.475,.539,24,27,.889,17,65,82,43,17,8,27,30,330,0,,2024-2025
Ochai Agbaji,24,TOR,SG,28,26,867,131,248,.528,51,114,.447,80,134,.597,.631,16,24,.667,26,90,116,53,27,15,23,67,329,0,,2024-2025
Shaedon Sharpe,21,POR,SG,19,17,582,118,272,.434,32,119,.269,86,153,.562,.493,60,74,.811,15,53,68,49,14,4,34,32,328,0,,2024-2025
Tyus Jones,28,PHO,PG,26,26,831,124,255,.486,61,142,.430,63,113,.558,.606,17,20,.850,15,53,68,179,27,3,28,29,326,0,,2024-2025
D'Angelo Russell,28,LAL,PG,26,10,689,117,283,.413,51,153,.333,66,130,.508,.504,40,47,.851,8,66,74,122,23,4,46,49,325,0,,2024-2025
Josh Giddey,22,CHI,PG,27,27,732,122,270,.452,33,101,.327,89,169,.527,.513,44,62,.710,33,140,173,187,26,12,73,41,321,1,,2024-2025
Jaylen Wells,21,MEM,SG,28,23,683,116,250,.464,51,127,.402,65,123,.528,.566,38,47,.809,26,66,92,47,12,5,34,50,321,0,,2024-2025
Jabari Smith Jr.,21,HOU,PF,27,27,829,112,255,.439,48,132,.364,64,123,.520,.533,48,56,.857,47,131,178,30,9,25,19,65,320,0,,2024-2025
Amen Thompson,22,HOU,SF,27,2,728,121,219,.553,9,31,.290,112,188,.596,.573,68,98,.694,60,125,185,57,31,26,49,66,319,0,,2024-2025
Kelly Oubre Jr.,29,PHI,SF,24,21,765,121,267,.453,32,104,.308,89,163,.546,.513,40,54,.741,40,99,139,37,30,12,34,71,314,0,,2024-2025
Bobby Portis,29,MIL,PF,24,1,578,132,276,.478,29,79,.367,103,197,.523,.531,21,29,.724,43,141,184,40,13,15,28,36,314,0,,2024-2025
CJ McCollum,33,NOP,PG,15,15,504,122,280,.436,40,123,.325,82,157,.522,.507,29,42,.690,11,46,57,58,18,6,26,38,313,0,,2024-2025
Daniel Gafford,26,DAL,C,26,12,531,132,183,.721,0,0,,132,183,.721,.721,48,72,.667,71,96,167,33,13,30,26,65,312,0,,2024-2025
Bilal Coulibaly,20,WAS,SF,24,24,837,111,254,.437,28,91,.308,83,163,.509,.492,58,73,.795,35,96,131,81,35,18,50,62,308,0,,2024-2025
Naz Reid,25,MIN,C,26,0,636,111,251,.442,44,127,.346,67,124,.540,.530,42,48,.875,16,119,135,42,19,21,31,59,308,0,,2024-2025
Scottie Barnes,23,TOR,PF,15,15,501,111,241,.461,28,90,.311,83,151,.550,.519,54,74,.730,29,92,121,110,18,12,53,31,304,1,,2024-2025
T.J. McConnell,32,IND,PG,27,0,534,138,244,.566,3,14,.214,135,230,.587,.572,25,33,.758,16,52,68,114,35,8,43,30,304,0,,2024-2025
Brandon Boston Jr.,23,NOP,SG,25,10,686,113,260,.435,34,99,.343,79,161,.491,.500,43,52,.827,17,73,90,80,38,6,37,45,303,0,,2024-2025
Keldon Johnson,25,SAS,SF,24,0,613,112,248,.452,27,93,.290,85,155,.548,.506,51,67,.761,28,100,128,41,20,5,20,41,302,0,,2024-2025
Zaccharie Risacher,19,ATL,SF,28,26,662,112,284,.394,33,121,.273,79,163,.485,.452,45,66,.682,32,62,94,32,24,19,30,58,302,0,,2024-2025
Stephon Castle,20,SAS,PG,26,17,702,104,277,.375,29,108,.269,75,169,.444,.428,63,86,.733,19,47,66,100,23,10,49,43,300,0,,2024-2025
Harrison Barnes,32,SAS,PF,27,27,771,98,204,.480,40,94,.426,58,110,.527,.578,61,76,.803,43,68,111,45,8,5,19,23,297,0,,2024-2025
Jrue Holiday,34,BOS,PG,24,24,734,106,242,.438,43,133,.323,63,109,.578,.527,40,45,.889,26,72,98,95,18,9,34,33,295,0,,2024-2025
Jonas Valančiūnas,32,WAS,C,25,6,489,118,212,.557,2,13,.154,116,199,.583,.561,56,61,.918,56,135,191,56,8,20,44,41,294,0,,2024-2025
Obi Toppin,26,IND,PF,27,0,551,113,206,.549,36,100,.360,77,106,.726,.636,29,33,.879,20,92,112,49,21,11,18,43,291,0,,2024-2025
Russell Westbrook,36,DEN,PG,25,6,637,103,247,.417,30,90,.333,73,157,.465,.478,55,88,.625,22,80,102,162,41,16,63,63,291,1,,2024-2025
Desmond Bane,26,MEM,SG,20,19,561,109,243,.449,36,109,.330,73,134,.545,.523,35,42,.833,17,100,117,91,19,10,44,52,289,0,,2024-2025
Royce O'Neale,31,PHO,SF,26,7,682,102,221,.462,68,147,.463,34,74,.459,.615,16,21,.762,29,125,154,58,23,15,26,60,288,0,,2024-2025
Amir Coffey,27,LAC,SG,27,8,664,102,203,.502,46,106,.434,56,97,.577,.616,35,43,.814,16,54,70,35,16,2,19,43,285,0,,2024-2025
Scotty Pippen Jr.,24,MEM,PG,28,10,624,110,236,.466,26,80,.325,84,156,.538,.521,39,57,.684,16,81,97,143,28,10,56,69,285,1,,2024-2025
Bradley Beal,31,PHO,SG,16,16,533,108,216,.500,33,90,.367,75,126,.595,.576,34,42,.810,11,54,65,49,17,12,37,46,283,0,,2024-2025
Onyeka Okongwu,24,ATL,C,25,0,594,110,203,.542,10,41,.244,100,162,.617,.567,53,68,.779,63,103,166,35,17,17,21,55,283,0,,2024-2025
Clint Capela,30,ATL,C,28,28,643,126,217,.581,0,0,,126,217,.581,.581,29,54,.537,102,161,263,36,17,29,23,58,281,0,,2024-2025
Brook Lopez,36,MIL,C,25,25,817,106,223,.475,45,126,.357,61,97,.629,.576,24,34,.706,30,93,123,39,26,53,29,62,281,0,,2024-2025
Trey Murphy III,24,NOP,SF,15,13,511,95,221,.430,42,122,.344,53,99,.535,.525,49,56,.875,12,54,66,35,17,10,25,34,281,0,,2024-2025
Dalton Knecht,23,LAL,SF,27,12,624,104,224,.464,50,135,.370,54,89,.607,.576,20,28,.714,17,81,98,29,13,1,16,40,278,0,,2024-2025
Ty Jerome,27,CLE,SG,26,2,467,101,188,.537,34,76,.447,67,112,.598,.628,41,45,.911,14,39,53,90,33,1,32,40,277,0,,2024-2025
Tari Eason,23,HOU,PF,24,0,546,105,221,.475,23,73,.315,82,148,.554,.527,37,49,.755,51,100,151,25,46,24,20,59,270,0,,2024-2025
Rudy Gobert,32,MIN,C,26,26,883,101,159,.635,0,0,,101,159,.635,.635,66,89,.742,85,194,279,50,20,36,41,72,268,0,,2024-2025
P.J. Washington,26,DAL,PF,21,20,688,97,215,.451,32,83,.386,65,132,.492,.526,42,56,.750,32,139,171,48,28,25,35,43,268,0,,2024-2025
Rui Hachimura,26,LAL,PF,22,22,730,99,207,.478,32,74,.432,67,133,.504,.556,37,46,.804,39,81,120,38,22,14,22,45,267,0,,2024-2025
Jaden McDaniels,24,MIN,PF,26,26,779,105,236,.445,33,101,.327,72,135,.533,.515,22,31,.710,32,79,111,46,35,21,27,75,265,0,,2024-2025
Chris Paul,39,SAS,PG,27,27,766,89,205,.434,48,132,.364,41,73,.562,.551,36,36,1.000,15,96,111,226,41,6,52,50,262,0,,2024-2025
Derrick Jones Jr.,27,LAC,SF,26,26,645,100,198,.505,32,74,.432,68,124,.548,.586,27,31,.871,30,55,85,24,33,7,27,55,259,0,,2024-2025
Naji Marshall,27,DAL,SF,22,7,535,104,194,.536,18,59,.305,86,135,.637,.582,33,38,.868,24,52,76,51,21,2,32,33,259,0,,2024-2025
Luguentz Dort,25,OKC,SF,26,26,763,87,214,.407,56,143,.392,31,71,.437,.537,28,35,.800,39,85,124,46,33,22,16,81,258,0,,2024-2025
Caris LeVert,30,CLE,SF,21,0,512,89,168,.530,39,80,.488,50,88,.568,.646,41,60,.683,11,50,61,88,20,11,28,28,258,0,,2024-2025
Terry Rozier,30,MIA,PG,22,12,631,90,226,.398,41,117,.350,49,109,.450,.489,37,41,.902,16,70,86,68,14,8,34,33,258,0,,2024-2025
Alex Sarr,19,WAS,C,23,23,623,98,250,.392,29,104,.279,69,146,.473,.450,33,52,.635,48,100,148,48,16,43,35,65,258,0,,2024-2025
Deandre Ayton,26,POR,C,18,18,548,119,216,.551,5,19,.263,114,197,.579,.563,14,23,.609,52,131,183,25,16,17,32,43,257,0,,2024-2025
Duncan Robinson,30,MIA,SF,23,12,520,92,218,.422,57,148,.385,35,70,.500,.553,15,18,.833,8,43,51,51,12,3,22,49,256,0,,2024-2025
Nickeil Alexander-Walker,26,MIN,SG,26,2,618,92,182,.505,43,99,.434,49,83,.590,.624,26,34,.765,17,53,70,64,24,9,36,42,253,0,,2024-2025
Anthony Black,21,ORL,PG,29,1,706,89,211,.422,19,72,.264,70,139,.504,.467,54,75,.720,15,64,79,109,28,22,64,62,251,0,,2024-2025
Toumani Camara,24,POR,PF,27,27,826,93,217,.429,43,116,.371,50,101,.495,.528,22,30,.733,58,83,141,55,39,13,42,79,251,0,,2024-2025
Yves Missi,20,NOP,C,27,21,701,100,181,.552,0,0,,100,181,.552,.552,51,79,.646,104,128,232,33,18,32,29,59,251,0,,2024-2025
Jay Huff,26,MEM,C,27,1,410,86,167,.515,44,107,.411,42,60,.700,.647,31,41,.756,17,58,75,22,8,32,17,47,247,0,,2024-2025
Tim Hardaway Jr.,32,DET,SG,25,25,694,81,200,.405,47,136,.346,34,64,.531,.523,36,42,.857,5,47,52,39,9,0,17,34,245,0,,2024-2025
Chris Boucher,32,TOR,PF,25,0,452,88,196,.449,25,94,.266,63,102,.618,.513,42,56,.750,35,81,116,15,13,19,16,35,243,0,,2024-2025
Jordan Clarkson,32,UTA,SG,16,2,405,83,206,.403,30,95,.316,53,111,.477,.476,45,56,.804,10,43,53,61,14,3,39,24,241,0,,2024-2025
Paul George,34,PHI,PF,14,14,442,87,199,.437,32,91,.352,55,108,.509,.518,34,43,.791,9,65,74,72,26,7,39,32,240,0,,2024-2025
Kevin Porter Jr.,24,LAC,SG,25,1,499,97,235,.413,15,65,.231,82,170,.482,.445,30,47,.638,17,74,91,74,25,7,55,39,239,0,,2024-2025
Grayson Allen,29,PHO,SG,22,1,531,74,182,.407,50,132,.379,24,50,.480,.544,40,48,.833,15,56,71,40,19,7,23,33,238,0,,2024-2025
Jake LaRavia,23,MEM,PF,28,0,642,83,168,.494,26,62,.419,57,106,.538,.571,46,64,.719,38,89,127,95,25,18,43,62,238,0,,2024-2025
Georges Niang,31,CLE,PF,27,1,561,91,191,.476,45,124,.363,46,67,.687,.594,11,14,.786,21,89,110,34,9,5,28,61,238,0,,2024-2025
Dalano Banton,25,POR,PG,24,0,400,84,199,.422,31,85,.365,53,114,.465,.500,36,54,.667,9,46,55,63,22,13,40,27,235,0,,2024-2025
Kevin Huerter,26,SAC,SG,24,15,614,89,206,.432,44,139,.317,45,67,.672,.539,13,19,.684,9,75,84,49,25,12,26,55,235,0,,2024-2025
Cody Martin,29,CHO,SF,27,5,709,89,200,.445,33,101,.327,56,99,.566,.528,24,35,.686,29,97,126,60,31,19,29,53,235,0,,2024-2025
Miles McBride,24,NYK,PG,22,0,558,83,185,.449,47,111,.423,36,74,.486,.576,22,26,.846,14,44,58,66,19,5,22,36,235,0,,2024-2025
Jalen Wilson,24,BRK,PF,26,6,661,78,193,.404,37,110,.336,41,83,.494,.500,42,50,.840,26,61,87,46,14,1,23,59,235,0,,2024-2025
Aaron Wiggins,26,OKC,SG,26,8,529,90,200,.450,37,92,.402,53,108,.491,.543,15,19,.789,24,63,87,38,24,8,21,35,232,0,,2024-2025
Miles Bridges,26,CHO,PF,14,14,416,84,197,.426,26,87,.299,58,110,.527,.492,36,43,.837,13,82,95,44,7,6,20,20,230,0,,2024-2025
Kentavious Caldwell-Pope,31,ORL,SG,28,28,852,79,200,.395,40,132,.303,39,68,.574,.495,31,35,.886,11,46,57,52,45,16,23,60,229,0,,2024-2025
Julian Strawther,22,DEN,SG,25,0,516,80,171,.468,34,86,.395,46,85,.541,.567,35,43,.814,7,45,52,35,18,10,22,63,229,0,,2024-2025
Peyton Watson,22,DEN,SF,25,12,607,82,166,.494,20,54,.370,62,112,.554,.554,42,55,.764,26,57,83,30,21,22,20,53,226,0,,2024-2025
Donte DiVincenzo,28,MIN,SG,26,2,644,77,213,.362,54,166,.325,23,47,.489,.488,14,18,.778,9,74,83,89,31,6,43,39,222,0,,2024-2025
Jalen Duren,21,DET,C,25,25,608,91,133,.684,0,0,,91,133,.684,.684,39,67,.582,77,151,228,58,12,30,51,81,221,0,,2024-2025
Guerschon Yabusele,29,PHI,PF,24,10,571,80,168,.476,34,91,.374,46,77,.597,.577,27,44,.614,40,88,128,44,15,10,31,62,221,0,,2024-2025
Quentin Grimes,24,DAL,SG,25,9,515,75,160,.469,38,93,.409,37,67,.552,.588,32,45,.711,14,75,89,37,19,5,30,44,220,0,,2024-2025
Corey Kispert,25,WAS,SF,20,0,544,81,192,.422,38,117,.325,43,75,.573,.521,20,24,.833,7,62,69,30,12,4,23,33,220,0,,2024-2025
Goga Bitadze,25,ORL,C,24,21,568,92,145,.634,0,12,.000,92,133,.692,.634,35,45,.778,69,119,188,47,18,38,35,60,219,0,,2024-2025
Carlton Carrington,19,WAS,PG,25,17,732,81,211,.384,36,112,.321,45,99,.455,.469,20,25,.800,10,104,114,99,23,7,49,78,218,0,,2024-2025
Walker Kessler,23,UTA,C,20,20,587,94,131,.718,2,2,1.000,92,129,.713,.725,28,48,.583,79,133,212,31,9,57,29,42,218,0,,2024-2025
Draymond Green,34,GSW,PF,24,22,677,72,167,.431,35,89,.393,37,78,.474,.536,34,53,.642,22,121,143,135,24,22,61,79,213,0,,2024-2025
Scoot Henderson,20,POR,PG,20,3,513,76,196,.388,18,66,.273,58,130,.446,.434,43,55,.782,14,41,55,100,18,4,56,51,213,0,,2024-2025
Isaiah Joe,25,OKC,SG,24,9,509,74,179,.413,53,140,.379,21,39,.538,.561,10,13,.769,12,53,65,38,16,6,12,40,211,0,,2024-2025
Jeremy Sochan,21,SAS,PF,14,11,409,84,159,.528,5,23,.217,79,136,.581,.544,38,55,.691,42,76,118,39,16,10,27,37,211,0,,2024-2025
Spencer Dinwiddie,31,DAL,PG,25,1,551,61,155,.394,32,91,.352,29,64,.453,.497,53,62,.855,5,42,47,81,19,7,21,37,207,0,,2024-2025
Dorian Finney-Smith,31,BRK,PF,19,19,552,72,152,.474,47,104,.452,25,48,.521,.628,15,23,.652,29,53,82,31,18,12,17,53,206,0,,2024-2025
Brandin Podziemski,21,GSW,SG,25,8,613,80,202,.396,24,93,.258,56,109,.514,.455,22,30,.733,26,89,115,87,21,7,29,41,206,0,,2024-2025
Gary Trent Jr.,26,MIL,SG,23,7,593,69,171,.404,45,116,.388,24,55,.436,.535,22,25,.880,3,42,45,22,20,0,12,52,205,0,,2024-2025
Brandon Clarke,28,MEM,PF,27,17,505,95,155,.613,1,16,.063,94,139,.676,.616,13,22,.591,46,94,140,28,21,12,14,55,204,0,,2024-2025
Nic Claxton,25,BRK,C,21,13,516,89,143,.622,1,4,.250,88,139,.633,.626,20,43,.465,41,115,156,45,15,25,24,50,199,0,,2024-2025
Tristan Da Silva,23,ORL,SF,25,18,593,76,182,.418,30,89,.337,46,93,.495,.500,17,24,.708,26,63,89,36,9,4,19,38,199,0,,2024-2025
Devin Vassell,24,SAS,SG,12,1,309,74,154,.481,31,72,.431,43,82,.524,.581,20,25,.800,6,21,27,32,12,4,20,24,199,0,,2024-2025
Aaron Gordon,29,DEN,PF,14,13,412,68,129,.527,18,42,.429,50,87,.575,.597,43,55,.782,26,59,85,46,6,3,21,24,197,0,,2024-2025
Jalen Smith,24,CHI,C,25,1,384,67,147,.456,30,82,.366,37,65,.569,.558,33,42,.786,36,98,134,19,9,20,15,40,197,0,,2024-2025
Dereck Lively II,20,DAL,C,22,15,529,80,114,.702,0,0,,80,114,.702,.702,36,59,.610,65,104,169,53,12,36,28,64,196,0,,2024-2025
Taurean Prince,30,MIL,SF,25,25,664,69,144,.479,47,91,.516,22,53,.415,.642,11,13,.846,16,88,104,44,21,5,28,51,196,0,,2024-2025
A.J. Green,25,MIL,SG,24,3,507,65,136,.478,59,124,.476,6,12,.500,.695,5,6,.833,4,47,51,23,12,2,17,51,194,0,,2024-2025
Josh Green,24,CHO,SG,25,24,692,69,163,.423,37,88,.420,32,75,.427,.537,15,25,.600,25,39,64,41,23,9,22,75,190,0,,2024-2025
Kyle Kuzma,29,WAS,PF,12,12,330,76,181,.420,16,58,.276,60,123,.488,.464,22,32,.688,8,59,67,23,5,3,29,23,190,0,,2024-2025
Kris Dunn,30,LAC,PG,28,17,635,77,174,.443,28,86,.326,49,88,.557,.523,5,10,.500,19,79,98,76,48,7,29,73,187,0,,2024-2025
Mike Conley,37,MIN,PG,22,22,559,57,166,.343,42,115,.365,15,51,.294,.470,30,33,.909,12,53,65,101,32,6,30,35,186,0,,2024-2025
Trayce Jackson-Davis,24,GSW,C,25,18,422,80,132,.606,0,1,.000,80,131,.611,.606,23,38,.605,42,79,121,50,7,17,19,30,183,0,,2024-2025
Tre Mann,23,CHO,PG,13,0,319,70,161,.435,24,60,.400,46,101,.455,.509,19,21,.905,12,26,38,39,7,4,25,24,183,0,,2024-2025
Sam Hauser,27,BOS,PF,21,2,471,66,151,.437,47,126,.373,19,25,.760,.593,2,2,1.000,18,56,74,22,18,5,8,25,181,0,,2024-2025
Davion Mitchell,26,TOR,PG,27,13,723,68,171,.398,24,82,.293,44,89,.494,.468,21,31,.677,14,47,61,136,22,7,53,78,181,0,,2024-2025
Ziaire Williams,23,BRK,SF,21,7,459,64,159,.403,18,66,.273,46,93,.495,.459,35,44,.795,22,70,92,24,20,7,19,56,181,0,,2024-2025
Dejounte Murray,28,NOP,PG,11,11,361,64,174,.368,17,59,.288,47,115,.409,.417,35,41,.854,4,66,70,76,22,6,46,27,180,0,,2024-2025
Jeremiah Robinson-Earl,24,NOP,PF,26,4,509,67,153,.438,21,65,.323,46,88,.523,.507,23,26,.885,53,74,127,30,19,3,22,35,178,0,,2024-2025
Cason Wallace,21,OKC,SG,26,15,688,73,173,.422,26,86,.302,47,87,.540,.497,6,7,.857,33,61,94,55,44,19,16,53,178,0,,2024-2025
Zach Edey,22,MEM,C,16,10,329,73,118,.619,7,12,.583,66,106,.623,.648,24,36,.667,55,60,115,16,13,17,27,53,177,0,,2024-2025
Ron Holland,19,DET,SF,28,1,453,69,148,.466,12,57,.211,57,91,.626,.507,27,34,.794,16,70,86,19,13,5,27,45,177,0,,2024-2025
Al Horford,38,BOS,C,20,18,554,65,141,.461,41,103,.398,24,38,.632,.606,6,6,1.000,19,87,106,46,14,19,19,33,177,0,,2024-2025
Jusuf Nurkić,30,PHO,C,19,19,475,61,135,.452,14,50,.280,47,85,.553,.504,41,60,.683,36,154,190,25,18,14,46,57,177,0,,2024-2025
Jaime Jaquez Jr.,23,MIA,SF,20,1,421,66,157,.420,10,40,.250,56,117,.479,.452,34,47,.723,27,69,96,46,20,2,29,32,176,0,,2024-2025
Caleb Martin,29,PHI,SF,20,15,582,60,148,.405,15,51,.294,45,97,.464,.456,39,58,.672,27,65,92,45,19,9,36,33,174,0,,2024-2025
Patrick Williams,23,CHI,PF,18,17,491,58,159,.365,32,87,.368,26,72,.361,.465,25,29,.862,18,65,83,38,16,10,31,26,173,0,,2024-2025
Moses Moody,22,GSW,SG,23,4,358,58,138,.420,30,82,.366,28,56,.500,.529,25,35,.714,10,33,43,20,6,6,18,26,171,0,,2024-2025
Keon Ellis,25,SAC,SG,26,4,545,54,116,.466,34,83,.410,20,33,.606,.612,27,32,.844,21,39,60,29,31,23,20,50,169,0,,2024-2025
Simone Fontecchio,29,DET,SF,26,0,475,53,133,.398,30,88,.341,23,45,.511,.511,31,38,.816,14,61,75,23,8,5,21,34,167,0,,2024-2025
Grant Williams,26,CHO,PF,16,7,479,54,123,.439,27,74,.365,27,49,.551,.549,31,37,.838,18,64,82,37,18,13,28,46,166,0,,2024-2025
Sam Merrill,28,CLE,SG,23,1,465,54,144,.375,42,126,.333,12,18,.667,.521,15,16,.938,8,35,43,41,14,5,10,47,165,0,,2024-2025
Andre Drummond,31,PHI,C,21,13,431,66,127,.520,1,8,.125,65,119,.546,.524,31,54,.574,64,116,180,11,29,9,37,51,164,0,,2024-2025
Chet Holmgren,22,OKC,C,10,10,265,56,111,.505,14,37,.378,42,74,.568,.568,38,49,.776,16,71,87,20,8,26,23,18,164,0,,2024-2025
Max Christie,21,LAL,SG,26,5,536,49,118,.415,18,56,.321,31,62,.500,.492,46,54,.852,21,40,61,32,21,10,20,38,162,0,,2024-2025
Talen Horton-Tucker,24,CHI,SG,22,0,264,59,112,.527,21,49,.429,38,63,.603,.621,23,35,.657,11,33,44,32,6,5,12,21,162,0,,2024-2025
Cameron Payne,30,NYK,PG,21,0,360,59,138,.428,35,84,.417,24,54,.444,.554,9,11,.818,7,31,38,67,13,8,10,43,162,0,,2024-2025
Isaiah Stewart,23,DET,C,27,3,579,64,116,.552,5,21,.238,59,95,.621,.573,29,33,.879,60,101,161,47,13,34,29,73,162,0,,2024-2025
Javonte Green,31,NOP,SG,26,12,591,56,130,.431,17,56,.304,39,74,.527,.496,32,43,.744,25,61,86,20,27,18,15,33,161,0,,2024-2025
Brice Sensabaugh,21,UTA,SF,20,0,332,56,122,.459,33,80,.413,23,42,.548,.594,13,15,.867,13,35,48,24,12,1,31,21,158,0,,2024-2025
Jonathan Mogbo,23,TOR,PF,28,4,497,60,129,.465,7,22,.318,53,107,.495,.492,30,43,.698,57,73,130,51,24,12,26,53,157,0,,2024-2025
Haywood Highsmith,28,MIA,SF,22,16,546,57,120,.475,29,68,.426,28,52,.538,.596,13,19,.684,17,49,66,25,25,17,15,45,156,0,,2024-2025
Marcus Smart,30,MEM,PG,17,6,373,50,137,.365,27,83,.325,23,54,.426,.464,29,35,.829,14,28,42,67,22,6,34,29,156,0,,2024-2025
Jarace Walker,21,IND,PF,28,1,498,54,127,.425,27,71,.380,27,56,.482,.531,19,31,.613,12,87,99,42,30,9,39,46,154,0,,2024-2025
Kristaps Porziņģis,29,BOS,C,8,8,220,54,115,.470,17,51,.333,37,64,.578,.543,28,35,.800,13,44,57,13,6,12,6,16,153,0,,2024-2025
Bogdan Bogdanović,32,ATL,SG,13,0,332,52,128,.406,29,85,.341,23,43,.535,.520,18,19,.947,9,35,44,28,12,4,22,33,151,0,,2024-2025
Isaac Okoro,24,CLE,SG,23,16,483,53,107,.495,30,61,.492,23,46,.500,.636,15,21,.714,21,31,52,40,17,10,9,47,151,0,,2024-2025
Malcolm Brogdon,32,WAS,PG,10,8,241,53,104,.510,10,26,.385,43,78,.551,.558,33,38,.868,10,30,40,29,5,3,16,20,149,0,,2024-2025
Jordan Hawkins,22,NOP,SG,12,3,319,49,133,.368,23,69,.333,26,64,.406,.455,28,31,.903,5,38,43,14,3,5,14,12,149,0,,2024-2025
Garrison Mathews,28,ATL,SG,19,1,343,43,99,.434,37,83,.446,6,16,.375,.621,26,31,.839,3,18,21,27,13,3,10,34,149,0,,2024-2025
Jamison Battle,23,TOR,SF,25,0,344,52,108,.481,35,81,.432,17,27,.630,.644,9,11,.818,14,34,48,23,3,4,8,30,148,0,,2024-2025
Johnny Juzang,23,UTA,SG,22,0,377,51,127,.402,35,92,.380,16,35,.457,.539,11,13,.846,11,37,48,23,7,4,11,43,148,0,,2024-2025
Shake Milton,28,BRK,SG,23,0,390,55,120,.458,20,54,.370,35,66,.530,.542,18,24,.750,14,28,42,47,10,1,15,31,148,0,,2024-2025
Kyshawn George,21,WAS,SG,20,6,514,51,153,.333,24,100,.240,27,53,.509,.412,20,28,.714,14,67,81,51,13,14,21,62,146,0,,2024-2025
Paolo Banchero,22,ORL,PF,5,5,182,48,97,.495,11,32,.344,37,65,.569,.552,38,59,.644,12,32,44,28,3,4,11,13,145,0,,2024-2025
Jaden Hardy,22,DAL,SG,22,2,320,52,133,.391,18,59,.305,34,74,.459,.459,22,25,.880,4,26,30,27,14,1,31,30,144,0,,2024-2025
Terance Mann,28,LAC,SG,23,11,484,56,128,.438,16,47,.340,40,81,.494,.500,16,24,.667,24,47,71,40,22,5,13,47,144,0,,2024-2025
Jonathan Isaac,27,ORL,PF,23,0,386,52,118,.441,18,61,.295,34,57,.596,.517,20,29,.690,38,67,105,5,20,33,10,33,142,0,,2024-2025
Keon Johnson,22,BRK,SG,25,6,428,52,152,.342,29,95,.305,23,57,.404,.438,9,12,.750,13,57,70,27,13,8,25,58,142,0,,2024-2025
Ajay Mitchell,22,OKC,SG,26,0,402,56,117,.479,14,32,.438,42,85,.494,.538,16,19,.842,10,29,39,44,21,2,20,45,142,0,,2024-2025
KJ Martin,24,PHI,PF,21,4,404,55,85,.647,7,17,.412,48,68,.706,.688,24,29,.828,18,38,56,17,8,14,9,53,141,0,,2024-2025
Matas Buzelis,20,CHI,SF,27,0,346,48,129,.372,23,67,.343,25,62,.403,.461,21,26,.808,14,59,73,14,8,20,17,39,140,0,,2024-2025
Zach Collins,27,SAS,C,24,4,341,50,105,.476,12,36,.333,38,69,.551,.533,28,32,.875,28,52,80,42,11,12,21,53,140,0,,2024-2025
Noah Clowney,20,BRK,PF,18,1,320,45,118,.381,29,81,.358,16,37,.432,.504,18,24,.750,16,46,62,12,5,12,14,52,137,0,,2024-2025
Isaiah Hartenstein,26,OKC,C,11,10,334,60,104,.577,0,4,.000,60,100,.600,.577,17,27,.630,33,102,135,45,11,13,25,35,137,0,,2024-2025
Zion Williamson,24,NOP,PF,6,6,186,47,104,.452,2,6,.333,45,98,.459,.462,40,60,.667,16,32,48,32,4,7,22,18,136,0,,2024-2025
Julian Phillips,21,CHI,SF,27,2,385,48,109,.440,22,67,.328,26,42,.619,.541,17,26,.654,22,34,56,12,18,7,12,41,135,0,,2024-2025
Ryan Dunn,22,PHO,SF,22,9,378,52,122,.426,24,77,.312,28,45,.622,.525,5,12,.417,13,41,54,16,11,12,12,51,133,0,,2024-2025
Nick Richards,27,CHO,C,12,8,289,46,77,.597,0,1,.000,46,76,.605,.597,41,58,.707,34,75,109,17,6,18,20,32,133,0,,2024-2025
Cole Anthony,24,ORL,PG,26,0,286,46,121,.380,17,54,.315,29,67,.433,.450,23,32,.719,8,44,52,51,10,4,32,35,132,0,,2024-2025
Andrew Nembhard,25,IND,SG,14,14,366,47,104,.452,9,29,.310,38,75,.507,.495,27,31,.871,3,30,33,66,13,0,23,24,130,0,,2024-2025
Lindy Waters III,27,GSW,SG,22,8,394,47,123,.382,31,87,.356,16,36,.444,.508,4,5,.800,11,47,58,30,15,5,8,36,129,0,,2024-2025
Kevon Looney,28,GSW,C,24,5,394,54,104,.519,0,0,,54,104,.519,.519,17,39,.436,82,98,180,43,20,6,15,57,125,0,,2024-2025
Neemias Queta,25,BOS,C,23,5,386,53,84,.631,0,2,.000,53,82,.646,.631,18,24,.750,38,70,108,17,7,22,17,47,124,0,,2024-2025
Jamal Shead,22,TOR,PG,26,0,376,49,124,.395,17,52,.327,32,72,.444,.464,9,12,.750,5,21,26,76,13,2,34,49,124,0,,2024-2025
Kyle Anderson,31,GSW,PF,24,0,346,48,115,.417,13,39,.333,35,76,.461,.474,13,20,.650,11,59,70,55,18,12,12,26,122,0,,2024-2025
Malaki Branham,21,SAS,SG,20,0,251,44,100,.440,17,43,.395,27,57,.474,.525,17,20,.850,3,27,30,25,7,2,25,14,122,0,,2024-2025
Joel Embiid,30,PHI,C,6,6,176,39,95,.411,4,25,.160,35,70,.500,.432,40,42,.952,9,37,46,23,2,6,20,15,122,0,,2024-2025
Nikola Jović,21,MIA,PF,15,8,279,43,92,.467,16,46,.348,27,46,.587,.554,20,27,.741,8,48,56,19,14,2,8,21,122,0,,2024-2025
Herbert Jones,26,NOP,SF,10,10,324,44,97,.454,14,44,.318,30,53,.566,.526,19,24,.792,11,27,38,23,18,4,18,29,121,0,,2024-2025
Luke Kennard,28,MEM,SG,16,0,319,39,89,.438,29,63,.460,10,26,.385,.601,14,18,.778,7,32,39,45,11,2,11,12,121,0,,2024-2025
Marcus Sasser,24,DET,PG,19,0,260,49,92,.533,17,42,.405,32,50,.640,.625,6,6,1.000,7,12,19,35,16,3,15,20,121,0,,2024-2025
Seth Curry,34,CHO,SG,25,5,321,44,95,.463,22,52,.423,22,43,.512,.579,9,11,.818,10,25,35,11,13,4,7,27,119,0,,2024-2025
Gary Payton II,32,GSW,SG,26,4,341,54,101,.535,5,31,.161,49,70,.700,.559,6,11,.545,33,39,72,30,20,10,14,36,119,0,,2024-2025
Jose Alvarado,26,NOP,PG,11,7,282,40,101,.396,24,60,.400,16,41,.390,.515,14,17,.824,6,18,24,49,17,3,14,26,118,0,,2024-2025
Wendell Carter Jr.,25,ORL,C,16,16,419,39,82,.476,5,33,.152,34,49,.694,.506,35,47,.745,31,96,127,38,14,9,13,44,118,0,,2024-2025
Donovan Clingan,20,POR,C,20,7,335,49,93,.527,4,13,.308,45,80,.563,.548,16,22,.727,60,72,132,10,10,39,23,59,118,0,,2024-2025
Ben Simmons,28,BRK,PG,21,15,510,55,93,.591,0,0,,55,93,.591,.591,8,13,.615,19,96,115,138,17,12,57,52,118,0,,2024-2025
Kyle Filipowski,21,UTA,C,17,8,306,43,83,.518,10,33,.303,33,50,.660,.578,20,34,.588,16,59,75,31,8,2,16,31,116,0,,2024-2025
Gabe Vincent,28,LAL,PG,27,4,515,43,118,.364,23,73,.315,20,45,.444,.462,4,8,.500,10,25,35,25,23,5,15,54,113,0,,2024-2025
Jordan Miller,25,LAC,SF,17,0,266,44,100,.440,7,28,.250,37,72,.514,.475,17,22,.773,17,18,35,20,6,3,15,18,112,0,,2024-2025
Jared Butler,24,WAS,SG,19,0,212,44,95,.463,7,25,.280,37,70,.529,.500,16,22,.727,5,14,19,49,7,2,15,24,111,0,,2024-2025
Vasilije Micić,31,CHO,PG,16,7,340,42,123,.341,18,51,.353,24,72,.333,.415,9,12,.750,15,32,47,61,9,0,33,21,111,0,,2024-2025
Tidjane Salaün,19,CHO,PF,23,8,434,37,115,.322,22,77,.286,15,38,.395,.417,15,22,.682,21,72,93,22,12,4,18,31,111,0,,2024-2025
Larry Nance Jr.,32,ATL,PF,11,2,196,42,67,.627,21,35,.600,21,32,.656,.784,3,4,.750,13,26,39,16,10,4,4,17,108,0,,2024-2025
Trendon Watford,24,BRK,PF,13,0,209,35,79,.443,8,26,.308,27,53,.509,.494,30,35,.857,4,32,36,15,5,4,16,30,108,0,,2024-2025
Monte Morris,29,PHO,PG,21,0,258,37,85,.435,14,41,.341,23,44,.523,.518,18,23,.783,6,24,30,34,9,3,10,13,106,0,,2024-2025
Dalen Terry,22,CHI,SG,25,0,337,37,74,.500,10,27,.370,27,47,.574,.568,22,28,.786,16,19,35,23,15,7,21,35,106,0,,2024-2025
Alex Caruso,30,OKC,SG,18,0,358,40,104,.385,17,61,.279,23,43,.535,.466,7,9,.778,10,43,53,40,34,10,13,40,104,0,,2024-2025
Jett Howard,21,ORL,SF,27,0,282,37,100,.370,24,77,.312,13,23,.565,.490,6,7,.857,10,20,30,12,5,6,9,25,104,0,,2024-2025
Nicolas Batum,36,LAC,PF,28,1,511,34,91,.374,27,73,.370,7,18,.389,.522,7,10,.700,20,56,76,41,13,12,13,39,102,0,,2024-2025
Mason Plumlee,34,PHO,C,25,7,423,39,70,.557,0,0,,39,70,.557,.557,23,42,.548,38,110,148,39,9,20,22,48,101,0,,2024-2025
Josh Okogie,26,PHO,SG,15,1,203,37,72,.514,10,24,.417,27,48,.563,.583,16,23,.696,19,25,44,8,14,4,10,15,100,0,,2024-2025
Quenton Jackson,26,IND,PG,15,7,242,39,75,.520,9,24,.375,30,51,.588,.580,12,17,.706,10,17,27,28,9,5,11,29,99,0,,2024-2025
Luke Kornet,29,BOS,C,21,3,347,36,56,.643,0,0,,36,56,.643,.643,27,34,.794,40,55,95,32,10,22,9,26,99,0,,2024-2025
Dean Wade,28,CLE,PF,19,10,418,33,96,.344,25,82,.305,8,14,.571,.474,8,20,.400,17,75,92,25,19,8,5,28,99,0,,2024-2025
Ja'Kobe Walter,20,TOR,SG,14,5,275,39,108,.361,11,49,.224,28,59,.475,.412,10,15,.667,14,31,45,22,9,3,13,28,99,0,,2024-2025
Bones Hyland,24,LAC,PG,12,0,137,30,73,.411,23,52,.442,7,21,.333,.568,15,18,.833,3,10,13,14,11,4,15,15,98,0,,2024-2025
Trey Lyles,29,SAC,PF,18,2,353,33,91,.363,22,66,.333,11,25,.440,.484,10,14,.714,15,56,71,17,10,11,10,25,98,0,,2024-2025
Ricky Council IV,23,PHI,SF,19,0,230,30,77,.390,7,30,.233,23,47,.489,.435,28,34,.824,10,26,36,16,5,4,6,14,95,0,,2024-2025
Kris Murray,24,POR,SF,21,0,267,38,80,.475,11,33,.333,27,47,.574,.544,8,20,.400,22,26,48,14,9,3,12,21,95,0,,2024-2025
Drew Eubanks,27,UTA,C,21,0,284,38,67,.567,1,3,.333,37,64,.578,.575,17,27,.630,24,60,84,25,5,14,16,26,94,0,,2024-2025
Kenrich Williams,30,OKC,PF,16,0,208,36,63,.571,14,34,.412,22,29,.759,.683,8,8,1.000,12,33,45,14,9,4,3,28,94,0,,2024-2025
Reed Sheppard,20,HOU,PG,25,0,297,36,102,.353,17,57,.298,19,45,.422,.436,4,4,1.000,8,20,28,31,13,9,15,24,93,0,,2024-2025
Pelle Larsson,23,MIA,SG,15,0,245,34,63,.540,11,29,.379,23,34,.676,.627,11,20,.550,10,20,30,22,9,0,8,32,90,0,,2024-2025
Kevin Love,36,MIA,PF,14,4,165,31,84,.369,18,49,.367,13,35,.371,.476,10,15,.667,14,52,66,18,13,2,11,13,90,0,,2024-2025
Justin Champagnie,23,WAS,SF,8,5,207,36,65,.554,9,27,.333,27,38,.711,.623,8,12,.667,21,32,53,11,11,5,7,18,89,0,,2024-2025
Andre Jackson Jr.,23,MIL,SG,24,16,432,34,83,.410,16,42,.381,18,41,.439,.506,4,8,.500,19,55,74,34,19,7,32,62,88,0,,2024-2025
Sandro Mamukelashvili,25,SAS,PF,19,0,182,30,55,.545,17,38,.447,13,17,.765,.700,11,15,.733,12,43,55,7,3,5,9,12,88,0,,2024-2025
Blake Wesley,21,SAS,SG,21,0,247,34,74,.459,4,20,.200,30,54,.556,.486,15,21,.714,6,13,19,41,9,2,22,13,87,0,,2024-2025
Marvin Bagley III,25,WAS,C,18,1,151,36,68,.529,2,10,.200,34,58,.586,.544,12,19,.632,26,24,50,6,6,5,10,12,86,0,,2024-2025
Eric Gordon,36,PHI,SG,17,1,290,28,82,.341,13,47,.277,15,35,.429,.421,17,22,.773,3,13,16,22,11,5,14,13,86,0,,2024-2025
Kyle Lowry,38,PHI,PG,17,10,368,25,68,.368,18,52,.346,7,16,.438,.500,18,23,.783,7,27,34,48,18,6,13,33,86,0,,2024-2025
Oso Ighodaro,22,PHO,PF,21,2,336,37,60,.617,0,0,,37,60,.617,.617,10,13,.769,23,55,78,19,9,6,12,37,84,0,,2024-2025
Charles Bassey,24,SAS,C,18,0,194,36,64,.563,0,0,,36,64,.563,.563,11,21,.524,28,45,73,9,6,21,13,24,83,0,,2024-2025
Moussa Diabaté,23,CHO,C,25,4,475,38,64,.594,0,0,,38,64,.594,.594,6,17,.353,87,97,184,18,17,22,23,48,82,0,,2024-2025
Doug McDermott,33,SAC,SF,21,3,182,28,65,.431,23,55,.418,5,10,.500,.608,3,5,.600,1,14,15,3,2,1,2,18,82,0,,2024-2025
Ben Sheppard,23,IND,SG,14,5,288,29,70,.414,19,50,.380,10,20,.500,.550,0,0,,6,25,31,17,6,5,5,37,77,0,,2024-2025
Paul Reed,25,DET,C,14,0,155,29,52,.558,4,11,.364,25,41,.610,.596,14,17,.824,12,22,34,9,12,8,11,22,76,0,,2024-2025
Tyrese Martin,25,BRK,SG,11,2,165,26,55,.473,19,41,.463,7,14,.500,.645,4,5,.800,9,18,27,12,5,2,7,13,75,0,,2024-2025
David Roddy,23,ATL,PF,14,1,204,27,48,.563,10,24,.417,17,24,.708,.667,11,13,.846,4,36,40,19,6,3,13,11,75,0,,2024-2025
Robert Williams,27,POR,C,9,1,158,31,42,.738,1,2,.500,30,40,.750,.750,12,13,.923,17,32,49,12,8,13,8,9,75,0,,2024-2025
Pat Connaughton,32,MIL,SG,15,0,255,26,70,.371,13,44,.295,13,26,.500,.464,9,12,.750,8,37,45,26,3,5,11,19,74,0,,2024-2025
Aaron Holiday,28,HOU,PG,17,0,166,24,51,.471,17,38,.447,7,13,.538,.637,9,11,.818,0,18,18,21,2,1,5,12,74,0,,2024-2025
Rayan Rupert,20,POR,SG,21,0,223,28,64,.438,9,29,.310,19,35,.543,.508,8,12,.667,17,17,34,11,7,2,12,16,73,0,,2024-2025
Cam Reddish,25,LAL,SF,20,8,388,25,53,.472,10,29,.345,15,24,.625,.566,12,17,.706,9,30,39,16,22,6,10,35,72,0,,2024-2025
Jaxson Hayes,24,LAL,C,11,1,192,26,36,.722,0,0,,26,36,.722,.722,18,23,.783,21,29,50,9,4,9,8,28,70,0,,2024-2025
Jamal Cain,25,NOP,SF,16,0,225,25,55,.455,9,28,.321,16,27,.593,.536,10,16,.625,15,30,45,10,8,7,7,20,69,0,,2024-2025
Gary Harris,30,ORL,SG,17,2,282,24,60,.400,17,46,.370,7,14,.500,.542,4,6,.667,9,14,23,7,9,5,7,13,69,0,,2024-2025
Isaac Jones,24,SAC,PF,17,0,153,30,46,.652,1,4,.250,29,42,.690,.663,7,15,.467,8,19,27,2,2,8,9,22,68,0,,2024-2025
Johnny Davis,22,WAS,SG,19,0,182,27,57,.474,6,18,.333,21,39,.538,.526,7,11,.636,7,24,31,8,12,6,4,16,67,0,,2024-2025
Jaylen Nowell,25,NOP,SG,8,0,168,26,73,.356,8,27,.296,18,46,.391,.411,7,11,.636,6,14,20,18,1,4,8,9,67,0,,2024-2025
Antonio Reeves,24,NOP,SG,15,0,140,26,65,.400,9,33,.273,17,32,.531,.469,6,7,.857,5,12,17,7,5,0,4,7,67,0,,2024-2025
Daniel Theis,32,NOP,C,19,7,270,26,61,.426,5,19,.263,21,42,.500,.467,10,12,.833,16,48,64,24,7,12,12,31,67,0,,2024-2025
Jabari Walker,22,POR,SF,21,1,233,25,64,.391,3,19,.158,22,45,.489,.414,11,13,.846,19,46,65,13,8,3,13,27,64,0,,2024-2025
Alec Burks,33,MIA,SG,12,0,181,21,46,.457,15,32,.469,6,14,.429,.620,6,8,.750,4,19,23,16,6,3,2,5,63,0,,2024-2025
De'Anthony Melton,26,GSW,SG,6,2,121,22,54,.407,13,35,.371,9,19,.474,.528,5,8,.625,6,14,20,17,7,2,10,18,62,0,,2024-2025
Ausar Thompson,22,DET,SF,8,3,136,25,58,.431,4,16,.250,21,42,.500,.466,8,15,.533,9,20,29,19,7,4,12,24,62,0,,2024-2025
Dru Smith,27,MIA,SG,11,0,205,22,46,.478,11,22,.500,11,24,.458,.598,6,8,.750,10,21,31,18,15,5,11,21,61,0,,2024-2025
Lonzo Ball,27,CHI,PG,11,0,195,19,59,.322,15,50,.300,4,9,.444,.449,7,7,1.000,4,31,35,41,11,7,11,14,60,0,,2024-2025
Mark Williams,23,CHO,C,6,3,84,25,39,.641,0,0,,25,39,.641,.641,10,14,.714,14,19,33,9,2,6,3,9,60,0,,2024-2025
Mo Bamba,26,LAC,C,13,0,177,22,52,.423,6,24,.250,16,28,.571,.481,9,13,.692,10,45,55,11,8,14,8,28,59,0,,2024-2025
Isaiah Collier,20,UTA,PG,18,1,302,23,74,.311,4,29,.138,19,45,.422,.338,8,18,.444,1,29,30,57,16,3,40,30,58,0,,2024-2025
Bruno Fernando,26,TOR,C,16,2,143,26,48,.542,0,0,,26,48,.542,.542,6,8,.750,21,29,50,18,4,9,14,26,58,0,,2024-2025
Ousmane Dieng,21,OKC,PF,16,0,186,20,59,.339,9,36,.250,11,23,.478,.415,7,11,.636,9,33,42,13,11,4,4,18,56,0,,2024-2025
Keaton Wallace,25,ATL,PG,12,1,194,22,55,.400,8,26,.308,14,29,.483,.473,4,4,1.000,2,16,18,22,10,6,12,13,56,0,,2024-2025
Rob Dillingham,20,MIN,PG,14,0,126,23,51,.451,9,21,.429,14,30,.467,.539,0,0,,1,10,11,24,2,0,15,5,55,0,,2024-2025
Jock Landale,29,HOU,C,15,0,158,21,47,.447,3,6,.500,18,41,.439,.479,10,19,.526,20,27,47,14,3,6,7,14,55,0,,2024-2025
Aaron Nesmith,25,IND,SF,6,6,136,19,36,.528,6,11,.545,13,25,.520,.611,11,13,.846,4,20,24,6,4,2,5,24,55,0,,2024-2025
Johnny Furphy,20,IND,SG,17,0,173,18,46,.391,11,28,.393,7,18,.389,.511,7,7,1.000,11,13,24,7,7,5,9,17,54,0,,2024-2025
Kobe Bufkin,21,ATL,SG,10,0,124,18,47,.383,4,19,.211,14,28,.500,.426,13,18,.722,5,16,21,17,3,2,8,9,53,0,,2024-2025
Wendell Moore Jr.,23,DET,SG,12,0,171,19,36,.528,3,9,.333,16,27,.593,.569,11,12,.917,9,28,37,14,8,3,8,13,52,0,,2024-2025
Cam Whitmore,20,HOU,SF,9,0,82,20,50,.400,1,21,.048,19,29,.655,.410,10,16,.625,4,8,12,4,1,1,3,9,51,0,,2024-2025
Dillon Jones,23,OKC,SF,21,0,177,19,55,.345,7,33,.212,12,22,.545,.409,5,8,.625,16,26,42,15,4,1,8,19,50,0,,2024-2025
Cody Williams,20,UTA,SG,16,7,299,18,67,.269,7,37,.189,11,30,.367,.321,6,10,.600,8,29,37,19,7,5,11,20,49,0,,2024-2025
Anthony Gill,32,WAS,PF,20,0,149,17,34,.500,4,12,.333,13,22,.591,.559,10,18,.556,5,20,25,6,5,1,5,12,48,0,,2024-2025
Jericho Sims,26,NYK,C,25,2,318,22,33,.667,0,0,,22,33,.667,.667,4,7,.571,33,60,93,15,6,9,15,35,48,0,,2024-2025
Hunter Tyson,24,DEN,PF,17,0,157,15,32,.469,6,19,.316,9,13,.692,.563,12,13,.923,8,23,31,9,3,3,8,19,48,0,,2024-2025
Delon Wright,32,MIL,PG,18,2,287,17,53,.321,9,32,.281,8,21,.381,.406,5,10,.500,11,22,33,29,13,6,8,11,48,0,,2024-2025
Thomas Bryant,27,2TM,C,12,0,131,15,33,.455,7,18,.389,8,15,.533,.561,11,11,1.000,8,30,38,5,1,10,2,10,48,0,,2024-2025
Thomas Bryant,27,MIA,C,10,0,115,12,28,.429,6,17,.353,6,11,.545,.536,11,11,1.000,6,26,32,4,1,9,2,9,41,0,,2024-2025
Thomas Bryant,27,IND,C,2,0,16,3,5,.600,1,1,1.000,2,4,.500,.700,0,0,,2,4,6,1,0,1,0,1,7,0,,2024-2025
Elfrid Payton,30,NOP,PG,7,3,144,23,46,.500,0,1,.000,23,45,.511,.500,1,2,.500,5,19,24,48,10,3,20,10,47,0,,2024-2025
Day'Ron Sharpe,23,BRK,C,6,0,91,15,35,.429,2,9,.222,13,26,.500,.457,15,16,.938,12,16,28,5,7,2,8,11,47,0,,2024-2025
Reggie Jackson,34,PHI,PG,11,0,124,17,41,.415,12,27,.444,5,14,.357,.561,0,0,,1,8,9,22,6,3,7,9,46,0,,2024-2025
Tyler Kolek,23,NYK,PG,17,0,112,16,38,.421,10,23,.435,6,15,.400,.553,4,4,1.000,2,10,12,11,6,1,7,9,46,0,,2024-2025
Jordan McLaughlin,28,SAC,PG,21,0,159,14,38,.368,8,22,.364,6,16,.375,.474,10,14,.714,3,16,19,19,9,0,8,11,46,0,,2024-2025
Immanuel Quickley,25,TOR,PG,3,3,68,16,42,.381,6,16,.375,10,26,.385,.452,8,9,.889,1,5,6,12,2,0,4,7,46,0,,2024-2025
Craig Porter Jr.,24,CLE,PG,16,0,151,18,31,.581,5,11,.455,13,20,.650,.661,3,5,.600,1,13,14,22,5,6,9,7,44,0,,2024-2025
Steven Adams,31,HOU,C,15,0,161,15,25,.600,0,0,,15,25,.600,.600,10,24,.417,23,29,52,15,4,2,20,16,40,0,,2024-2025
Josh Minott,22,MIN,SF,13,0,95,17,28,.607,3,12,.250,14,16,.875,.661,3,5,.600,3,13,16,6,6,4,5,12,40,0,,2024-2025
Nick Smith Jr.,20,CHO,SG,13,0,121,16,48,.333,8,26,.308,8,22,.364,.417,0,0,,1,10,11,10,4,1,3,8,40,0,,2024-2025
Kai Jones,24,LAC,C,19,0,152,15,20,.750,0,0,,15,20,.750,.750,9,12,.750,12,22,34,8,6,9,8,19,39,0,,2024-2025
Trey Jemison,25,NOP,C,16,0,166,15,32,.469,0,0,,15,32,.469,.469,8,21,.381,22,22,44,10,7,6,10,27,38,0,,2024-2025
John Konchar,28,MEM,SG,14,0,169,13,26,.500,9,22,.409,4,4,1.000,.673,3,4,.750,12,27,39,14,8,6,7,13,38,0,,2024-2025
Taj Gibson,39,CHO,C,14,8,151,16,34,.471,1,2,.500,15,32,.469,.485,4,6,.667,21,24,45,7,6,3,9,18,37,0,,2024-2025
Isaiah Wong,24,CHO,SG,5,0,78,12,28,.429,3,8,.375,9,20,.450,.482,9,14,.643,7,9,16,10,3,0,6,8,36,0,,2024-2025
Luka Garza,26,MIN,C,9,0,46,14,25,.560,2,8,.250,12,17,.706,.600,5,8,.625,4,7,11,1,1,0,3,4,35,0,,2024-2025
Isaiah Jackson,23,IND,C,5,1,84,14,23,.609,0,0,,14,23,.609,.609,7,14,.500,11,17,28,5,3,8,5,14,35,0,,2024-2025
KJ Simpson,22,CHO,PG,9,0,120,12,40,.300,3,20,.150,9,20,.450,.338,8,10,.800,9,6,15,18,5,2,9,13,35,0,,2024-2025
Precious Achiuwa,25,NYK,PF,6,1,120,14,28,.500,1,4,.250,13,24,.542,.518,5,10,.500,10,30,40,8,5,5,5,8,34,0,,2024-2025
Kelly Olynyk,33,TOR,C,5,0,72,10,28,.357,3,9,.333,7,19,.368,.411,11,14,.786,5,16,21,10,7,1,7,12,34,0,,2024-2025
Dario Šarić,30,DEN,C,10,3,136,12,40,.300,5,19,.263,7,21,.333,.363,5,6,.833,9,26,35,11,6,0,11,14,34,0,,2024-2025
DaQuan Jeffries,27,CHO,SG,3,0,61,13,20,.650,6,10,.600,7,10,.700,.800,1,2,.500,3,8,11,3,1,1,2,4,33,0,,2024-2025
Tre Jones,25,SAS,PG,9,0,154,10,32,.313,3,13,.231,7,19,.368,.359,10,14,.714,5,14,19,28,5,2,5,13,33,0,,2024-2025
Vit Krejci,24,ATL,PG,14,0,165,12,39,.308,4,21,.190,8,18,.444,.359,5,9,.556,7,18,25,20,7,4,9,22,33,0,,2024-2025
Dwight Powell,33,DAL,C,21,0,158,8,10,.800,0,0,,8,10,.800,.800,17,24,.708,12,22,34,13,7,8,5,26,33,0,,2024-2025
Olivier-Maxence Prosper,22,DAL,PF,17,0,121,12,34,.353,4,12,.333,8,22,.364,.412,5,9,.556,11,18,29,7,3,2,1,7,33,0,,2024-2025
DeAndre Jordan,36,DEN,C,13,0,133,15,26,.577,0,0,,15,26,.577,.577,2,8,.250,14,37,51,13,4,5,11,16,32,0,,2024-2025
Patty Mills,36,UTA,PG,9,0,138,11,31,.355,7,24,.292,4,7,.571,.468,3,3,1.000,1,7,8,13,6,2,8,8,32,0,,2024-2025
Josh Richardson,31,MIA,SG,8,0,150,11,38,.289,6,22,.273,5,16,.313,.368,4,4,1.000,6,6,12,12,8,1,8,17,32,0,,2024-2025
Torrey Craig,34,CHI,SF,6,1,67,11,22,.500,7,18,.389,4,4,1.000,.659,2,2,1.000,3,10,13,3,1,1,0,10,31,0,,2024-2025
Christian Koloko,24,LAL,C,17,0,166,14,24,.583,0,2,.000,14,22,.636,.583,3,4,.750,13,25,38,4,5,7,5,22,31,0,,2024-2025
Ryan Rollins,22,MIL,PG,11,1,72,10,25,.400,6,12,.500,4,13,.308,.520,5,6,.833,3,8,11,9,7,4,7,10,31,0,,2024-2025
Svi Mykhailiuk,27,UTA,SF,6,2,81,10,27,.370,7,22,.318,3,5,.600,.500,3,4,.750,1,9,10,8,5,1,10,8,30,0,,2024-2025
Jaylon Tyson,22,CLE,SG,14,1,108,12,27,.444,3,11,.273,9,16,.563,.500,3,6,.500,10,14,24,11,4,0,6,18,30,0,,2024-2025
Moses Brown,25,IND,C,9,0,46,13,20,.650,0,0,,13,20,.650,.650,3,5,.600,4,9,13,0,2,1,6,6,29,0,,2024-2025
Chris Duarte,27,CHI,SG,12,0,50,9,18,.500,5,12,.417,4,6,.667,.639,6,8,.750,4,10,14,4,0,0,1,5,29,0,,2024-2025
Alex Len,31,SAC,C,21,2,142,13,24,.542,0,4,.000,13,20,.650,.542,3,7,.429,10,25,35,17,3,12,6,17,29,0,,2024-2025
Khris Middleton,33,MIL,SF,4,0,85,7,27,.259,3,12,.250,4,15,.267,.315,11,12,.917,0,12,12,23,6,2,6,12,28,0,,2024-2025
Duop Reath,28,POR,C,13,0,83,10,26,.385,7,19,.368,3,7,.429,.519,0,0,,6,7,13,3,0,2,1,10,27,0,,2024-2025
Tristan Thompson,33,CLE,PF,10,0,76,13,24,.542,0,1,.000,13,23,.565,.542,1,10,.100,5,19,24,4,0,4,5,9,27,0,,2024-2025
Patrick Baldwin Jr.,22,WAS,SF,12,0,57,9,19,.474,5,11,.455,4,8,.500,.605,2,4,.500,3,9,12,1,2,2,2,4,25,0,,2024-2025
Enrique Freeman,24,IND,PF,16,1,113,9,19,.474,1,5,.200,8,14,.571,.500,5,9,.556,3,9,12,6,2,2,4,15,24,0,,2024-2025
Caleb Houstan,22,ORL,SF,18,0,99,8,26,.308,6,22,.273,2,4,.500,.423,2,2,1.000,2,7,9,1,0,2,1,6,24,0,,2024-2025
Maxi Kleber,33,DAL,PF,15,2,251,9,27,.333,2,9,.222,7,18,.389,.370,4,6,.667,7,37,44,8,2,7,10,29,24,0,,2024-2025
Jae'Sean Tate,29,HOU,SF,11,0,61,9,17,.529,0,3,.000,9,14,.643,.529,6,9,.667,4,18,22,7,5,0,6,11,24,0,,2024-2025
Kel'el Ware,20,MIA,C,10,0,69,10,25,.400,2,7,.286,8,18,.444,.440,2,2,1.000,2,14,16,1,3,5,4,6,24,0,,2024-2025
Bol Bol,25,PHO,PF,7,0,37,9,15,.600,1,5,.200,8,10,.800,.633,4,6,.667,4,7,11,1,0,0,3,1,23,0,,2024-2025
JT Thor,22,CLE,PF,4,0,21,7,8,.875,3,3,1.000,4,5,.800,1.063,6,6,1.000,1,2,3,0,2,3,2,4,23,0,,2024-2025
Jordan Walsh,20,BOS,PF,19,1,157,9,31,.290,5,24,.208,4,7,.571,.371,0,1,.000,7,14,21,4,5,6,4,11,23,0,,2024-2025
Ariel Hukporti,22,NYK,C,12,0,99,9,14,.643,0,0,,9,14,.643,.643,4,8,.500,4,18,22,6,0,8,10,14,22,0,,2024-2025
Micah Potter,26,UTA,C,6,1,112,8,20,.400,6,16,.375,2,4,.500,.550,0,0,,11,26,37,5,1,3,5,7,22,0,,2024-2025
Adem Bona,21,PHI,C,14,0,90,8,13,.615,0,0,,8,13,.615,.615,5,6,.833,8,16,24,0,0,6,6,15,21,0,,2024-2025
Zeke Nnaji,24,DEN,PF,16,0,79,10,23,.435,0,8,.000,10,15,.667,.435,1,5,.200,2,5,7,4,1,2,2,6,21,0,,2024-2025
Cam Spencer,24,MEM,SG,4,0,54,7,13,.538,3,6,.500,4,7,.571,.654,4,4,1.000,1,6,7,7,1,1,3,5,21,0,,2024-2025
Kobe Brown,25,LAC,PF,7,0,47,9,20,.450,1,6,.167,8,14,.571,.475,1,2,.500,5,11,16,4,1,0,0,5,20,0,,2024-2025
Jae Crowder,34,SAC,SF,6,2,89,6,17,.353,3,12,.250,3,5,.600,.441,5,6,.833,6,11,17,4,3,0,4,10,20,0,,2024-2025
Colby Jones,22,SAC,SG,18,0,102,8,22,.364,4,9,.444,4,13,.308,.455,0,0,,6,12,18,4,5,5,6,10,20,0,,2024-2025
Drew Peterson,25,BOS,PF,7,0,81,5,15,.333,4,13,.308,1,2,.500,.467,6,7,.857,4,12,16,4,2,2,3,7,20,0,,2024-2025
Tyler Smith,20,MIL,PF,10,0,34,8,13,.615,3,8,.375,5,5,1.000,.731,1,2,.500,1,7,8,1,0,3,3,4,20,0,,2024-2025
Pacome Dadiet,19,NYK,SG,12,0,82,6,20,.300,5,14,.357,1,6,.167,.425,2,2,1.000,0,13,13,5,1,2,1,5,19,0,,2024-2025
MarJon Beauchamp,24,MIL,SF,11,0,35,6,16,.375,2,8,.250,4,8,.500,.438,4,4,1.000,2,7,9,1,1,0,7,3,18,0,,2024-2025
Jevon Carter,29,CHI,PG,11,0,53,7,23,.304,4,16,.250,3,7,.429,.391,0,0,,1,7,8,6,3,0,4,1,18,0,,2024-2025
Dariq Whitehead,20,BRK,SF,3,0,26,6,11,.545,6,10,.600,0,1,.000,.818,0,0,,0,3,3,1,2,1,3,1,18,0,,2024-2025
Xavier Tillman Sr.,26,BOS,C,17,1,147,7,29,.241,3,16,.188,4,13,.308,.293,1,2,.500,7,25,32,6,5,3,6,13,18,0,,2024-2025
Jeff Green,38,HOU,PF,7,0,40,7,13,.538,3,8,.375,4,5,.800,.654,0,0,,0,4,4,1,2,0,2,2,17,0,,2024-2025
Cory Joseph,33,ORL,PG,15,0,63,6,18,.333,5,14,.357,1,4,.250,.472,0,0,,3,8,11,11,3,2,3,4,17,0,,2024-2025
Jeff Dowtin,27,PHI,PG,8,0,80,6,19,.316,1,8,.125,5,11,.455,.342,3,4,.750,2,6,8,9,3,0,1,5,16,0,,2024-2025
Orlando Robinson,24,SAC,C,7,0,46,6,12,.500,1,4,.250,5,8,.625,.542,3,6,.500,3,9,12,7,2,1,3,6,16,0,,2024-2025
Vince Williams Jr.,24,MEM,SG,3,0,45,7,19,.368,1,8,.125,6,11,.545,.395,1,4,.250,4,7,11,9,0,2,7,9,16,0,,2024-2025
Adam Flagler,25,OKC,SG,11,0,40,5,20,.250,5,19,.263,0,1,.000,.375,0,0,,2,4,6,0,2,0,0,4,15,0,,2024-2025
Damion Lee,32,PHO,SG,4,0,37,4,14,.286,1,9,.111,3,5,.600,.321,6,6,1.000,0,5,5,5,2,0,3,1,15,0,,2024-2025
E.J. Liddell,24,CHI,PF,6,0,31,5,8,.625,3,6,.500,2,2,1.000,.813,2,2,1.000,1,4,5,3,1,1,2,8,15,0,,2024-2025
Matt Ryan,27,NYK,SF,9,0,45,6,21,.286,3,14,.214,3,7,.429,.357,0,0,,0,2,2,0,1,0,3,0,15,0,,2024-2025
Taylor Hendricks,21,UTA,PF,3,3,75,4,18,.222,3,12,.250,1,6,.167,.306,3,4,.750,5,10,15,2,5,4,2,8,14,0,,2024-2025
Yuki Kawamura,23,MEM,PG,14,0,41,4,15,.267,2,11,.182,2,4,.500,.333,4,6,.667,0,2,2,8,1,0,4,4,14,0,,2024-2025
Pat Spencer,28,GSW,PG,9,0,45,6,16,.375,0,3,.000,6,13,.462,.375,2,2,1.000,4,3,7,12,5,0,4,4,14,0,,2024-2025
Jazian Gortman,21,DAL,PG,8,0,25,5,11,.455,2,4,.500,3,7,.429,.545,1,2,.500,1,1,2,2,0,1,2,3,13,0,,2024-2025
Terrence Shannon Jr. ,24,MIN,SG,9,0,44,6,12,.500,1,3,.333,5,9,.556,.542,0,0,,0,2,2,5,2,1,3,1,13,0,,2024-2025
Richaun Holmes,31,WAS,PF,3,0,20,5,10,.500,0,1,.000,5,9,.556,.500,2,2,1.000,2,3,5,0,0,2,2,1,12,0,,2024-2025
Armel Traoré,22,LAL,SF,8,0,61,5,18,.278,0,7,.000,5,11,.455,.278,2,7,.286,1,13,14,1,4,2,2,6,12,0,,2024-2025
Sidy Cissoko,20,SAS,SF,11,0,33,4,9,.444,3,4,.750,1,5,.200,.611,0,4,.000,2,6,8,5,0,0,1,4,11,0,,2024-2025
Colin Castleton,24,MEM,C,8,0,22,1,4,.250,0,2,.000,1,2,.500,.250,8,8,1.000,2,5,7,0,0,1,0,3,10,0,,2024-2025
Trey Alexander,21,DEN,SG,9,0,44,3,12,.250,1,6,.167,2,6,.333,.292,2,2,1.000,0,1,1,2,0,1,1,3,9,0,,2024-2025
Vlatko Čančar,27,DEN,PF,4,0,34,4,7,.571,1,2,.500,3,5,.600,.643,0,0,,3,5,8,0,0,1,2,4,9,0,,2024-2025
Trentyn Flowers,19,LAC,SF,1,0,14,4,9,.444,0,2,.000,4,7,.571,.444,1,1,1.000,1,3,4,0,0,0,1,3,9,0,,2024-2025
Lester Quiñones,24,PHI,SG,4,0,17,4,8,.500,0,3,.000,4,5,.800,.500,1,1,1.000,3,1,4,1,0,0,4,0,9,0,,2024-2025
Jack McVeigh,28,HOU,PF,6,0,21,3,11,.273,2,8,.250,1,3,.333,.364,0,0,,1,3,4,1,0,1,1,1,8,0,,2024-2025
Jalen Pickett,25,DEN,SG,5,0,41,3,5,.600,2,4,.500,1,1,1.000,.800,0,0,,1,4,5,8,1,0,2,6,8,0,,2024-2025
Adama Sanogo,22,CHI,C,4,0,21,4,7,.571,0,0,,4,7,.571,.571,0,0,,5,1,6,1,0,0,1,1,8,0,,2024-2025
Luke Travers,23,CLE,SG,6,0,42,3,7,.429,0,3,.000,3,4,.750,.429,2,2,1.000,1,5,6,5,1,1,2,3,8,0,,2024-2025
TyTy Washington Jr.,23,PHO,PG,3,0,27,3,6,.500,2,3,.667,1,3,.333,.667,0,0,,0,1,1,4,2,0,1,0,8,0,,2024-2025
PJ Dozier,28,MIN,SG,8,0,33,2,3,.667,2,3,.667,0,0,,1.000,1,6,.167,1,4,5,5,1,0,1,3,7,0,,2024-2025
AJ Johnson,20,MIL,SG,5,0,11,3,6,.500,1,1,1.000,2,5,.400,.583,0,0,,0,2,2,1,0,0,2,0,7,0,,2024-2025
Jaden Springer,22,BOS,SG,9,0,39,2,10,.200,0,3,.000,2,7,.286,.200,3,6,.500,4,7,11,3,3,0,1,4,7,0,,2024-2025
Jeenathan Williams,25,HOU,SG,3,0,10,3,4,.750,1,2,.500,2,2,1.000,.875,0,0,,0,3,3,0,1,0,0,0,7,0,,2024-2025
JD Davison,22,BOS,PG,5,0,24,2,5,.400,1,3,.333,1,2,.500,.500,1,2,.500,0,2,2,1,1,0,6,1,6,0,,2024-2025
Taze Moore,26,POR,SG,2,0,20,2,10,.200,1,4,.250,1,6,.167,.250,1,2,.500,4,4,8,1,2,0,2,0,6,0,,2024-2025
Gui Santos,22,GSW,PF,7,0,30,2,5,.400,1,3,.333,1,2,.500,.500,1,2,.500,2,5,7,2,0,1,2,4,6,0,,2024-2025
Brandon Williams,25,DAL,PG,5,0,21,2,9,.222,0,2,.000,2,7,.286,.222,2,3,.667,1,3,4,2,0,0,2,2,6,0,,2024-2025
James Wiseman,23,IND,C,1,0,5,2,4,.500,0,1,.000,2,3,.667,.500,2,2,1.000,0,1,1,0,0,0,0,0,6,0,,2024-2025
Cam Christie,19,LAC,SG,1,0,18,2,7,.286,1,4,.250,1,3,.333,.357,0,0,,1,2,3,0,2,0,1,0,5,0,,2024-2025
Markieff Morris,35,DAL,PF,4,0,21,2,9,.222,1,3,.333,1,6,.167,.278,0,0,,0,5,5,2,0,1,2,0,5,0,,2024-2025
Liam Robbins,25,MIL,C,5,0,20,2,3,.667,0,1,.000,2,2,1.000,.667,1,4,.250,2,1,3,0,0,0,0,3,5,0,,2024-2025
Garrett Temple,38,TOR,SG,9,0,35,2,7,.286,1,3,.333,1,4,.250,.357,0,0,,1,3,4,5,4,1,2,6,5,0,,2024-2025
Alondes Williams,25,DET,SG,1,0,4,2,2,1.000,1,1,1.000,1,1,1.000,1.250,0,0,,0,0,0,1,0,0,0,0,5,0,,2024-2025
Branden Carlson,25,OKC,C,5,0,18,1,7,.143,0,5,.000,1,2,.500,.143,2,2,1.000,3,5,8,2,1,1,0,1,4,0,,2024-2025
Justin Edwards,21,PHI,SF,2,0,9,2,3,.667,0,1,.000,2,2,1.000,.667,0,1,.000,0,2,2,1,0,0,0,0,4,0,,2024-2025
PJ Hall,22,DEN,C,5,0,11,2,5,.400,0,2,.000,2,3,.667,.400,0,0,,0,1,1,0,0,0,0,1,4,0,,2024-2025
Jalen Hood-Schifino,21,LAL,SG,2,0,14,1,1,1.000,0,0,,1,1,1.000,1.000,2,2,1.000,1,0,1,1,0,1,1,3,4,0,,2024-2025
Bronny James,20,LAL,SG,7,0,18,1,8,.125,0,4,.000,1,4,.250,.125,2,2,1.000,1,0,1,2,1,1,0,2,4,0,,2024-2025
James Johnson,37,IND,PF,3,0,10,2,4,.500,0,1,.000,2,3,.667,.500,0,0,,0,2,2,2,0,1,3,0,4,0,,2024-2025
Maxwell Lewis,22,LAL,SF,7,0,29,2,6,.333,0,0,,2,6,.333,.333,0,0,,2,0,2,2,1,0,2,1,4,0,,2024-2025
Karlo Matković,23,NOP,PF,5,0,39,2,5,.400,0,0,,2,5,.400,.400,0,0,,6,4,10,0,3,3,4,4,4,0,,2024-2025
Jared Rhoden,25,CHO,SG,4,0,12,2,8,.250,0,2,.000,2,6,.333,.250,0,0,,2,2,4,2,1,0,1,1,4,0,,2024-2025
Baylor Scheierman,24,BOS,SG,5,0,34,1,10,.100,0,6,.000,1,4,.250,.100,2,2,1.000,2,5,7,2,1,0,0,3,4,0,,2024-2025
D.J. Carton,24,TOR,SG,4,0,33,1,7,.143,0,3,.000,1,4,.250,.143,1,1,1.000,0,4,4,3,2,0,4,1,3,0,,2024-2025
Cui Yongxi,21,BRK,SG,5,0,10,1,7,.143,0,3,.000,1,4,.250,.143,1,2,.500,0,2,2,0,0,0,0,0,3,0,,2024-2025
David Duke Jr.,25,SAS,SG,1,0,8,1,4,.250,0,1,.000,1,3,.333,.250,1,2,.500,0,0,0,2,0,0,0,1,3,0,,2024-2025
Collin Gillespie,25,PHO,PG,1,0,3,1,2,.500,1,1,1.000,0,1,.000,.750,0,0,,0,0,0,0,0,0,0,0,3,0,,2024-2025
Jaylen Martin,21,BRK,SF,2,0,3,1,1,1.000,1,1,1.000,0,0,,1.500,0,0,,0,0,0,0,0,0,0,1,3,0,,2024-2025
Tristen Newton,23,IND,SG,5,0,8,1,6,.167,0,3,.000,1,3,.333,.167,1,1,1.000,0,0,0,1,0,0,1,2,3,0,,2024-2025
Quincy Olivari,23,LAL,PG,1,0,8,1,3,.333,1,3,.333,0,0,,.500,0,0,,0,0,0,0,0,0,1,0,3,0,,2024-2025
Trevelin Queen,27,ORL,SG,3,0,7,1,3,.333,1,1,1.000,0,2,.000,.500,0,0,,0,0,0,0,0,0,1,2,3,0,,2024-2025
Oscar Tshiebwe,25,UTA,PF,1,0,16,0,0,,0,0,,0,0,,,3,4,.750,3,6,9,0,2,0,1,3,3,0,,2024-2025
Stanley Umude,25,MIL,SG,6,0,17,1,3,.333,1,3,.333,0,0,,.500,0,2,.000,0,3,3,1,0,1,0,0,3,0,,2024-2025
Reece Beekman,23,2TM,PG,3,0,8,1,1,1.000,0,0,,1,1,1.000,1.000,0,0,,1,0,1,1,1,0,1,1,2,0,,2024-2025
Reece Beekman,23,GSW,PG,2,0,4,1,1,1.000,0,0,,1,1,1.000,1.000,0,0,,1,0,1,1,1,0,0,1,2,0,,2024-2025
Reece Beekman,23,BRK,PG,1,0,4,0,0,,0,0,,0,0,,,0,0,,0,0,0,0,0,0,1,0,0,0,,2024-2025
Ulrich Chomche,19,TOR,PF,1,0,5,1,1,1.000,0,0,,1,1,1.000,1.000,0,0,,0,1,1,0,0,0,0,0,2,0,,2024-2025
Mouhamed Gueye,22,ATL,PF,2,0,11,1,4,.250,0,2,.000,1,2,.500,.250,0,0,,0,2,2,0,0,0,1,0,2,0,,2024-2025
Keshad Johnson,23,MIA,SF,2,0,12,1,2,.500,0,1,.000,1,1,1.000,.500,0,0,,0,2,2,0,0,0,0,0,2,0,,2024-2025
Malevy Leons,25,OKC,SF,6,0,21,0,2,.000,0,1,.000,0,1,.000,.000,2,4,.500,1,2,3,1,0,0,1,4,2,0,,2024-2025
Chris Livingston,21,MIL,SF,3,0,6,1,2,.500,0,0,,1,2,.500,.500,0,0,,1,1,2,1,1,0,1,0,2,0,,2024-2025
Bryce McGowens,22,POR,SG,1,0,3,1,2,.500,0,1,.000,1,1,1.000,.500,0,0,,0,0,0,1,0,0,0,0,2,0,,2024-2025
Alex Reese,25,OKC,PF,1,0,2,1,1,1.000,0,0,,1,1,1.000,1.000,0,0,,1,0,1,0,0,0,0,0,2,0,,2024-2025
Jacob Toppin,24,NYK,SF,7,0,21,1,3,.333,0,2,.000,1,1,1.000,.333,0,0,,0,3,3,2,0,0,1,0,2,0,,2024-2025
Dominick Barlow,21,ATL,SF,2,0,11,0,1,.000,0,0,,0,1,.000,.000,1,2,.500,0,0,0,0,0,0,0,1,1,0,,2024-2025
Jalen Bridges,23,PHO,SF,2,0,11,0,2,.000,0,2,.000,0,0,,.000,1,2,.500,0,1,1,0,0,0,2,0,1,0,,2024-2025
Daishen Nix,22,MIN,PG,3,0,13,0,1,.000,0,1,.000,0,0,,.000,1,2,.500,0,4,4,3,0,0,4,1,1,0,,2024-2025
Isaiah Crawford,23,SAC,SF,1,0,5,0,0,,0,0,,0,0,,,0,0,,0,1,1,0,0,0,0,1,0,0,,2024-2025
Alex Ducas,24,OKC,SG,4,0,7,0,3,.000,0,2,.000,0,1,.000,.000,0,0,,0,0,0,0,0,0,0,0,0,0,,2024-2025
Kessler Edwards,24,DAL,SF,7,0,13,0,3,.000,0,3,.000,0,0,,.000,0,0,,0,1,1,0,0,0,1,2,0,0,,2024-2025
Joe Ingles,37,MIN,SF,7,0,26,0,2,.000,0,2,.000,0,0,,.000,0,0,,2,0,2,9,0,0,1,5,0,0,,2024-2025
Harrison Ingram,22,SAS,SF,1,0,7,0,1,.000,0,0,,0,1,.000,.000,0,0,,0,1,1,0,0,0,0,1,0,0,,2024-2025
Daniss Jenkins,23,DET,PG,2,0,5,0,2,.000,0,2,.000,0,0,,.000,0,0,,0,0,0,0,0,0,0,1,0,0,,2024-2025
Mason Jones,26,SAC,SG,3,0,13,0,2,.000,0,2,.000,0,0,,.000,0,0,,1,3,4,7,0,0,0,1,0,0,,2024-2025
Spencer Jones,23,DEN,SF,2,0,4,0,1,.000,0,1,.000,0,0,,.000,0,0,,0,1,1,0,2,0,0,0,0,0,,2024-2025
Mac McClung,26,ORL,SG,1,0,5,0,0,,0,0,,0,0,,,0,0,,0,1,1,2,0,0,0,0,0,0,,2024-2025
Justin Minaya,25,POR,SF,1,0,6,0,0,,0,0,,0,0,,,0,0,,0,1,1,0,0,0,0,1,0,0,,2024-2025
Riley Minix,24,SAS,SF,1,0,7,0,1,.000,0,1,.000,0,0,,.000,0,0,,0,2,2,0,0,0,0,0,0,0,,2024-2025
Cole Swider,25,DET,SF,2,0,13,0,5,.000,0,5,.000,0,0,,.000,0,0,,0,2,2,1,0,0,0,1,0,0,,2024-2025
League Average,,,,,,,,,.464,,,.360,,,.541,.540,,,.777,,,,,,,,,,,,2024-2025
