Player,Age,Team,Pos,G,GS,MP,FG,FGA,FG%,3P,3PA,3P%,2P,2PA,2P%,eFG%,FT,FTA,FT%,ORB,DRB,TRB,AST,STL,BLK,TOV,PF,PTS,ORtg,DRtg,Awards,Year
De'Aaron Fox,27,SAC,PG,28,28,1042,12.5,26.1,.480,2.6,8.1,.326,9.9,18.0,.550,.531,6.3,7.9,.805,1.4,5.1,6.5,7.9,2.2,0.4,4.6,3.5,34.1,112,114,,2024-2025
Mikal Bridges,28,NYK,SF,27,27,1034,9.4,19.0,.494,3.0,8.7,.346,6.4,10.3,.619,.573,0.8,1.1,.667,1.2,3.4,4.6,4.3,1.3,0.7,2.0,1.8,22.6,114,117,,2024-2025
Tyrese Haliburton,24,IND,PG,28,28,990,8.3,19.5,.427,4.2,11.8,.354,4.2,7.8,.538,.533,3.5,4.2,.839,1.0,3.6,4.6,11.8,1.7,0.9,2.8,2.1,24.4,121,118,,2024-2025
OG Anunoby,27,NYK,PF,27,27,987,8.5,17.9,.473,2.9,8.1,.352,5.6,9.8,.574,.553,2.8,3.4,.809,1.5,5.3,6.7,2.8,2.1,1.6,1.8,3.4,22.6,115,113,,2024-2025
Keegan Murray,24,SAC,PF,27,27,979,6.4,15.1,.426,2.2,7.3,.304,4.2,7.8,.541,.500,1.3,1.6,.844,3.2,7.1,10.2,2.0,1.0,1.1,1.3,4.0,16.4,111,115,,2024-2025
Trae Young,26,ATL,PG,27,27,976,8.5,21.7,.390,3.4,10.5,.320,5.1,11.1,.457,.468,7.4,8.4,.881,0.8,4.2,5.0,15.7,1.7,0.2,5.9,2.8,27.6,112,118,,2024-2025
Pascal Siakam,30,IND,PF,28,28,967,10.7,20.3,.526,2.6,6.1,.426,8.1,14.2,.568,.589,4.0,5.1,.786,2.4,7.2,9.7,4.8,1.3,0.4,2.0,4.0,27.9,123,117,,2024-2025
Josh Hart,29,NYK,SG,26,26,957,7.3,12.4,.594,1.9,4.6,.404,5.5,7.8,.707,.669,2.4,2.9,.821,2.1,8.9,11.0,7.4,2.0,0.5,2.4,3.2,18.9,135,112,,2024-2025
Jalen Johnson,23,ATL,SF,26,26,955,9.9,19.7,.501,1.9,5.5,.342,8.0,14.1,.564,.549,3.3,4.4,.747,2.1,10.6,12.7,6.8,1.7,1.5,4.1,2.5,24.9,110,112,,2024-2025
Devin Booker,28,PHO,SG,26,26,951,10.7,24.4,.439,3.6,10.4,.345,7.1,14.1,.507,.512,8.7,9.7,.899,1.6,3.4,4.9,8.6,1.5,0.5,3.1,3.0,33.8,122,119,,2024-2025
Domantas Sabonis,28,SAC,C,26,26,938,11.0,17.7,.626,1.4,3.1,.443,9.7,14.5,.665,.665,5.2,6.4,.815,4.4,13.1,17.5,8.3,1.1,0.6,4.1,4.7,28.7,132,111,,2024-2025
Anthony Edwards,23,MIN,SG,26,26,931,12.5,27.6,.453,5.9,13.8,.424,6.6,13.8,.483,.559,4.6,5.7,.807,0.8,6.5,7.4,5.4,1.9,0.8,4.2,2.6,35.5,110,108,,2024-2025
Jalen Brunson,28,NYK,PG,27,27,925,12.0,24.7,.485,3.9,8.9,.431,8.1,15.8,.515,.563,7.7,9.3,.822,0.6,3.6,4.3,11.1,1.0,0.1,3.5,3.2,35.5,126,118,,2024-2025
Bennedict Mathurin,22,IND,SG,28,23,921,8.4,18.0,.465,2.2,5.9,.372,6.2,12.1,.511,.526,6.1,7.1,.854,1.8,7.2,9.0,2.6,1.1,0.5,3.1,3.6,25.1,110,118,,2024-2025
Anthony Davis,31,LAL,C,26,26,918,13.7,26.0,.527,1.0,3.2,.300,12.8,22.8,.559,.546,9.5,12.1,.786,3.7,12.4,16.1,4.6,1.8,3.0,3.0,2.8,38.0,121,109,,2024-2025
James Harden,35,LAC,PG,27,27,912,9.2,23.4,.392,4.2,12.0,.354,4.9,11.4,.432,.483,9.6,10.7,.894,0.8,8.4,9.2,12.0,2.3,0.9,6.7,2.8,32.2,110,108,,2024-2025
Jayson Tatum,26,BOS,PF,25,25,911,12.5,27.5,.453,5.0,14.1,.359,7.4,13.4,.552,.545,8.0,10.0,.801,0.7,11.4,12.1,7.4,1.6,0.6,3.7,3.5,37.9,118,109,,2024-2025
Ivica Zubac,27,LAC,C,28,28,902,10.3,16.8,.610,0.0,0.0,,10.3,16.8,.610,.610,2.4,4.5,.537,5.9,12.8,18.7,3.9,0.9,1.5,2.9,3.1,22.9,121,108,,2024-2025
Derrick White,30,BOS,SG,26,26,898,8.3,18.5,.451,5.2,13.1,.394,3.2,5.3,.592,.591,2.7,3.2,.847,1.6,5.3,6.9,6.9,1.5,1.6,2.0,3.0,24.6,128,111,,2024-2025
Shai Gilgeous-Alexander,26,OKC,PG,26,26,897,14.9,29.1,.513,2.9,8.6,.335,12.0,20.5,.588,.563,9.8,11.3,.867,1.1,6.5,7.6,8.7,2.7,1.4,3.7,3.0,42.5,124,103,,2024-2025
Fred VanVleet,30,HOU,PG,25,25,885,7.3,19.3,.377,3.2,10.7,.303,4.0,8.6,.468,.460,3.0,3.7,.809,0.9,4.9,5.7,8.3,2.0,0.7,1.9,3.2,20.8,114,107,,2024-2025
Rudy Gobert,32,MIN,C,26,26,883,5.6,8.8,.635,0.0,0.0,,5.6,8.8,.635,.635,3.7,4.9,.742,4.7,10.8,15.5,2.8,1.1,2.0,2.3,4.0,14.9,131,106,,2024-2025
Jalen Green,22,HOU,SG,27,27,879,9.8,24.3,.405,3.7,11.6,.318,6.2,12.7,.485,.481,5.6,6.4,.872,0.8,6.2,6.9,3.9,1.6,0.4,4.1,2.6,29.0,104,108,,2024-2025
Michael Porter Jr.,26,DEN,SF,25,25,877,9.7,19.0,.513,3.1,8.1,.387,6.6,10.9,.607,.595,2.3,3.4,.683,2.1,7.5,9.6,3.8,1.2,0.5,1.8,2.9,24.9,121,116,,2024-2025
Dyson Daniels,21,ATL,SG,26,26,877,7.5,16.8,.447,1.5,5.2,.296,6.0,11.6,.514,.492,1.3,2.2,.610,2.3,4.7,7.0,4.6,4.0,1.2,2.5,3.8,17.9,103,111,,2024-2025
LeBron James,40,LAL,SF,25,25,874,12.0,24.7,.486,2.8,7.9,.362,9.2,16.9,.545,.544,4.6,6.2,.748,1.4,9.6,11.0,12.5,0.9,0.9,5.6,1.7,31.5,111,115,,2024-2025
Cade Cunningham,23,DET,PG,24,24,870,12.1,26.6,.457,3.3,8.6,.386,8.8,18.0,.491,.519,4.5,5.7,.784,1.5,8.4,9.8,12.9,1.1,1.2,6.1,3.7,32.0,109,114,,2024-2025
Ochai Agbaji,24,TOR,SG,28,26,867,7.3,13.8,.528,2.8,6.3,.447,4.5,7.5,.597,.631,0.9,1.3,.667,1.4,5.0,6.5,3.0,1.5,0.8,1.3,3.7,18.3,125,118,,2024-2025
Karl-Anthony Towns,29,NYK,C,25,25,862,12.6,23.6,.535,3.4,7.4,.461,9.2,16.3,.569,.607,7.3,8.7,.841,4.2,16.1,20.3,4.9,1.3,1.4,3.7,4.9,36.0,126,108,,2024-2025
Nikola Vučević,34,CHI,C,27,27,858,12.1,20.5,.592,3.2,6.6,.480,9.0,13.9,.645,.669,2.9,3.4,.857,2.8,11.3,14.1,4.7,1.1,1.2,2.6,3.4,30.3,129,115,,2024-2025
Ayo Dosunmu,25,CHI,SG,28,15,858,7.6,15.2,.500,2.1,6.2,.336,5.5,9.0,.613,.569,2.3,2.8,.808,0.9,5.0,5.9,6.9,1.1,0.8,1.9,3.5,19.6,121,118,,2024-2025
Julius Randle,30,MIN,PF,26,26,855,10.3,21.4,.483,2.5,7.1,.358,7.8,14.4,.544,.542,7.0,8.6,.819,2.6,7.3,10.0,5.9,1.2,0.2,4.1,3.8,30.2,116,110,,2024-2025
Kentavious Caldwell-Pope,31,ORL,SG,28,28,852,4.6,11.6,.395,2.3,7.7,.303,2.3,3.9,.574,.495,1.8,2.0,.886,0.6,2.7,3.3,3.0,2.6,0.9,1.3,3.5,13.3,109,108,,2024-2025
Coby White,24,CHI,SG,26,26,850,8.3,20.0,.417,4.4,12.2,.363,3.9,7.7,.503,.528,4.1,4.7,.872,0.5,4.6,5.1,6.4,1.6,0.3,3.3,3.6,25.2,109,118,,2024-2025
Dillon Brooks,29,HOU,SF,27,27,849,7.5,17.6,.427,3.5,8.9,.389,4.0,8.7,.467,.526,1.7,2.0,.833,1.9,4.0,6.0,2.4,1.0,0.5,1.5,5.2,20.2,115,110,,2024-2025
Kyrie Irving,32,DAL,SG,24,24,848,12.1,24.0,.504,4.2,9.0,.468,7.9,15.0,.525,.591,4.1,4.7,.880,1.5,4.9,6.4,7.3,1.6,0.3,3.0,3.1,32.5,125,115,,2024-2025
Cameron Johnson,28,BRK,PF,26,26,848,9.5,19.3,.489,5.0,11.5,.431,4.5,7.8,.575,.618,5.3,6.0,.874,1.1,5.7,6.8,4.7,1.2,0.8,1.7,2.9,29.2,130,118,,2024-2025
Alperen Sengun,22,HOU,C,27,27,842,11.4,23.7,.481,0.6,2.3,.250,10.8,21.4,.505,.493,5.8,7.6,.765,5.2,11.2,16.4,8.2,1.8,1.6,3.4,4.2,29.1,117,103,,2024-2025
Bam Adebayo,27,MIA,C,24,24,840,8.7,19.7,.443,1.4,4.1,.333,7.4,15.6,.472,.478,4.1,5.6,.726,3.6,10.9,14.5,7.2,2.1,1.1,2.6,2.8,22.8,113,108,,2024-2025
Jalen Suggs,23,ORL,PG,28,28,839,9.2,22.7,.405,3.7,11.8,.310,5.5,10.9,.508,.486,4.4,4.8,.915,1.1,5.8,6.9,6.5,2.5,1.7,4.7,4.5,26.5,102,106,,2024-2025
Jalen Williams,23,OKC,SG,26,26,838,12.5,25.2,.494,2.9,7.8,.378,9.5,17.5,.546,.552,4.0,4.9,.812,1.3,7.5,8.8,7.6,2.9,1.1,3.4,4.0,31.8,115,102,,2024-2025
Tyler Herro,25,MIA,SG,24,24,837,11.9,24.9,.476,5.9,14.3,.413,6.0,10.6,.561,.595,4.5,5.2,.875,0.4,7.0,7.4,6.9,1.1,0.1,3.5,2.3,34.2,118,114,,2024-2025
Tobias Harris,32,DET,PF,26,26,837,7.8,17.7,.439,2.2,6.6,.333,5.6,11.1,.503,.502,2.8,3.4,.845,1.6,8.8,10.5,3.6,1.2,1.3,1.9,3.0,20.6,111,113,,2024-2025
Bilal Coulibaly,20,WAS,SF,24,24,837,6.2,14.2,.437,1.6,5.1,.308,4.6,9.1,.509,.492,3.2,4.1,.795,2.0,5.4,7.3,4.5,2.0,1.0,2.8,3.5,17.2,106,120,,2024-2025
Jakob Poeltl,29,TOR,C,26,25,835,9.9,16.9,.589,0.0,0.1,.000,9.9,16.8,.593,.589,3.5,5.1,.682,5.9,10.7,16.6,4.1,1.7,1.9,3.2,5.3,23.4,119,112,,2024-2025
Tyus Jones,28,PHO,PG,26,26,831,7.3,15.1,.486,3.6,8.4,.430,3.7,6.7,.558,.606,1.0,1.2,.850,0.9,3.1,4.0,10.6,1.6,0.2,1.7,1.7,19.3,133,120,,2024-2025
Donovan Mitchell,28,CLE,SG,26,26,830,12.5,27.9,.448,5.6,13.9,.404,6.9,14.1,.492,.549,4.4,5.5,.800,0.8,6.3,7.1,6.7,2.4,0.5,3.2,3.3,35.0,114,110,,2024-2025
Franz Wagner,23,ORL,SF,25,25,829,13.1,28.2,.465,3.0,9.5,.321,10.1,18.7,.538,.519,7.1,8.0,.881,1.4,7.0,8.3,8.5,2.6,0.7,3.6,3.5,36.4,116,106,,2024-2025
Jabari Smith Jr.,21,HOU,PF,27,27,829,6.5,14.9,.439,2.8,7.7,.364,3.7,7.2,.520,.533,2.8,3.3,.857,2.7,7.6,10.4,1.7,0.5,1.5,1.1,3.8,18.7,123,108,,2024-2025
Toumani Camara,24,POR,PF,27,27,826,5.4,12.7,.429,2.5,6.8,.371,2.9,5.9,.495,.528,1.3,1.8,.733,3.4,4.9,8.2,3.2,2.3,0.8,2.5,4.6,14.7,110,117,,2024-2025
Jerami Grant,30,POR,PF,25,25,825,7.7,19.7,.390,3.7,9.9,.379,3.9,9.8,.401,.485,4.3,5.2,.820,0.8,4.6,5.4,3.5,1.5,1.5,2.1,3.5,23.4,110,119,,2024-2025
RJ Barrett,24,TOR,SG,24,24,824,12.1,26.7,.455,2.8,8.0,.350,9.3,18.6,.500,.508,6.0,8.3,.725,1.3,8.2,9.5,8.6,1.1,0.6,4.9,3.6,33.1,108,117,,2024-2025
Christian Braun,23,DEN,SG,24,24,822,7.8,13.9,.564,1.5,3.7,.406,6.3,10.2,.621,.618,3.5,4.5,.782,1.6,5.2,6.8,2.5,1.8,0.9,1.8,3.1,20.7,124,116,,2024-2025
Myles Turner,28,IND,C,26,26,821,8.1,17.2,.473,3.2,7.7,.409,5.0,9.5,.525,.565,3.4,4.7,.738,1.8,8.8,10.6,2.5,1.3,3.2,3.7,4.8,22.8,104,113,,2024-2025
Nikola Jokić,29,DEN,C,22,22,819,15.0,26.7,.564,2.8,5.7,.500,12.2,21.0,.581,.617,6.6,8.2,.803,4.6,11.9,16.5,12.5,2.3,0.9,4.9,2.6,39.5,129,110,,2024-2025
Brook Lopez,36,MIL,C,25,25,817,6.3,13.3,.475,2.7,7.5,.357,3.6,5.8,.629,.576,1.4,2.0,.706,1.8,5.5,7.3,2.3,1.6,3.2,1.7,3.7,16.8,113,112,,2024-2025
DeMar DeRozan,35,SAC,SF,23,23,816,11.0,22.6,.487,0.9,2.9,.306,10.1,19.6,.514,.507,7.2,8.4,.858,0.7,4.7,5.3,5.5,2.1,0.7,2.3,2.7,30.0,117,114,,2024-2025
Giannis Antetokounmpo,30,MIL,PF,23,23,810,17.7,28.8,.614,0.2,1.0,.176,17.5,27.8,.630,.617,9.7,15.8,.615,2.8,13.1,15.9,8.5,0.8,2.2,4.6,3.2,45.2,122,110,,2024-2025
Malik Beasley,28,DET,SG,28,8,803,9.8,22.7,.430,6.4,15.6,.411,3.3,7.0,.474,.572,1.8,2.5,.714,1.0,4.2,5.2,3.5,1.2,0.1,1.8,2.2,27.8,115,117,,2024-2025
Jarrett Allen,26,CLE,C,27,27,802,8.8,12.7,.695,0.0,0.1,.000,8.8,12.7,.698,.695,4.2,5.8,.732,3.8,12.8,16.6,3.0,1.6,1.4,1.7,2.0,21.9,142,107,,2024-2025
Damian Lillard,34,MIL,PG,22,22,800,10.6,23.6,.450,4.6,12.5,.371,6.0,11.1,.538,.548,8.6,9.4,.916,0.7,5.3,6.0,10.1,1.4,0.2,4.0,2.6,34.5,123,116,,2024-2025
Zach LaVine,29,CHI,SF,24,24,800,11.1,21.9,.505,4.6,10.6,.435,6.4,11.3,.571,.611,4.1,5.1,.809,0.3,5.9,6.2,5.8,1.2,0.3,3.9,2.5,30.9,114,119,,2024-2025
Julian Champagnie,23,SAS,SF,27,26,797,7.1,16.7,.427,4.3,12.0,.355,2.9,4.7,.610,.555,2.2,2.4,.900,1.4,7.0,8.4,2.4,1.5,1.0,1.7,2.6,20.7,113,115,,2024-2025
Dennis Schröder,31,2TM,PG,24,24,794,9.3,21.0,.442,3.6,9.6,.377,5.7,11.4,.497,.528,4.6,5.2,.880,0.2,4.1,4.4,9.8,1.6,0.2,3.9,3.6,26.8,113,119,,2024-2025
Dennis Schröder,31,BRK,PG,23,23,772,9.4,20.9,.452,3.7,9.6,.387,5.7,11.2,.509,.542,4.6,5.2,.889,0.3,4.1,4.4,9.8,1.7,0.3,3.8,3.6,27.2,115,119,,2024-2025
Dennis Schröder,31,GSW,PG,1,1,22,4.4,26.1,.167,0.0,8.7,.000,4.4,17.4,.250,.167,2.2,4.4,.500,0.0,4.4,4.4,10.9,0.0,0.0,8.7,4.4,10.9,50,118,,2024-2025
Keyonte George,21,UTA,PG,25,25,791,8.2,20.9,.394,4.2,11.9,.349,4.1,9.0,.453,.493,4.1,5.1,.807,0.7,4.4,5.1,8.7,1.1,0.3,5.1,2.7,24.7,105,124,,2024-2025
Darius Garland,25,CLE,PG,26,26,785,11.5,23.7,.485,4.5,10.8,.418,7.0,12.9,.540,.580,4.7,5.0,.939,0.7,3.1,3.8,10.3,1.6,0.4,3.9,3.8,32.2,122,114,,2024-2025
Jaden McDaniels,24,MIN,PF,26,26,779,6.6,14.9,.445,2.1,6.4,.327,4.5,8.5,.533,.515,1.4,2.0,.710,2.0,5.0,7.0,2.9,2.2,1.3,1.7,4.7,16.7,108,108,,2024-2025
Jaylen Brown,28,BOS,SF,22,22,778,11.4,26.0,.440,3.3,10.0,.333,8.1,16.0,.506,.504,6.4,8.5,.750,1.9,6.2,8.1,6.3,1.6,0.5,3.7,3.4,32.6,111,112,,2024-2025
Payton Pritchard,27,BOS,PG,27,0,776,9.5,19.6,.482,6.6,15.2,.434,2.8,4.3,.652,.651,2.3,2.8,.841,2.2,4.1,6.3,5.5,1.6,0.2,1.8,2.8,27.8,134,114,,2024-2025
Harrison Barnes,32,SAS,PF,27,27,771,6.2,12.8,.480,2.5,5.9,.426,3.7,6.9,.527,.578,3.8,4.8,.803,2.7,4.3,7.0,2.8,0.5,0.3,1.2,1.4,18.7,129,120,,2024-2025
Chris Paul,39,SAS,PG,27,27,766,5.6,13.0,.434,3.0,8.4,.364,2.6,4.6,.562,.551,2.3,2.3,1.000,1.0,6.1,7.0,14.3,2.6,0.4,3.3,3.2,16.6,126,114,,2024-2025
Kelly Oubre Jr.,29,PHI,SF,24,21,765,7.9,17.4,.453,2.1,6.8,.308,5.8,10.6,.546,.513,2.6,3.5,.741,2.6,6.4,9.0,2.4,1.9,0.8,2.2,4.6,20.4,108,113,,2024-2025
Luguentz Dort,25,OKC,SF,26,26,763,5.5,13.5,.407,3.5,9.0,.392,2.0,4.5,.437,.537,1.8,2.2,.800,2.5,5.4,7.8,2.9,2.1,1.4,1.0,5.1,16.3,120,105,,2024-2025
Evan Mobley,23,CLE,PF,25,25,759,11.1,19.7,.564,1.5,3.5,.411,9.7,16.2,.598,.601,5.3,6.6,.808,3.5,10.6,14.1,4.2,1.7,2.3,3.4,3.3,29.0,122,107,,2024-2025
Jaden Ivey,22,DET,SG,25,25,759,9.8,22.5,.436,3.0,8.2,.367,6.8,14.3,.475,.503,5.1,6.9,.731,2.1,4.6,6.6,6.7,1.5,0.6,4.8,3.9,27.7,105,116,,2024-2025
Brandon Miller,22,CHO,SF,22,22,757,10.7,26.4,.406,5.5,15.7,.353,5.2,10.7,.485,.511,3.8,4.3,.894,1.4,6.1,7.4,4.9,1.6,1.1,4.2,3.9,30.9,106,116,,2024-2025
Gradey Dick,21,TOR,SG,23,23,746,9.2,22.1,.416,3.9,11.1,.349,5.3,10.9,.485,.504,5.2,5.9,.890,1.1,4.0,5.1,2.9,1.2,0.4,2.5,3.4,27.5,111,119,,2024-2025
John Collins,27,UTA,PF,25,16,744,10.6,20.0,.529,2.3,5.3,.439,8.2,14.7,.562,.588,5.5,6.2,.895,3.6,9.5,13.2,4.1,1.8,1.4,4.0,4.7,29.0,120,118,,2024-2025
Anfernee Simons,25,POR,SG,24,24,744,9.6,23.0,.418,4.0,12.0,.332,5.7,11.0,.512,.504,4.4,4.8,.905,0.5,3.6,4.0,7.5,1.4,0.1,3.6,2.9,27.5,111,121,,2024-2025
Austin Reaves,26,LAL,SG,22,22,741,8.5,19.4,.437,3.9,10.8,.360,4.6,8.6,.534,.537,4.1,5.1,.808,1.1,4.2,5.3,7.2,1.6,0.3,3.1,3.3,25.0,113,118,,2024-2025
Santi Aldama,24,MEM,PF,28,11,741,9.2,17.9,.514,3.0,7.8,.389,6.2,10.1,.610,.598,1.9,2.5,.775,2.8,10.2,13.0,5.3,1.6,0.9,2.2,1.9,23.3,125,107,,2024-2025
Luka Dončić,25,DAL,PG,20,20,739,13.1,28.5,.459,4.6,13.0,.355,8.5,15.5,.546,.540,6.8,8.9,.766,0.9,10.2,11.1,10.6,2.7,0.6,4.5,3.6,37.7,117,109,,2024-2025
Jrue Holiday,34,BOS,PG,24,24,734,7.1,16.1,.438,2.9,8.9,.323,4.2,7.3,.578,.527,2.7,3.0,.889,1.7,4.8,6.5,6.3,1.2,0.6,2.3,2.2,19.6,119,114,,2024-2025
Josh Giddey,22,CHI,PG,27,27,732,7.7,17.0,.452,2.1,6.4,.327,5.6,10.6,.527,.513,2.8,3.9,.710,2.1,8.8,10.9,11.8,1.6,0.8,4.6,2.6,20.2,110,115,,2024-2025
Carlton Carrington,19,WAS,PG,25,17,732,5.2,13.5,.384,2.3,7.2,.321,2.9,6.3,.455,.469,1.3,1.6,.800,0.6,6.7,7.3,6.3,1.5,0.4,3.1,5.0,13.9,96,121,,2024-2025
Rui Hachimura,26,LAL,PF,22,22,730,6.6,13.8,.478,2.1,4.9,.432,4.5,8.9,.504,.556,2.5,3.1,.804,2.6,5.4,8.0,2.5,1.5,0.9,1.5,3.0,17.8,118,117,,2024-2025
Amen Thompson,22,HOU,SF,27,2,728,8.0,14.5,.553,0.6,2.1,.290,7.4,12.5,.596,.573,4.5,6.5,.694,4.0,8.3,12.3,3.8,2.1,1.7,3.3,4.4,21.2,118,104,,2024-2025
Jaren Jackson Jr.,25,MEM,C,26,26,726,12.7,24.6,.518,3.0,8.3,.366,9.7,16.3,.595,.579,7.2,8.8,.820,2.1,7.4,9.6,2.4,2.5,2.8,3.2,5.3,35.7,119,104,,2024-2025
Collin Sexton,26,UTA,SG,26,24,724,10.1,20.7,.486,3.1,7.1,.439,6.9,13.6,.510,.561,5.9,6.6,.889,1.3,3.1,4.5,5.7,1.2,0.2,4.5,3.9,29.2,115,125,,2024-2025
Davion Mitchell,26,TOR,PG,27,13,723,4.5,11.4,.398,1.6,5.5,.293,2.9,5.9,.494,.468,1.4,2.1,.677,0.9,3.1,4.1,9.1,1.5,0.5,3.5,5.2,12.1,102,119,,2024-2025
Jamal Murray,27,DEN,PG,20,20,721,8.9,20.9,.428,2.8,7.8,.356,6.2,13.1,.470,.494,3.9,4.9,.811,0.6,4.5,5.1,8.2,2.0,0.8,2.6,2.4,24.6,112,116,,2024-2025
Victor Wembanyama,21,SAS,C,22,22,716,13.1,27.6,.477,4.7,13.6,.343,8.5,14.0,.607,.561,5.5,6.3,.871,2.8,12.2,15.0,5.8,1.8,5.2,5.4,3.2,36.5,109,106,,2024-2025
Deni Avdija,24,POR,SF,27,12,713,7.5,17.0,.442,2.6,7.2,.368,4.9,9.8,.497,.520,5.2,6.6,.794,2.2,8.2,10.4,5.6,1.7,1.4,3.7,3.7,22.9,112,116,,2024-2025
Jordan Poole,25,WAS,SG,23,23,712,10.2,23.4,.435,4.9,12.2,.398,5.3,11.2,.476,.539,5.9,6.8,.856,0.4,3.2,3.6,7.7,2.6,0.7,5.3,5.3,31.1,107,120,,2024-2025
Cody Martin,29,CHO,SF,27,5,709,6.2,13.9,.445,2.3,7.0,.327,3.9,6.9,.566,.528,1.7,2.4,.686,2.0,6.7,8.8,4.2,2.2,1.3,2.0,3.7,16.3,113,114,,2024-2025
Anthony Black,21,ORL,PG,29,1,706,6.2,14.8,.422,1.3,5.0,.264,4.9,9.7,.504,.467,3.8,5.3,.720,1.1,4.5,5.5,7.6,2.0,1.5,4.5,4.3,17.6,99,108,,2024-2025
Stephon Castle,20,SAS,PG,26,17,702,7.2,19.1,.375,2.0,7.5,.269,5.2,11.7,.444,.428,4.4,5.9,.733,1.3,3.2,4.6,6.9,1.6,0.7,3.4,3.0,20.7,100,117,,2024-2025
Yves Missi,20,NOP,C,27,21,701,7.0,12.6,.552,0.0,0.0,,7.0,12.6,.552,.552,3.5,5.5,.646,7.2,8.9,16.1,2.3,1.3,2.2,2.0,4.1,17.5,123,118,,2024-2025
Tim Hardaway Jr.,32,DET,SG,25,25,694,5.7,14.0,.405,3.3,9.5,.346,2.4,4.5,.531,.523,2.5,2.9,.857,0.4,3.3,3.6,2.7,0.6,0.0,1.2,2.4,17.2,114,119,,2024-2025
Josh Green,24,CHO,SG,25,24,692,4.9,11.6,.423,2.6,6.3,.420,2.3,5.3,.427,.537,1.1,1.8,.600,1.8,2.8,4.6,2.9,1.6,0.6,1.6,5.3,13.5,113,118,,2024-2025
D'Angelo Russell,28,LAL,PG,26,10,689,8.3,20.0,.413,3.6,10.8,.333,4.7,9.2,.508,.504,2.8,3.3,.851,0.6,4.7,5.2,8.6,1.6,0.3,3.2,3.5,23.0,107,118,,2024-2025
P.J. Washington,26,DAL,PF,21,20,688,6.8,15.0,.451,2.2,5.8,.386,4.5,9.2,.492,.526,2.9,3.9,.750,2.2,9.7,12.0,3.4,2.0,1.7,2.4,3.0,18.8,112,110,,2024-2025
Cason Wallace,21,OKC,SG,26,15,688,5.1,12.1,.422,1.8,6.0,.302,3.3,6.1,.540,.497,0.4,0.5,.857,2.3,4.3,6.6,3.8,3.1,1.3,1.1,3.7,12.5,112,104,,2024-2025
Brandon Boston Jr.,23,NOP,SG,25,10,686,8.0,18.5,.435,2.4,7.0,.343,5.6,11.4,.491,.500,3.1,3.7,.827,1.2,5.2,6.4,5.7,2.7,0.4,2.6,3.2,21.5,109,119,,2024-2025
Jaylen Wells,21,MEM,SG,28,23,683,7.8,16.8,.464,3.4,8.5,.402,4.4,8.2,.528,.566,2.5,3.1,.809,1.7,4.4,6.2,3.1,0.8,0.3,2.3,3.4,21.5,116,113,,2024-2025
Norman Powell,31,LAC,SG,21,21,682,12.5,24.8,.503,5.8,12.0,.485,6.7,12.9,.520,.620,5.0,5.9,.841,0.4,4.5,4.9,3.9,1.7,0.2,3.0,2.9,35.8,121,112,,2024-2025
Royce O'Neale,31,PHO,SF,26,7,682,7.4,16.0,.462,4.9,10.6,.463,2.5,5.3,.459,.615,1.2,1.5,.762,2.1,9.0,11.1,4.2,1.7,1.1,1.9,4.3,20.8,121,115,,2024-2025
Draymond Green,34,GSW,PF,24,22,677,5.1,11.8,.431,2.5,6.3,.393,2.6,5.5,.474,.536,2.4,3.7,.642,1.6,8.6,10.1,9.5,1.7,1.6,4.3,5.6,15.1,108,109,,2024-2025
LaMelo Ball,23,CHO,PG,20,20,673,15.3,36.3,.421,6.6,19.2,.344,8.7,17.1,.509,.512,7.3,8.7,.840,1.3,6.4,7.8,10.9,2.1,0.3,6.2,5.8,44.5,111,115,,2024-2025
Lauri Markkanen,27,UTA,PF,21,21,667,8.8,19.6,.452,4.0,10.4,.385,4.9,9.2,.528,.554,7.2,8.1,.884,2.6,7.4,10.0,3.3,1.1,0.2,2.2,2.5,28.8,127,122,,2024-2025
Tyrese Maxey,24,PHI,PG,18,18,664,11.8,28.7,.410,4.0,12.5,.317,7.8,16.2,.481,.479,6.3,7.6,.832,0.3,4.6,4.9,6.7,2.8,0.4,3.1,3.5,33.8,108,113,,2024-2025
Amir Coffey,27,LAC,SG,27,8,664,7.5,15.0,.502,3.4,7.8,.434,4.1,7.2,.577,.616,2.6,3.2,.814,1.2,4.0,5.2,2.6,1.2,0.1,1.4,3.2,21.0,126,114,,2024-2025
Taurean Prince,30,MIL,SF,25,25,664,5.1,10.6,.479,3.4,6.7,.516,1.6,3.9,.415,.642,0.8,1.0,.846,1.2,6.5,7.6,3.2,1.5,0.4,2.1,3.7,14.4,118,115,,2024-2025
Zaccharie Risacher,19,ATL,SF,28,26,662,7.8,19.9,.394,2.3,8.5,.273,5.5,11.4,.485,.452,3.2,4.6,.682,2.2,4.3,6.6,2.2,1.7,1.3,2.1,4.1,21.2,99,116,,2024-2025
Jalen Wilson,24,BRK,PF,26,6,661,5.8,14.5,.404,2.8,8.2,.336,3.1,6.2,.494,.500,3.1,3.7,.840,1.9,4.6,6.5,3.4,1.0,0.1,1.7,4.4,17.6,112,120,,2024-2025
Derrick Jones Jr.,27,LAC,SF,26,26,645,7.6,15.0,.505,2.4,5.6,.432,5.2,9.4,.548,.586,2.1,2.4,.871,2.3,4.2,6.5,1.8,2.5,0.5,2.1,4.2,19.7,116,110,,2024-2025
Donte DiVincenzo,28,MIN,SG,26,2,644,5.9,16.2,.362,4.1,12.7,.325,1.8,3.6,.489,.488,1.1,1.4,.778,0.7,5.6,6.3,6.8,2.4,0.5,3.3,3.0,16.9,100,108,,2024-2025
Stephen Curry,36,GSW,PG,21,21,643,11.2,25.4,.443,6.3,15.5,.409,4.9,9.9,.496,.567,5.5,6.0,.925,0.7,7.1,7.9,10.0,2.0,0.7,4.9,1.5,34.3,117,110,,2024-2025
Clint Capela,30,ATL,C,28,28,643,9.1,15.6,.581,0.0,0.0,,9.1,15.6,.581,.581,2.1,3.9,.537,7.4,11.6,19.0,2.6,1.2,2.1,1.7,4.2,20.3,125,112,,2024-2025
Jake LaRavia,23,MEM,PF,28,0,642,5.9,12.0,.494,1.9,4.4,.419,4.1,7.6,.538,.571,3.3,4.6,.719,2.7,6.3,9.1,6.8,1.8,1.3,3.1,4.4,17.0,120,108,,2024-2025
Klay Thompson,34,DAL,SF,23,23,638,8.9,21.4,.415,5.3,13.8,.383,3.6,7.6,.475,.539,1.8,2.0,.889,1.3,4.9,6.2,3.2,1.3,0.6,2.0,2.3,24.9,112,116,,2024-2025
Russell Westbrook,36,DEN,PG,25,6,637,7.7,18.4,.417,2.2,6.7,.333,5.4,11.7,.465,.478,4.1,6.5,.625,1.6,6.0,7.6,12.1,3.1,1.2,4.7,4.7,21.7,106,112,,2024-2025
Naz Reid,25,MIN,C,26,0,636,8.6,19.4,.442,3.4,9.8,.346,5.2,9.6,.540,.530,3.2,3.7,.875,1.2,9.2,10.4,3.2,1.5,1.6,2.4,4.6,23.8,109,107,,2024-2025
Kris Dunn,30,LAC,PG,28,17,635,5.9,13.4,.443,2.2,6.6,.326,3.8,6.8,.557,.523,0.4,0.8,.500,1.5,6.1,7.6,5.9,3.7,0.5,2.2,5.6,14.4,109,106,,2024-2025
Terry Rozier,30,MIA,PG,22,12,631,7.1,17.7,.398,3.2,9.2,.350,3.8,8.5,.450,.489,2.9,3.2,.902,1.3,5.5,6.7,5.3,1.1,0.6,2.7,2.6,20.2,106,115,,2024-2025
Andrew Wiggins,29,GSW,SF,22,22,627,10.2,21.6,.470,4.0,8.9,.453,6.1,12.7,.482,.564,5.5,7.1,.774,2.5,4.5,7.0,3.8,1.5,1.1,1.9,2.9,29.9,123,113,,2024-2025
Dalton Knecht,23,LAL,SF,27,12,624,8.1,17.5,.464,3.9,10.5,.370,4.2,6.9,.607,.576,1.6,2.2,.714,1.3,6.3,7.6,2.3,1.0,0.1,1.2,3.1,21.7,115,118,,2024-2025
Scotty Pippen Jr.,24,MEM,PG,28,10,624,8.1,17.3,.466,1.9,5.9,.325,6.2,11.4,.538,.521,2.9,4.2,.684,1.2,5.9,7.1,10.5,2.1,0.7,4.1,5.1,20.9,111,108,,2024-2025
Alex Sarr,19,WAS,C,23,23,623,7.4,18.8,.392,2.2,7.8,.279,5.2,11.0,.473,.450,2.5,3.9,.635,3.6,7.5,11.1,3.6,1.2,3.2,2.6,4.9,19.4,98,117,,2024-2025
Buddy Hield,32,GSW,SG,26,5,621,10.0,22.1,.453,6.3,15.0,.423,3.7,7.2,.516,.596,1.9,2.0,.923,1.2,5.7,6.9,2.7,1.9,0.6,2.5,3.9,28.2,113,112,,2024-2025
Jimmy Butler,35,MIA,PF,19,19,619,9.7,17.7,.552,0.8,2.2,.357,8.9,15.4,.580,.575,9.2,11.7,.782,4.1,5.1,9.2,7.6,2.0,0.6,2.1,1.6,29.5,137,113,,2024-2025
Nickeil Alexander-Walker,26,MIN,SG,26,2,618,7.3,14.5,.505,3.4,7.9,.434,3.9,6.6,.590,.624,2.1,2.7,.765,1.4,4.2,5.6,5.1,1.9,0.7,2.9,3.3,20.1,118,110,,2024-2025
Malik Monk,26,SAC,SG,21,8,616,9.6,21.1,.455,4.0,10.8,.372,5.6,10.3,.542,.550,3.5,4.2,.849,0.3,5.6,5.9,8.2,1.3,0.9,2.5,3.9,26.7,119,115,,2024-2025
Kevin Huerter,26,SAC,SG,24,15,614,7.0,16.2,.432,3.5,11.0,.317,3.5,5.3,.672,.539,1.0,1.5,.684,0.7,5.9,6.6,3.9,2.0,0.9,2.1,4.3,18.5,107,113,,2024-2025
Keldon Johnson,25,SAS,SF,24,0,613,8.9,19.6,.452,2.1,7.4,.290,6.7,12.3,.548,.506,4.0,5.3,.761,2.2,7.9,10.1,3.2,1.6,0.4,1.6,3.2,23.9,113,115,,2024-2025
Brandin Podziemski,21,GSW,SG,25,8,613,6.2,15.8,.396,1.9,7.3,.258,4.4,8.5,.514,.455,1.7,2.3,.733,2.0,7.0,9.0,6.8,1.6,0.5,2.3,3.2,16.1,107,112,,2024-2025
Jalen Duren,21,DET,C,25,25,608,7.3,10.6,.684,0.0,0.0,,7.3,10.6,.684,.684,3.1,5.4,.582,6.2,12.1,18.2,4.6,1.0,2.4,4.1,6.5,17.7,121,110,,2024-2025
Jonathan Kuminga,22,GSW,PF,24,10,607,11.0,24.8,.441,2.2,7.0,.315,8.8,17.8,.491,.486,4.7,8.0,.594,2.3,6.0,8.3,3.7,1.8,1.1,3.0,3.9,28.9,102,111,,2024-2025
Peyton Watson,22,DEN,SF,25,12,607,6.4,13.0,.494,1.6,4.2,.370,4.8,8.7,.554,.554,3.3,4.3,.764,2.0,4.5,6.5,2.3,1.6,1.7,1.6,4.1,17.6,119,115,,2024-2025
Brandon Ingram,27,NOP,SF,18,18,595,12.7,27.3,.465,3.5,9.4,.374,9.2,17.9,.514,.530,3.9,4.5,.855,1.4,6.8,8.2,7.6,1.3,0.9,5.7,3.7,32.8,104,120,,2024-2025
Onyeka Okongwu,24,ATL,C,25,0,594,8.6,15.8,.542,0.8,3.2,.244,7.8,12.6,.617,.567,4.1,5.3,.779,4.9,8.0,13.0,2.7,1.3,1.3,1.6,4.3,22.1,127,115,,2024-2025
Gary Trent Jr.,26,MIL,SG,23,7,593,5.7,14.1,.404,3.7,9.5,.388,2.0,4.5,.436,.535,1.8,2.1,.880,0.2,3.5,3.7,1.8,1.6,0.0,1.0,4.3,16.8,110,117,,2024-2025
Tristan Da Silva,23,ORL,SF,25,18,593,6.3,15.2,.418,2.5,7.4,.337,3.8,7.8,.495,.500,1.4,2.0,.708,2.2,5.3,7.4,3.0,0.8,0.3,1.6,3.2,16.6,108,112,,2024-2025
Jared McCain,20,PHI,SG,23,8,592,10.6,23.0,.460,4.3,11.2,.383,6.3,11.8,.532,.553,4.1,4.7,.875,1.1,3.6,4.7,5.0,1.3,0.0,3.1,3.1,29.6,114,117,,2024-2025
Javonte Green,31,NOP,SG,26,12,591,4.6,10.7,.431,1.4,4.6,.304,3.2,6.1,.527,.496,2.6,3.5,.744,2.1,5.0,7.1,1.7,2.2,1.5,1.2,2.7,13.3,112,119,,2024-2025
Walker Kessler,23,UTA,C,20,20,587,7.7,10.8,.718,0.2,0.2,1.000,7.6,10.6,.713,.725,2.3,4.0,.583,6.5,10.9,17.4,2.6,0.7,4.7,2.4,3.5,17.9,135,116,,2024-2025
Shaedon Sharpe,21,POR,SG,19,17,582,9.8,22.6,.434,2.7,9.9,.269,7.1,12.7,.562,.493,5.0,6.1,.811,1.2,4.4,5.6,4.1,1.2,0.3,2.8,2.7,27.2,109,121,,2024-2025
Caleb Martin,29,PHI,SF,20,15,582,5.1,12.6,.405,1.3,4.4,.294,3.8,8.3,.464,.456,3.3,5.0,.672,2.3,5.6,7.9,3.8,1.6,0.8,3.1,2.8,14.9,99,114,,2024-2025
Isaiah Stewart,23,DET,C,27,3,579,5.4,9.7,.552,0.4,1.8,.238,5.0,8.0,.621,.573,2.4,2.8,.879,5.0,8.5,13.5,3.9,1.1,2.9,2.4,6.1,13.6,125,111,,2024-2025
Bobby Portis,29,MIL,PF,24,1,578,11.1,23.3,.478,2.4,6.7,.367,8.7,16.6,.523,.531,1.8,2.4,.724,3.6,11.9,15.5,3.4,1.1,1.3,2.4,3.0,26.5,109,111,,2024-2025
Kevin Durant,36,PHO,PF,16,16,572,13.1,25.0,.522,3.5,8.4,.418,9.6,16.6,.575,.593,6.6,8.2,.811,0.3,9.0,9.2,5.3,0.9,1.7,4.3,2.2,36.3,114,116,,2024-2025
Guerschon Yabusele,29,PHI,PF,24,10,571,7.0,14.6,.476,3.0,7.9,.374,4.0,6.7,.597,.577,2.4,3.8,.614,3.5,7.7,11.1,3.8,1.3,0.9,2.7,5.4,19.2,115,114,,2024-2025
Cam Thomas,23,BRK,SG,17,17,568,12.0,25.9,.461,4.3,11.0,.389,7.7,14.9,.515,.544,8.5,9.8,.866,0.5,4.3,4.8,5.0,1.0,0.1,4.2,3.0,36.6,112,120,,2024-2025
Goga Bitadze,25,ORL,C,24,21,568,8.0,12.6,.634,0.0,1.0,.000,8.0,11.6,.692,.634,3.0,3.9,.778,6.0,10.4,16.4,4.1,1.6,3.3,3.0,5.2,19.1,127,103,,2024-2025
Moritz Wagner,27,ORL,C,29,1,563,12.3,21.9,.562,2.4,6.6,.360,9.9,15.3,.649,.616,6.9,9.7,.718,3.5,9.5,13.0,3.7,2.1,1.1,4.2,4.8,33.9,118,105,,2024-2025
Desmond Bane,26,MEM,SG,20,19,561,8.9,19.8,.449,2.9,8.9,.330,6.0,10.9,.545,.523,2.9,3.4,.833,1.4,8.2,9.5,7.4,1.6,0.8,3.6,4.2,23.6,111,108,,2024-2025
Georges Niang,31,CLE,PF,27,1,561,7.8,16.3,.476,3.8,10.6,.363,3.9,5.7,.687,.594,0.9,1.2,.786,1.8,7.6,9.4,2.9,0.8,0.4,2.4,5.2,20.3,113,113,,2024-2025
Mike Conley,37,MIN,PG,22,22,559,5.0,14.6,.343,3.7,10.1,.365,1.3,4.5,.294,.470,2.6,2.9,.909,1.1,4.7,5.7,8.9,2.8,0.5,2.6,3.1,16.3,112,108,,2024-2025
Miles McBride,24,NYK,PG,22,0,558,7.4,16.4,.449,4.2,9.8,.423,3.2,6.6,.486,.576,2.0,2.3,.846,1.2,3.9,5.1,5.9,1.7,0.4,2.0,3.2,20.8,121,116,,2024-2025
Al Horford,38,BOS,C,20,18,554,5.7,12.4,.461,3.6,9.1,.398,2.1,3.4,.632,.606,0.5,0.5,1.000,1.7,7.7,9.4,4.1,1.2,1.7,1.7,2.9,15.6,123,111,,2024-2025
Dorian Finney-Smith,31,BRK,PF,19,19,552,6.5,13.6,.474,4.2,9.3,.452,2.2,4.3,.521,.628,1.3,2.1,.652,2.6,4.8,7.4,2.8,1.6,1.1,1.5,4.8,18.5,123,118,,2024-2025
Obi Toppin,26,IND,PF,27,0,551,9.8,17.9,.549,3.1,8.7,.360,6.7,9.2,.726,.636,2.5,2.9,.879,1.7,8.0,9.7,4.3,1.8,1.0,1.6,3.7,25.3,128,115,,2024-2025
Spencer Dinwiddie,31,DAL,PG,25,1,551,5.3,13.5,.394,2.8,8.0,.352,2.5,5.6,.453,.497,4.6,5.4,.855,0.4,3.7,4.1,7.1,1.7,0.6,1.8,3.2,18.1,123,116,,2024-2025
Deandre Ayton,26,POR,C,18,18,548,10.5,19.0,.551,0.4,1.7,.263,10.1,17.4,.579,.563,1.2,2.0,.609,4.6,11.6,16.1,2.2,1.4,1.5,2.8,3.8,22.7,110,114,,2024-2025
Tari Eason,23,HOU,PF,24,0,546,9.3,19.6,.475,2.0,6.5,.315,7.3,13.1,.554,.527,3.3,4.3,.755,4.5,8.9,13.4,2.2,4.1,2.1,1.8,5.2,23.9,118,98,,2024-2025
Haywood Highsmith,28,MIA,SF,22,16,546,5.2,10.9,.475,2.6,6.2,.426,2.5,4.7,.538,.596,1.2,1.7,.684,1.5,4.4,6.0,2.3,2.3,1.5,1.4,4.1,14.1,117,111,,2024-2025
Keon Ellis,25,SAC,SG,26,4,545,4.8,10.3,.466,3.0,7.4,.410,1.8,2.9,.606,.612,2.4,2.8,.844,1.9,3.5,5.3,2.6,2.8,2.0,1.8,4.4,15.0,124,112,,2024-2025
Corey Kispert,25,WAS,SF,20,0,544,7.0,16.5,.422,3.3,10.1,.325,3.7,6.5,.573,.521,1.7,2.1,.833,0.6,5.3,5.9,2.6,1.0,0.3,2.0,2.8,18.9,103,123,,2024-2025
Max Christie,21,LAL,SG,26,5,536,4.4,10.7,.415,1.6,5.1,.321,2.8,5.6,.500,.492,4.2,4.9,.852,1.9,3.6,5.5,2.9,1.9,0.9,1.8,3.5,14.7,115,117,,2024-2025
Naji Marshall,27,DAL,SF,22,7,535,9.4,17.5,.536,1.6,5.3,.305,7.7,12.2,.637,.582,3.0,3.4,.868,2.2,4.7,6.8,4.6,1.9,0.2,2.9,3.0,23.3,119,115,,2024-2025
T.J. McConnell,32,IND,PG,27,0,534,12.4,21.9,.566,0.3,1.3,.214,12.1,20.7,.587,.572,2.2,3.0,.758,1.4,4.7,6.1,10.2,3.1,0.7,3.9,2.7,27.3,115,114,,2024-2025
Bradley Beal,31,PHO,SG,16,16,533,10.0,20.0,.500,3.0,8.3,.367,6.9,11.6,.595,.576,3.1,3.9,.810,1.0,5.0,6.0,4.5,1.6,1.1,3.4,4.2,26.1,110,117,,2024-2025
Daniel Gafford,26,DAL,C,26,12,531,12.0,16.6,.721,0.0,0.0,,12.0,16.6,.721,.721,4.4,6.5,.667,6.4,8.7,15.1,3.0,1.2,2.7,2.4,5.9,28.3,141,111,,2024-2025
Grayson Allen,29,PHO,SG,22,1,531,6.9,16.9,.407,4.6,12.2,.379,2.2,4.6,.480,.544,3.7,4.5,.833,1.4,5.2,6.6,3.7,1.8,0.6,2.1,3.1,22.1,114,118,,2024-2025
Aaron Wiggins,26,OKC,SG,26,8,529,8.2,18.2,.450,3.4,8.4,.402,4.8,9.8,.491,.543,1.4,1.7,.789,2.2,5.7,7.9,3.5,2.2,0.7,1.9,3.2,21.1,112,106,,2024-2025
Dereck Lively II,20,DAL,C,22,15,529,7.3,10.4,.702,0.0,0.0,,7.3,10.4,.702,.702,3.3,5.4,.610,5.9,9.5,15.4,4.8,1.1,3.3,2.5,5.8,17.8,137,110,,2024-2025
Duncan Robinson,30,MIA,SF,23,12,520,8.7,20.7,.422,5.4,14.1,.385,3.3,6.7,.500,.553,1.4,1.7,.833,0.8,4.1,4.8,4.8,1.1,0.3,2.1,4.7,24.3,111,116,,2024-2025
Julian Strawther,22,DEN,SG,25,0,516,7.3,15.7,.468,3.1,7.9,.395,4.2,7.8,.541,.567,3.2,3.9,.814,0.6,4.1,4.8,3.2,1.7,0.9,2.0,5.8,21.0,115,116,,2024-2025
Nic Claxton,25,BRK,C,21,13,516,8.5,13.7,.622,0.1,0.4,.250,8.5,13.4,.633,.626,1.9,4.1,.465,3.9,11.0,15.0,4.3,1.4,2.4,2.3,4.8,19.1,121,113,,2024-2025
Quentin Grimes,24,DAL,SG,25,9,515,7.0,15.0,.469,3.6,8.7,.409,3.5,6.3,.552,.588,3.0,4.2,.711,1.3,7.0,8.3,3.5,1.8,0.5,2.8,4.1,20.6,114,113,,2024-2025
Gabe Vincent,28,LAL,PG,27,4,515,4.1,11.2,.364,2.2,6.9,.315,1.9,4.3,.444,.462,0.4,0.8,.500,0.9,2.4,3.3,2.4,2.2,0.5,1.4,5.1,10.7,94,117,,2024-2025
Kyshawn George,21,WAS,SG,20,6,514,4.6,13.9,.333,2.2,9.1,.240,2.5,4.8,.509,.412,1.8,2.6,.714,1.3,6.1,7.4,4.6,1.2,1.3,1.9,5.6,13.3,95,121,,2024-2025
Scoot Henderson,20,POR,PG,20,3,513,7.2,18.5,.388,1.7,6.2,.273,5.5,12.2,.446,.434,4.1,5.2,.782,1.3,3.9,5.2,9.4,1.7,0.4,5.3,4.8,20.1,97,120,,2024-2025
Caris LeVert,30,CLE,SF,21,0,512,8.3,15.7,.530,3.7,7.5,.488,4.7,8.2,.568,.646,3.8,5.6,.683,1.0,4.7,5.7,8.2,1.9,1.0,2.6,2.6,24.1,130,112,,2024-2025
Trey Murphy III,24,NOP,SF,15,13,511,9.1,21.1,.430,4.0,11.6,.344,5.1,9.5,.535,.525,4.7,5.3,.875,1.1,5.2,6.3,3.3,1.6,1.0,2.4,3.2,26.8,113,121,,2024-2025
Nicolas Batum,36,LAC,PF,28,1,511,3.3,8.7,.374,2.6,7.0,.370,0.7,1.7,.389,.522,0.7,1.0,.700,1.9,5.4,7.3,3.9,1.2,1.2,1.2,3.7,9.8,117,111,,2024-2025
Ben Simmons,28,BRK,PG,21,15,510,5.3,9.0,.591,0.0,0.0,,5.3,9.0,.591,.591,0.8,1.3,.615,1.8,9.3,11.2,13.4,1.7,1.2,5.5,5.1,11.5,111,115,,2024-2025
Isaiah Joe,25,OKC,SG,24,9,509,7.0,16.9,.413,5.0,13.2,.379,2.0,3.7,.538,.561,0.9,1.2,.769,1.1,5.0,6.1,3.6,1.5,0.6,1.1,3.8,20.0,117,108,,2024-2025
Jeremiah Robinson-Earl,24,NOP,PF,26,4,509,6.4,14.7,.438,2.0,6.2,.323,4.4,8.4,.523,.507,2.2,2.5,.885,5.1,7.1,12.2,2.9,1.8,0.3,2.1,3.4,17.1,114,120,,2024-2025
A.J. Green,25,MIL,SG,24,3,507,6.2,13.1,.478,5.7,11.9,.476,0.6,1.2,.500,.695,0.5,0.6,.833,0.4,4.5,4.9,2.2,1.2,0.2,1.6,4.9,18.6,123,117,,2024-2025
Brandon Clarke,28,MEM,PF,27,17,505,8.6,14.0,.613,0.1,1.5,.063,8.5,12.6,.676,.616,1.2,2.0,.591,4.2,8.5,12.7,2.5,1.9,1.1,1.3,5.0,18.5,129,107,,2024-2025
CJ McCollum,33,NOP,PG,15,15,504,11.8,27.1,.436,3.9,11.9,.325,7.9,15.2,.522,.507,2.8,4.1,.690,1.1,4.5,5.5,5.6,1.7,0.6,2.5,3.7,30.3,107,121,,2024-2025
Scottie Barnes,23,TOR,PF,15,15,501,10.7,23.2,.461,2.7,8.7,.311,8.0,14.6,.550,.519,5.2,7.1,.730,2.8,8.9,11.7,10.6,1.7,1.2,5.1,3.0,29.3,111,114,,2024-2025
Kevin Porter Jr.,24,LAC,SG,25,1,499,9.5,23.1,.413,1.5,6.4,.231,8.0,16.7,.482,.445,2.9,4.6,.638,1.7,7.3,8.9,7.3,2.5,0.7,5.4,3.8,23.5,92,108,,2024-2025
Jarace Walker,21,IND,PF,28,1,498,5.2,12.2,.425,2.6,6.8,.380,2.6,5.4,.482,.531,1.8,3.0,.613,1.2,8.4,9.5,4.0,2.9,0.9,3.8,4.4,14.8,95,112,,2024-2025
Jonathan Mogbo,23,TOR,PF,28,4,497,5.8,12.5,.465,0.7,2.1,.318,5.1,10.4,.495,.492,2.9,4.2,.698,5.5,7.1,12.6,5.0,2.3,1.2,2.5,5.1,15.3,115,114,,2024-2025
Patrick Williams,23,CHI,PF,18,17,491,5.4,14.9,.365,3.0,8.2,.368,2.4,6.8,.361,.465,2.3,2.7,.862,1.7,6.1,7.8,3.6,1.5,0.9,2.9,2.4,16.2,97,117,,2024-2025
Jonas Valančiūnas,32,WAS,C,25,6,489,11.3,20.3,.557,0.2,1.2,.154,11.1,19.1,.583,.561,5.4,5.8,.918,5.4,12.9,18.3,5.4,0.8,1.9,4.2,3.9,28.1,117,116,,2024-2025
Terance Mann,28,LAC,SG,23,11,484,5.7,13.0,.438,1.6,4.8,.340,4.0,8.2,.494,.500,1.6,2.4,.667,2.4,4.8,7.2,4.0,2.2,0.5,1.3,4.8,14.6,114,110,,2024-2025
De'Andre Hunter,27,ATL,SF,17,2,483,10.7,22.3,.478,4.6,10.2,.453,6.0,12.1,.500,.582,6.3,7.3,.868,1.1,5.7,6.7,2.1,1.2,0.2,2.1,4.1,32.3,122,118,,2024-2025
Isaac Okoro,24,CLE,SG,23,16,483,5.3,10.6,.495,3.0,6.1,.492,2.3,4.6,.500,.636,1.5,2.1,.714,2.1,3.1,5.2,4.0,1.7,1.0,0.9,4.7,15.0,137,113,,2024-2025
Grant Williams,26,CHO,PF,16,7,479,5.6,12.7,.439,2.8,7.6,.365,2.8,5.0,.551,.549,3.2,3.8,.838,1.9,6.6,8.4,3.8,1.9,1.3,2.9,4.7,17.1,114,115,,2024-2025
Ja Morant,25,MEM,PG,17,17,475,11.8,26.2,.449,2.4,7.8,.309,9.3,18.4,.508,.494,8.9,10.7,.829,1.3,6.3,7.5,13.3,1.9,0.7,6.1,2.9,34.8,114,109,,2024-2025
Jusuf Nurkić,30,PHO,C,19,19,475,6.3,14.0,.452,1.5,5.2,.280,4.9,8.8,.553,.504,4.2,6.2,.683,3.7,16.0,19.7,2.6,1.9,1.5,4.8,5.9,18.3,98,110,,2024-2025
Simone Fontecchio,29,DET,SF,26,0,475,5.4,13.6,.398,3.1,9.0,.341,2.4,4.6,.511,.511,3.2,3.9,.816,1.4,6.2,7.7,2.4,0.8,0.5,2.2,3.5,17.1,109,116,,2024-2025
Moussa Diabaté,23,CHO,C,25,4,475,3.9,6.6,.594,0.0,0.0,,3.9,6.6,.594,.594,0.6,1.8,.353,9.0,10.1,19.1,1.9,1.8,2.3,2.4,5.0,8.5,121,111,,2024-2025
Sam Hauser,27,BOS,PF,21,2,471,6.9,15.7,.437,4.9,13.1,.373,2.0,2.6,.760,.593,0.2,0.2,1.000,1.9,5.8,7.7,2.3,1.9,0.5,0.8,2.6,18.8,122,112,,2024-2025
Ty Jerome,27,CLE,SG,26,2,467,10.4,19.3,.537,3.5,7.8,.447,6.9,11.5,.598,.628,4.2,4.6,.911,1.4,4.0,5.4,9.2,3.4,0.1,3.3,4.1,28.4,130,110,,2024-2025
Sam Merrill,28,CLE,SG,23,1,465,5.6,14.8,.375,4.3,13.0,.333,1.2,1.9,.667,.521,1.5,1.6,.938,0.8,3.6,4.4,4.2,1.4,0.5,1.0,4.8,17.0,117,114,,2024-2025
Ziaire Williams,23,BRK,SF,21,7,459,6.9,17.2,.403,1.9,7.1,.273,5.0,10.0,.495,.459,3.8,4.8,.795,2.4,7.6,9.9,2.6,2.2,0.8,2.1,6.0,19.5,104,115,,2024-2025
Ron Holland,19,DET,SF,28,1,453,7.4,15.9,.466,1.3,6.1,.211,6.1,9.8,.626,.507,2.9,3.7,.794,1.7,7.5,9.2,2.0,1.4,0.5,2.9,4.8,19.0,102,114,,2024-2025
Chris Boucher,32,TOR,PF,25,0,452,9.4,20.9,.449,2.7,10.0,.266,6.7,10.9,.618,.513,4.5,6.0,.750,3.7,8.7,12.4,1.6,1.4,2.0,1.7,3.7,26.0,114,114,,2024-2025
Paul George,34,PHI,PF,14,14,442,9.8,22.4,.437,3.6,10.2,.352,6.2,12.1,.509,.518,3.8,4.8,.791,1.0,7.3,8.3,8.1,2.9,0.8,4.4,3.6,27.0,107,110,,2024-2025
Tidjane Salaün,19,CHO,PF,23,8,434,4.2,13.1,.322,2.5,8.7,.286,1.7,4.3,.395,.417,1.7,2.5,.682,2.4,8.2,10.6,2.5,1.4,0.5,2.0,3.5,12.6,96,116,,2024-2025
Andre Jackson Jr.,23,MIL,SG,24,16,432,3.8,9.4,.410,1.8,4.7,.381,2.0,4.6,.439,.506,0.5,0.9,.500,2.1,6.2,8.3,3.8,2.1,0.8,3.6,7.0,9.9,92,113,,2024-2025
Andre Drummond,31,PHI,C,21,13,431,7.6,14.6,.520,0.1,0.9,.125,7.5,13.7,.546,.524,3.6,6.2,.574,7.4,13.4,20.8,1.3,3.3,1.0,4.3,5.9,18.9,103,105,,2024-2025
Keon Johnson,22,BRK,SG,25,6,428,6.0,17.6,.342,3.4,11.0,.305,2.7,6.6,.404,.438,1.0,1.4,.750,1.5,6.6,8.1,3.1,1.5,0.9,2.9,6.7,16.4,88,117,,2024-2025
Mason Plumlee,34,PHO,C,25,7,423,4.5,8.1,.557,0.0,0.0,,4.5,8.1,.557,.557,2.7,4.9,.548,4.4,12.8,17.2,4.5,1.0,2.3,2.6,5.6,11.8,118,112,,2024-2025
Trayce Jackson-Davis,24,GSW,C,25,18,422,9.1,15.0,.606,0.0,0.1,.000,9.1,14.9,.611,.606,2.6,4.3,.605,4.8,9.0,13.7,5.7,0.8,1.9,2.2,3.4,20.8,127,110,,2024-2025
Jaime Jaquez Jr.,23,MIA,SF,20,1,421,7.8,18.4,.420,1.2,4.7,.250,6.6,13.7,.479,.452,4.0,5.5,.723,3.2,8.1,11.3,5.4,2.3,0.2,3.4,3.8,20.7,102,110,,2024-2025
Wendell Carter Jr.,25,ORL,C,16,16,419,4.6,9.7,.476,0.6,3.9,.152,4.0,5.8,.694,.506,4.1,5.5,.745,3.7,11.3,15.0,4.5,1.7,1.1,1.5,5.2,13.9,126,105,,2024-2025
Dean Wade,28,CLE,PF,19,10,418,3.8,11.0,.344,2.9,9.4,.305,0.9,1.6,.571,.474,0.9,2.3,.400,1.9,8.6,10.5,2.9,2.2,0.9,0.6,3.2,11.4,110,109,,2024-2025
Miles Bridges,26,CHO,PF,14,14,416,10.0,23.3,.426,3.1,10.3,.299,6.9,13.0,.527,.492,4.3,5.1,.837,1.5,9.7,11.3,5.2,0.8,0.7,2.4,2.4,27.3,112,116,,2024-2025
Aaron Gordon,29,DEN,PF,14,13,412,7.8,14.8,.527,2.1,4.8,.429,5.8,10.0,.575,.597,4.9,6.3,.782,3.0,6.8,9.8,5.3,0.7,0.3,2.4,2.8,22.7,127,118,,2024-2025
Jay Huff,26,MEM,C,27,1,410,9.6,18.6,.515,4.9,11.9,.411,4.7,6.7,.700,.647,3.5,4.6,.756,1.9,6.5,8.4,2.5,0.9,3.6,1.9,5.2,27.6,128,107,,2024-2025
Jeremy Sochan,21,SAS,PF,14,11,409,10.0,18.9,.528,0.6,2.7,.217,9.4,16.1,.581,.544,4.5,6.5,.691,5.0,9.0,14.0,4.6,1.9,1.2,3.2,4.4,25.0,115,112,,2024-2025
Jordan Clarkson,32,UTA,SG,16,2,405,9.9,24.6,.403,3.6,11.3,.316,6.3,13.2,.477,.476,5.4,6.7,.804,1.2,5.1,6.3,7.3,1.7,0.4,4.7,2.9,28.7,104,122,,2024-2025
KJ Martin,24,PHI,PF,21,4,404,6.8,10.5,.647,0.9,2.1,.412,5.9,8.4,.706,.688,3.0,3.6,.828,2.2,4.7,6.9,2.1,1.0,1.7,1.1,6.5,17.4,141,115,,2024-2025
Ajay Mitchell,22,OKC,SG,26,0,402,6.7,14.0,.479,1.7,3.8,.438,5.0,10.2,.494,.538,1.9,2.3,.842,1.2,3.5,4.7,5.3,2.5,0.2,2.4,5.4,17.0,112,107,,2024-2025
Dalano Banton,25,POR,PG,24,0,400,10.1,24.0,.422,3.7,10.3,.365,6.4,13.8,.465,.500,4.3,6.5,.667,1.1,5.6,6.6,7.6,2.7,1.6,4.8,3.3,28.4,103,115,,2024-2025
Lindy Waters III,27,GSW,SG,22,8,394,5.7,14.9,.382,3.8,10.6,.356,1.9,4.4,.444,.508,0.5,0.6,.800,1.3,5.7,7.0,3.6,1.8,0.6,1.0,4.4,15.7,112,112,,2024-2025
Kevon Looney,28,GSW,C,24,5,394,6.6,12.6,.519,0.0,0.0,,6.6,12.6,.519,.519,2.1,4.7,.436,10.0,11.9,21.9,5.2,2.4,0.7,1.8,6.9,15.2,126,106,,2024-2025
Shake Milton,28,BRK,SG,23,0,390,7.0,15.2,.458,2.5,6.9,.370,4.4,8.4,.530,.542,2.3,3.0,.750,1.8,3.6,5.3,6.0,1.3,0.1,1.9,3.9,18.8,118,120,,2024-2025
Cam Reddish,25,LAL,SF,20,8,388,3.1,6.6,.472,1.3,3.6,.345,1.9,3.0,.625,.566,1.5,2.1,.706,1.1,3.8,4.9,2.0,2.8,0.8,1.3,4.4,9.0,114,115,,2024-2025
Jonathan Isaac,27,ORL,PF,23,0,386,6.7,15.1,.441,2.3,7.8,.295,4.4,7.3,.596,.517,2.6,3.7,.690,4.9,8.6,13.4,0.6,2.6,4.2,1.3,4.2,18.2,115,101,,2024-2025
Neemias Queta,25,BOS,C,23,5,386,6.7,10.6,.631,0.0,0.3,.000,6.7,10.4,.646,.631,2.3,3.0,.750,4.8,8.9,13.7,2.2,0.9,2.8,2.2,6.0,15.7,129,109,,2024-2025
Julian Phillips,21,CHI,SF,27,2,385,5.7,13.0,.440,2.6,8.0,.328,3.1,5.0,.619,.541,2.0,3.1,.654,2.6,4.1,6.7,1.4,2.2,0.8,1.4,4.9,16.1,111,116,,2024-2025
Jalen Smith,24,CHI,C,25,1,384,8.0,17.6,.456,3.6,9.8,.366,4.4,7.8,.569,.558,4.0,5.0,.786,4.3,11.8,16.1,2.3,1.1,2.4,1.8,4.8,23.6,120,113,,2024-2025
Ryan Dunn,22,PHO,SF,22,9,378,6.8,15.9,.426,3.1,10.0,.312,3.6,5.9,.622,.525,0.7,1.6,.417,1.7,5.3,7.0,2.1,1.4,1.6,1.6,6.6,17.3,103,117,,2024-2025
Johnny Juzang,23,UTA,SG,22,0,377,6.5,16.3,.402,4.5,11.8,.380,2.1,4.5,.457,.539,1.4,1.7,.846,1.4,4.7,6.2,2.9,0.9,0.5,1.4,5.5,19.0,116,124,,2024-2025
Jamal Shead,22,TOR,PG,26,0,376,6.3,15.9,.395,2.2,6.7,.327,4.1,9.2,.444,.464,1.2,1.5,.750,0.6,2.7,3.3,9.8,1.7,0.3,4.4,6.3,15.9,97,119,,2024-2025
Marcus Smart,30,MEM,PG,17,6,373,6.1,16.8,.365,3.3,10.2,.325,2.8,6.6,.426,.464,3.6,4.3,.829,1.7,3.4,5.2,8.2,2.7,0.7,4.2,3.6,19.1,105,109,,2024-2025
Kyle Lowry,38,PHI,PG,17,10,368,3.4,9.2,.368,2.4,7.0,.346,0.9,2.2,.438,.500,2.4,3.1,.783,0.9,3.6,4.6,6.5,2.4,0.8,1.8,4.5,11.6,118,113,,2024-2025
Andrew Nembhard,25,IND,SG,14,14,366,6.2,13.6,.452,1.2,3.8,.310,5.0,9.8,.507,.495,3.5,4.1,.871,0.4,3.9,4.3,8.6,1.7,0.0,3.0,3.1,17.0,112,119,,2024-2025
Dejounte Murray,28,NOP,PG,11,11,361,8.6,23.5,.368,2.3,8.0,.288,6.4,15.5,.409,.417,4.7,5.5,.854,0.5,8.9,9.5,10.3,3.0,0.8,6.2,3.6,24.3,93,115,,2024-2025
Cameron Payne,30,NYK,PG,21,0,360,8.1,19.0,.428,4.8,11.6,.417,3.3,7.4,.444,.554,1.2,1.5,.818,1.0,4.3,5.2,9.2,1.8,1.1,1.4,5.9,22.3,126,114,,2024-2025
Moses Moody,22,GSW,SG,23,4,358,7.8,18.5,.420,4.0,11.0,.366,3.7,7.5,.500,.529,3.3,4.7,.714,1.3,4.4,5.7,2.7,0.8,0.8,2.4,3.5,22.9,107,115,,2024-2025
Alex Caruso,30,OKC,SG,18,0,358,5.4,14.0,.385,2.3,8.2,.279,3.1,5.8,.535,.466,0.9,1.2,.778,1.3,5.8,7.1,5.4,4.6,1.3,1.7,5.4,14.0,105,100,,2024-2025
Trey Lyles,29,SAC,PF,18,2,353,4.5,12.5,.363,3.0,9.1,.333,1.5,3.4,.440,.484,1.4,1.9,.714,2.1,7.7,9.7,2.3,1.4,1.5,1.4,3.4,13.4,107,113,,2024-2025
Luke Kornet,29,BOS,C,21,3,347,5.1,7.9,.643,0.0,0.0,,5.1,7.9,.643,.643,3.8,4.8,.794,5.6,7.7,13.4,4.5,1.4,3.1,1.3,3.7,13.9,154,108,,2024-2025
Matas Buzelis,20,CHI,SF,27,0,346,6.4,17.2,.372,3.1,8.9,.343,3.3,8.3,.403,.461,2.8,3.5,.808,1.9,7.9,9.7,1.9,1.1,2.7,2.3,5.2,18.6,97,115,,2024-2025
Kyle Anderson,31,GSW,PF,24,0,346,6.6,15.9,.417,1.8,5.4,.333,4.8,10.5,.461,.474,1.8,2.8,.650,1.5,8.2,9.7,7.6,2.5,1.7,1.7,3.6,16.9,113,107,,2024-2025
Jamison Battle,23,TOR,SF,25,0,344,7.3,15.2,.481,4.9,11.4,.432,2.4,3.8,.630,.644,1.3,1.5,.818,2.0,4.8,6.7,3.2,0.4,0.6,1.1,4.2,20.8,132,120,,2024-2025
Garrison Mathews,28,ATL,SG,19,1,343,5.8,13.4,.434,5.0,11.2,.446,0.8,2.2,.375,.621,3.5,4.2,.839,0.4,2.4,2.8,3.6,1.8,0.4,1.4,4.6,20.1,130,118,,2024-2025
Zach Collins,27,SAS,C,24,4,341,7.1,14.9,.476,1.7,5.1,.333,5.4,9.8,.551,.533,4.0,4.6,.875,4.0,7.4,11.4,6.0,1.6,1.7,3.0,7.5,19.9,119,113,,2024-2025
Gary Payton II,32,GSW,SG,26,4,341,7.6,14.2,.535,0.7,4.4,.161,6.9,9.8,.700,.559,0.8,1.5,.545,4.6,5.5,10.1,4.2,2.8,1.4,2.0,5.1,16.7,118,109,,2024-2025
Vasilije Micić,31,CHO,PG,16,7,340,6.1,17.8,.341,2.6,7.4,.353,3.5,10.4,.333,.415,1.3,1.7,.750,2.2,4.6,6.8,8.8,1.3,0.0,4.8,3.0,16.1,93,119,,2024-2025
Dalen Terry,22,CHI,SG,25,0,337,5.1,10.1,.500,1.4,3.7,.370,3.7,6.4,.574,.568,3.0,3.8,.786,2.2,2.6,4.8,3.1,2.0,1.0,2.9,4.8,14.5,111,117,,2024-2025
Oso Ighodaro,22,PHO,PF,21,2,336,5.4,8.8,.617,0.0,0.0,,5.4,8.8,.617,.617,1.5,1.9,.769,3.4,8.1,11.4,2.8,1.3,0.9,1.8,5.4,12.3,126,116,,2024-2025
Donovan Clingan,20,POR,C,20,7,335,7.1,13.4,.527,0.6,1.9,.308,6.5,11.5,.563,.548,2.3,3.2,.727,8.7,10.4,19.0,1.4,1.4,5.6,3.3,8.5,17.0,114,110,,2024-2025
Isaiah Hartenstein,26,OKC,C,11,10,334,8.6,15.0,.577,0.0,0.6,.000,8.6,14.4,.600,.577,2.5,3.9,.630,4.8,14.7,19.5,6.5,1.6,1.9,3.6,5.0,19.8,117,99,,2024-2025
Brice Sensabaugh,21,UTA,SF,20,0,332,8.1,17.8,.459,4.8,11.6,.413,3.3,6.1,.548,.594,1.9,2.2,.867,1.9,5.1,7.0,3.5,1.7,0.1,4.5,3.1,23.0,106,122,,2024-2025
Bogdan Bogdanović,32,ATL,SG,13,0,332,7.3,17.9,.406,4.0,11.9,.341,3.2,6.0,.535,.520,2.5,2.7,.947,1.3,4.9,6.1,3.9,1.7,0.6,3.1,4.6,21.1,105,117,,2024-2025
Kyle Kuzma,29,WAS,PF,12,12,330,10.8,25.7,.420,2.3,8.2,.276,8.5,17.4,.488,.464,3.1,4.5,.688,1.1,8.4,9.5,3.3,0.7,0.4,4.1,3.3,27.0,90,121,,2024-2025
Zach Edey,22,MEM,C,16,10,329,10.2,16.4,.619,1.0,1.7,.583,9.2,14.7,.623,.648,3.3,5.0,.667,7.7,8.3,16.0,2.2,1.8,2.4,3.8,7.4,24.6,123,105,,2024-2025
Herbert Jones,26,NOP,SF,10,10,324,6.6,14.6,.454,2.1,6.6,.318,4.5,8.0,.566,.526,2.9,3.6,.792,1.7,4.1,5.7,3.5,2.7,0.6,2.7,4.4,18.2,108,119,,2024-2025
Seth Curry,34,CHO,SG,25,5,321,6.8,14.6,.463,3.4,8.0,.423,3.4,6.6,.512,.579,1.4,1.7,.818,1.5,3.8,5.4,1.7,2.0,0.6,1.1,4.1,18.3,121,117,,2024-2025
Jaden Hardy,22,DAL,SG,22,2,320,7.8,20.0,.391,2.7,8.9,.305,5.1,11.1,.459,.459,3.3,3.8,.880,0.6,3.9,4.5,4.1,2.1,0.2,4.7,4.5,21.7,92,115,,2024-2025
Noah Clowney,20,BRK,PF,18,1,320,7.0,18.3,.381,4.5,12.5,.358,2.5,5.7,.432,.504,2.8,3.7,.750,2.5,7.1,9.6,1.9,0.8,1.9,2.2,8.1,21.2,104,117,,2024-2025
Tre Mann,23,CHO,PG,13,0,319,10.8,24.9,.435,3.7,9.3,.400,7.1,15.6,.455,.509,2.9,3.2,.905,1.9,4.0,5.9,6.0,1.1,0.6,3.9,3.7,28.3,107,119,,2024-2025
Jordan Hawkins,22,NOP,SG,12,3,319,7.5,20.3,.368,3.5,10.6,.333,4.0,9.8,.406,.455,4.3,4.7,.903,0.8,5.8,6.6,2.1,0.5,0.8,2.1,1.8,22.8,102,123,,2024-2025
Luke Kennard,28,MEM,SG,16,0,319,5.6,12.8,.438,4.2,9.0,.460,1.4,3.7,.385,.601,2.0,2.6,.778,1.0,4.6,5.6,6.5,1.6,0.3,1.6,1.7,17.4,131,111,,2024-2025
Jericho Sims,26,NYK,C,25,2,318,3.4,5.1,.667,0.0,0.0,,3.4,5.1,.667,.667,0.6,1.1,.571,5.1,9.3,14.5,2.3,0.9,1.4,2.3,5.4,7.5,125,113,,2024-2025
Devin Vassell,24,SAS,SG,12,1,309,11.6,24.2,.481,4.9,11.3,.431,6.8,12.9,.524,.581,3.1,3.9,.800,0.9,3.3,4.2,5.0,1.9,0.6,3.1,3.8,31.3,112,117,,2024-2025
Kyle Filipowski,21,UTA,C,17,8,306,6.8,13.1,.518,1.6,5.2,.303,5.2,7.9,.660,.578,3.2,5.4,.588,2.5,9.3,11.8,4.9,1.3,0.3,2.5,4.9,18.3,118,121,,2024-2025
Isaiah Collier,20,UTA,PG,18,1,302,3.7,11.8,.311,0.6,4.6,.138,3.0,7.2,.422,.338,1.3,2.9,.444,0.2,4.6,4.8,9.1,2.6,0.5,6.4,4.8,9.3,73,120,,2024-2025
Cody Williams,20,UTA,SG,16,7,299,2.9,10.8,.269,1.1,6.0,.189,1.8,4.8,.367,.321,1.0,1.6,.600,1.3,4.7,6.0,3.1,1.1,0.8,1.8,3.2,7.9,82,123,,2024-2025
Reed Sheppard,20,HOU,PG,25,0,297,5.9,16.6,.353,2.8,9.3,.298,3.1,7.3,.422,.436,0.7,0.7,1.000,1.3,3.3,4.6,5.0,2.1,1.5,2.4,3.9,15.1,97,107,,2024-2025
Eric Gordon,36,PHI,SG,17,1,290,4.8,14.1,.341,2.2,8.1,.277,2.6,6.0,.429,.421,2.9,3.8,.773,0.5,2.2,2.7,3.8,1.9,0.9,2.4,2.2,14.7,95,116,,2024-2025
Nick Richards,27,CHO,C,12,8,289,7.8,13.1,.597,0.0,0.2,.000,7.8,13.0,.605,.597,7.0,9.9,.707,5.8,12.8,18.6,2.9,1.0,3.1,3.4,5.5,22.7,124,110,,2024-2025
Ben Sheppard,23,IND,SG,14,5,288,4.8,11.7,.414,3.2,8.3,.380,1.7,3.3,.500,.550,0.0,0.0,,1.0,4.2,5.2,2.8,1.0,0.8,0.8,6.2,12.8,112,119,,2024-2025
Delon Wright,32,MIL,PG,18,2,287,2.9,9.0,.321,1.5,5.4,.281,1.4,3.6,.381,.406,0.8,1.7,.500,1.9,3.7,5.6,4.9,2.2,1.0,1.4,1.9,8.1,103,114,,2024-2025
Cole Anthony,24,ORL,PG,26,0,286,7.9,20.9,.380,2.9,9.3,.315,5.0,11.6,.433,.450,4.0,5.5,.719,1.4,7.6,9.0,8.8,1.7,0.7,5.5,6.0,22.8,96,108,,2024-2025
Drew Eubanks,27,UTA,C,21,0,284,6.5,11.4,.567,0.2,0.5,.333,6.3,10.9,.578,.575,2.9,4.6,.630,4.1,10.2,14.3,4.3,0.9,2.4,2.7,4.4,16.0,118,119,,2024-2025
Jose Alvarado,26,NOP,PG,11,7,282,6.9,17.5,.396,4.2,10.4,.400,2.8,7.1,.390,.515,2.4,2.9,.824,1.0,3.1,4.2,8.5,2.9,0.5,2.4,4.5,20.4,116,119,,2024-2025
Jett Howard,21,ORL,SF,27,0,282,6.5,17.5,.370,4.2,13.5,.312,2.3,4.0,.565,.490,1.1,1.2,.857,1.8,3.5,5.3,2.1,0.9,1.1,1.6,4.4,18.2,103,111,,2024-2025
Gary Harris,30,ORL,SG,17,2,282,4.2,10.5,.400,3.0,8.1,.370,1.2,2.5,.500,.542,0.7,1.1,.667,1.6,2.5,4.0,1.2,1.6,0.9,1.2,2.3,12.1,109,111,,2024-2025
Nikola Jović,21,MIA,PF,15,8,279,7.6,16.3,.467,2.8,8.2,.348,4.8,8.2,.587,.554,3.5,4.8,.741,1.4,8.5,9.9,3.4,2.5,0.4,1.4,3.7,21.6,119,110,,2024-2025
Ja'Kobe Walter,20,TOR,SG,14,5,275,6.8,19.0,.361,1.9,8.6,.224,4.9,10.4,.475,.412,1.8,2.6,.667,2.5,5.4,7.9,3.9,1.6,0.5,2.3,4.9,17.4,95,117,,2024-2025
Daniel Theis,32,NOP,C,19,7,270,4.7,11.0,.426,0.9,3.4,.263,3.8,7.6,.500,.467,1.8,2.2,.833,2.9,8.7,11.6,4.3,1.3,2.2,2.2,5.6,12.1,107,118,,2024-2025
Kris Murray,24,POR,SF,21,0,267,6.9,14.5,.475,2.0,6.0,.333,4.9,8.5,.574,.544,1.4,3.6,.400,4.0,4.7,8.7,2.5,1.6,0.5,2.2,3.8,17.2,109,119,,2024-2025
Jordan Miller,25,LAC,SF,17,0,266,8.1,18.4,.440,1.3,5.2,.250,6.8,13.3,.514,.475,3.1,4.1,.773,3.1,3.3,6.4,3.7,1.1,0.6,2.8,3.3,20.6,105,114,,2024-2025
Chet Holmgren,22,OKC,C,10,10,265,10.2,20.2,.505,2.5,6.7,.378,7.6,13.4,.568,.568,6.9,8.9,.776,2.9,12.9,15.8,3.6,1.5,4.7,4.2,3.3,29.8,114,98,,2024-2025
Talen Horton-Tucker,24,CHI,SG,22,0,264,10.3,19.5,.527,3.7,8.5,.429,6.6,11.0,.603,.621,4.0,6.1,.657,1.9,5.8,7.7,5.6,1.0,0.9,2.1,3.7,28.3,124,118,,2024-2025
Marcus Sasser,24,DET,PG,19,0,260,9.2,17.2,.533,3.2,7.9,.405,6.0,9.4,.640,.625,1.1,1.1,1.000,1.3,2.2,3.6,6.5,3.0,0.6,2.8,3.7,22.6,122,114,,2024-2025
Monte Morris,29,PHO,PG,21,0,258,7.1,16.2,.435,2.7,7.8,.341,4.4,8.4,.523,.518,3.4,4.4,.783,1.1,4.6,5.7,6.5,1.7,0.6,1.9,2.5,20.2,117,118,,2024-2025
Pat Connaughton,32,MIL,SG,15,0,255,5.0,13.4,.371,2.5,8.4,.295,2.5,5.0,.500,.464,1.7,2.3,.750,1.5,7.1,8.6,5.0,0.6,1.0,2.1,3.6,14.1,104,116,,2024-2025
Malaki Branham,21,SAS,SG,20,0,251,8.5,19.3,.440,3.3,8.3,.395,5.2,11.0,.474,.525,3.3,3.9,.850,0.6,5.2,5.8,4.8,1.4,0.4,4.8,2.7,23.6,98,117,,2024-2025
Maxi Kleber,33,DAL,PF,15,2,251,1.7,5.2,.333,0.4,1.7,.222,1.3,3.5,.389,.370,0.8,1.2,.667,1.3,7.1,8.4,1.5,0.4,1.3,1.9,5.6,4.6,82,115,,2024-2025
Blake Wesley,21,SAS,SG,21,0,247,6.7,14.5,.459,0.8,3.9,.200,5.9,10.6,.556,.486,2.9,4.1,.714,1.2,2.6,3.7,8.1,1.8,0.4,4.3,2.6,17.1,101,118,,2024-2025
Pelle Larsson,23,MIA,SG,15,0,245,6.9,12.7,.540,2.2,5.9,.379,4.6,6.9,.676,.627,2.2,4.0,.550,2.0,4.0,6.1,4.4,1.8,0.0,1.6,6.5,18.2,125,114,,2024-2025
Quenton Jackson,26,IND,PG,15,7,242,7.7,14.9,.520,1.8,4.8,.375,5.9,10.1,.588,.580,2.4,3.4,.706,2.0,3.4,5.4,5.5,1.8,1.0,2.2,5.7,19.6,119,118,,2024-2025
Malcolm Brogdon,32,WAS,PG,10,8,241,10.3,20.2,.510,1.9,5.1,.385,8.4,15.2,.551,.558,6.4,7.4,.868,1.9,5.8,7.8,5.6,1.0,0.6,3.1,3.9,28.9,119,122,,2024-2025
Jabari Walker,22,POR,SF,21,1,233,5.2,13.3,.391,0.6,3.9,.158,4.6,9.3,.489,.414,2.3,2.7,.846,3.9,9.5,13.5,2.7,1.7,0.6,2.7,5.6,13.3,98,116,,2024-2025
Ricky Council IV,23,PHI,SF,19,0,230,6.5,16.6,.390,1.5,6.5,.233,5.0,10.2,.489,.435,6.1,7.3,.824,2.2,5.6,7.8,3.5,1.1,0.9,1.3,3.0,20.5,113,115,,2024-2025
Jamal Cain,25,NOP,SF,16,0,225,5.4,11.9,.455,2.0,6.1,.321,3.5,5.9,.593,.536,2.2,3.5,.625,3.3,6.5,9.8,2.2,1.7,1.5,1.5,4.3,15.0,115,119,,2024-2025
Rayan Rupert,20,POR,SG,21,0,223,6.1,13.9,.438,2.0,6.3,.310,4.1,7.6,.543,.508,1.7,2.6,.667,3.7,3.7,7.4,2.4,1.5,0.4,2.6,3.5,15.8,105,120,,2024-2025
Kristaps Porziņģis,29,BOS,C,8,8,220,12.0,25.6,.470,3.8,11.3,.333,8.2,14.2,.578,.543,6.2,7.8,.800,2.9,9.8,12.7,2.9,1.3,2.7,1.3,3.6,34.0,122,108,,2024-2025
Jared Butler,24,WAS,SG,19,0,212,9.7,21.0,.463,1.5,5.5,.280,8.2,15.5,.529,.500,3.5,4.9,.727,1.1,3.1,4.2,10.8,1.5,0.4,3.3,5.3,24.5,111,123,,2024-2025
Trendon Watford,24,BRK,PF,13,0,209,8.3,18.7,.443,1.9,6.2,.308,6.4,12.6,.509,.494,7.1,8.3,.857,0.9,7.6,8.5,3.6,1.2,0.9,3.8,7.1,25.6,105,117,,2024-2025
Kenrich Williams,30,OKC,PF,16,0,208,8.3,14.6,.571,3.2,7.9,.412,5.1,6.7,.759,.683,1.9,1.9,1.000,2.8,7.6,10.4,3.2,2.1,0.9,0.7,6.5,21.8,145,104,,2024-2025
Justin Champagnie,23,WAS,SF,8,5,207,8.1,14.7,.554,2.0,6.1,.333,6.1,8.6,.711,.623,1.8,2.7,.667,4.7,7.2,12.0,2.5,2.5,1.1,1.6,4.1,20.1,126,117,,2024-2025
Dru Smith,27,MIA,SG,11,0,205,5.3,11.1,.478,2.7,5.3,.500,2.7,5.8,.458,.598,1.4,1.9,.750,2.4,5.1,7.5,4.3,3.6,1.2,2.7,5.1,14.7,115,108,,2024-2025
David Roddy,23,ATL,PF,14,1,204,6.1,10.9,.563,2.3,5.5,.417,3.9,5.5,.708,.667,2.5,3.0,.846,0.9,8.2,9.1,4.3,1.4,0.7,3.0,2.5,17.0,119,115,,2024-2025
Josh Okogie,26,PHO,SG,15,1,203,9.0,17.5,.514,2.4,5.8,.417,6.5,11.6,.563,.583,3.9,5.6,.696,4.6,6.1,10.7,1.9,3.4,1.0,2.4,3.6,24.3,118,113,,2024-2025
Larry Nance Jr.,32,ATL,PF,11,2,196,9.9,15.8,.627,5.0,8.3,.600,5.0,7.6,.656,.784,0.7,0.9,.750,3.1,6.2,9.2,3.8,2.4,0.9,0.9,4.0,25.5,151,114,,2024-2025
Lonzo Ball,27,CHI,PG,11,0,195,4.5,13.9,.322,3.5,11.8,.300,0.9,2.1,.444,.449,1.7,1.7,1.000,0.9,7.3,8.3,9.7,2.6,1.7,2.6,3.3,14.2,109,113,,2024-2025
Charles Bassey,24,SAS,C,18,0,194,9.0,16.0,.563,0.0,0.0,,9.0,16.0,.563,.563,2.8,5.3,.524,7.0,11.3,18.3,2.3,1.5,5.3,3.3,6.0,20.8,111,107,,2024-2025
Keaton Wallace,25,ATL,PG,12,1,194,5.3,13.1,.400,1.9,6.2,.308,3.3,6.9,.483,.473,1.0,1.0,1.000,0.5,3.8,4.3,5.3,2.4,1.4,2.9,3.1,13.4,97,115,,2024-2025
Jaxson Hayes,24,LAL,C,11,1,192,6.6,9.1,.722,0.0,0.0,,6.6,9.1,.722,.722,4.6,5.8,.783,5.3,7.4,12.7,2.3,1.0,2.3,2.0,7.1,17.7,143,115,,2024-2025
Zion Williamson,24,NOP,PF,6,6,186,12.3,27.3,.452,0.5,1.6,.333,11.8,25.7,.459,.462,10.5,15.7,.667,4.2,8.4,12.6,8.4,1.0,1.8,5.8,4.7,35.7,105,119,,2024-2025
Ousmane Dieng,21,OKC,PF,16,0,186,5.2,15.3,.339,2.3,9.3,.250,2.8,6.0,.478,.415,1.8,2.8,.636,2.3,8.5,10.9,3.4,2.8,1.0,1.0,4.7,14.5,101,102,,2024-2025
Paolo Banchero,22,ORL,PF,5,5,182,13.0,26.3,.495,3.0,8.7,.344,10.0,17.7,.569,.552,10.3,16.0,.644,3.3,8.7,11.9,7.6,0.8,1.1,3.0,3.5,39.4,121,109,,2024-2025
Sandro Mamukelashvili,25,SAS,PF,19,0,182,8.0,14.7,.545,4.5,10.1,.447,3.5,4.5,.765,.700,2.9,4.0,.733,3.2,11.5,14.7,1.9,0.8,1.3,2.4,3.2,23.5,127,113,,2024-2025
Doug McDermott,33,SAC,SF,21,3,182,7.5,17.3,.431,6.1,14.6,.418,1.3,2.7,.500,.608,0.8,1.3,.600,0.3,3.7,4.0,0.8,0.5,0.3,0.5,4.8,21.8,119,119,,2024-2025
Johnny Davis,22,WAS,SG,19,0,182,6.9,14.7,.474,1.5,4.6,.333,5.4,10.0,.538,.526,1.8,2.8,.636,1.8,6.2,8.0,2.1,3.1,1.5,1.0,4.1,17.2,111,116,,2024-2025
Alec Burks,33,MIA,SG,12,0,181,5.7,12.6,.457,4.1,8.7,.469,1.6,3.8,.429,.620,1.6,2.2,.750,1.1,5.2,6.3,4.4,1.6,0.8,0.5,1.4,17.2,135,113,,2024-2025
Mo Bamba,26,LAC,C,13,0,177,6.1,14.4,.423,1.7,6.6,.250,4.4,7.7,.571,.481,2.5,3.6,.692,2.8,12.5,15.2,3.0,2.2,3.9,2.2,7.7,16.3,106,101,,2024-2025
Dillon Jones,23,OKC,SF,21,0,177,5.2,15.0,.345,1.9,9.0,.212,3.3,6.0,.545,.409,1.4,2.2,.625,4.4,7.1,11.4,4.1,1.1,0.3,2.2,5.2,13.6,99,108,,2024-2025
Joel Embiid,30,PHI,C,6,6,176,11.0,26.8,.411,1.1,7.1,.160,9.9,19.8,.500,.432,11.3,11.9,.952,2.5,10.5,13.0,6.5,0.6,1.7,5.6,4.2,34.5,105,113,,2024-2025
Johnny Furphy,20,IND,SG,17,0,173,5.0,12.8,.391,3.0,7.8,.393,1.9,5.0,.389,.511,1.9,1.9,1.000,3.0,3.6,6.7,1.9,1.9,1.4,2.5,4.7,15.0,105,117,,2024-2025
Wendell Moore Jr.,23,DET,SG,12,0,171,5.4,10.2,.528,0.9,2.6,.333,4.6,7.7,.593,.569,3.1,3.4,.917,2.6,8.0,10.5,4.0,2.3,0.9,2.3,3.7,14.8,123,112,,2024-2025
John Konchar,28,MEM,SG,14,0,169,3.5,7.0,.500,2.4,6.0,.409,1.1,1.1,1.000,.673,0.8,1.1,.750,3.2,7.3,10.6,3.8,2.2,1.6,1.9,3.5,10.3,131,106,,2024-2025
Jaylen Nowell,25,NOP,SG,8,0,168,7.5,21.2,.356,2.3,7.8,.296,5.2,13.4,.391,.411,2.0,3.2,.636,1.7,4.1,5.8,5.2,0.3,1.2,2.3,2.6,19.5,95,124,,2024-2025
Aaron Holiday,28,HOU,PG,17,0,166,7.0,14.9,.471,5.0,11.1,.447,2.0,3.8,.538,.637,2.6,3.2,.818,0.0,5.2,5.2,6.1,0.6,0.3,1.5,3.5,21.6,137,111,,2024-2025
Trey Jemison,25,NOP,C,16,0,166,4.4,9.4,.469,0.0,0.0,,4.4,9.4,.469,.469,2.4,6.2,.381,6.5,6.5,12.9,2.9,2.1,1.8,2.9,7.9,11.2,99,118,,2024-2025
Christian Koloko,24,LAL,C,17,0,166,4.1,7.0,.583,0.0,0.6,.000,4.1,6.4,.636,.583,0.9,1.2,.750,3.8,7.3,11.1,1.2,1.5,2.1,1.5,6.4,9.1,120,114,,2024-2025
Kevin Love,36,MIA,PF,14,4,165,9.3,25.2,.369,5.4,14.7,.367,3.9,10.5,.371,.476,3.0,4.5,.667,4.2,15.6,19.8,5.4,3.9,0.6,3.3,3.9,27.0,103,102,,2024-2025
Tyrese Martin,25,BRK,SG,11,2,165,7.8,16.5,.473,5.7,12.3,.463,2.1,4.2,.500,.645,1.2,1.5,.800,2.7,5.4,8.1,3.6,1.5,0.6,2.1,3.9,22.5,123,118,,2024-2025
Vit Krejci,24,ATL,PG,14,0,165,3.4,11.0,.308,1.1,5.9,.190,2.2,5.1,.444,.359,1.4,2.5,.556,2.0,5.1,7.0,5.6,2.0,1.1,2.5,6.2,9.3,90,115,,2024-2025
Steven Adams,31,HOU,C,15,0,161,4.5,7.5,.600,0.0,0.0,,4.5,7.5,.600,.600,3.0,7.2,.417,6.9,8.7,15.6,4.5,1.2,0.6,6.0,4.8,12.0,96,107,,2024-2025
Jordan McLaughlin,28,SAC,PG,21,0,159,4.3,11.6,.368,2.4,6.7,.364,1.8,4.9,.375,.474,3.0,4.3,.714,0.9,4.9,5.8,5.8,2.7,0.0,2.4,3.4,14.0,107,114,,2024-2025
Robert Williams,27,POR,C,9,1,158,9.5,12.8,.738,0.3,0.6,.500,9.2,12.2,.750,.750,3.7,4.0,.923,5.2,9.8,15.0,3.7,2.4,4.0,2.4,2.8,22.9,145,110,,2024-2025
Jock Landale,29,HOU,C,15,0,158,6.4,14.4,.447,0.9,1.8,.500,5.5,12.5,.439,.479,3.1,5.8,.526,6.1,8.3,14.4,4.3,0.9,1.8,2.1,4.3,16.8,113,106,,2024-2025
Dwight Powell,33,DAL,C,21,0,158,2.4,3.0,.800,0.0,0.0,,2.4,3.0,.800,.800,5.2,7.3,.708,3.7,6.7,10.4,4.0,2.1,2.4,1.5,7.9,10.1,155,110,,2024-2025
Hunter Tyson,24,DEN,PF,17,0,157,4.5,9.7,.469,1.8,5.7,.316,2.7,3.9,.692,.563,3.6,3.9,.923,2.4,6.9,9.4,2.7,0.9,0.9,2.4,5.7,14.5,119,116,,2024-2025
Jordan Walsh,20,BOS,PF,19,1,157,2.8,9.7,.290,1.6,7.5,.208,1.2,2.2,.571,.371,0.0,0.3,.000,2.2,4.4,6.5,1.2,1.6,1.9,1.2,3.4,7.2,85,112,,2024-2025
Paul Reed,25,DET,C,14,0,155,9.1,16.3,.558,1.3,3.5,.364,7.8,12.9,.610,.596,4.4,5.3,.824,3.8,6.9,10.7,2.8,3.8,2.5,3.5,6.9,23.9,117,107,,2024-2025
Tre Jones,25,SAS,PG,9,0,154,3.2,10.1,.313,0.9,4.1,.231,2.2,6.0,.368,.359,3.2,4.4,.714,1.6,4.4,6.0,8.8,1.6,0.6,1.6,4.1,10.4,112,117,,2024-2025
Isaac Jones,24,SAC,PF,17,0,153,9.5,14.6,.652,0.3,1.3,.250,9.2,13.3,.690,.663,2.2,4.7,.467,2.5,6.0,8.5,0.6,0.6,2.5,2.8,7.0,21.5,111,114,,2024-2025
Kai Jones,24,LAC,C,19,0,152,4.8,6.4,.750,0.0,0.0,,4.8,6.4,.750,.750,2.9,3.9,.750,3.9,7.1,11.0,2.6,1.9,2.9,2.6,6.1,12.6,131,106,,2024-2025
Marvin Bagley III,25,WAS,C,18,1,151,11.2,21.1,.529,0.6,3.1,.200,10.5,18.0,.586,.544,3.7,5.9,.632,8.1,7.4,15.5,1.9,1.9,1.6,3.1,3.7,26.7,112,118,,2024-2025
Craig Porter Jr.,24,CLE,PG,16,0,151,5.7,9.8,.581,1.6,3.5,.455,4.1,6.3,.650,.661,1.0,1.6,.600,0.3,4.1,4.4,7.0,1.6,1.9,2.9,2.2,14.0,120,112,,2024-2025
Taj Gibson,39,CHO,C,14,8,151,5.2,11.1,.471,0.3,0.7,.500,4.9,10.4,.469,.485,1.3,2.0,.667,6.9,7.8,14.7,2.3,2.0,1.0,2.9,5.9,12.1,106,114,,2024-2025
Josh Richardson,31,MIA,SG,8,0,150,3.6,12.5,.289,2.0,7.3,.273,1.6,5.3,.313,.368,1.3,1.3,1.000,2.0,2.0,4.0,4.0,2.6,0.3,2.6,5.6,10.5,88,113,,2024-2025
Anthony Gill,32,WAS,PF,20,0,149,5.3,10.7,.500,1.3,3.8,.333,4.1,6.9,.591,.559,3.1,5.7,.556,1.6,6.3,7.9,1.9,1.6,0.3,1.6,3.8,15.1,111,121,,2024-2025
Xavier Tillman Sr.,26,BOS,C,17,1,147,2.3,9.6,.241,1.0,5.3,.188,1.3,4.3,.308,.293,0.3,0.7,.500,2.3,8.3,10.6,2.0,1.7,1.0,2.0,4.3,6.0,75,110,,2024-2025
Elfrid Payton,30,NOP,PG,7,3,144,7.8,15.6,.500,0.0,0.3,.000,7.8,15.2,.511,.500,0.3,0.7,.500,1.7,6.4,8.1,16.3,3.4,1.0,6.8,3.4,15.9,99,116,,2024-2025
Bruno Fernando,26,TOR,C,16,2,143,8.8,16.2,.542,0.0,0.0,,8.8,16.2,.542,.542,2.0,2.7,.750,7.1,9.8,16.9,6.1,1.4,3.0,4.7,8.8,19.6,109,112,,2024-2025
Alex Len,31,SAC,C,21,2,142,4.4,8.2,.542,0.0,1.4,.000,4.4,6.8,.650,.542,1.0,2.4,.429,3.4,8.5,11.9,5.8,1.0,4.1,2.0,5.8,9.9,117,110,,2024-2025
Antonio Reeves,24,NOP,SG,15,0,140,9.1,22.6,.400,3.1,11.5,.273,5.9,11.2,.531,.469,2.1,2.4,.857,1.7,4.2,5.9,2.4,1.7,0.0,1.4,2.4,23.3,104,122,,2024-2025
Patty Mills,36,UTA,PG,9,0,138,3.9,10.9,.355,2.5,8.4,.292,1.4,2.5,.571,.468,1.1,1.1,1.000,0.4,2.5,2.8,4.6,2.1,0.7,2.8,2.8,11.2,97,123,,2024-2025
Bones Hyland,24,LAC,PG,12,0,137,10.7,26.1,.411,8.2,18.6,.442,2.5,7.5,.333,.568,5.4,6.4,.833,1.1,3.6,4.6,5.0,3.9,1.4,5.4,5.4,35.0,108,106,,2024-2025
Ausar Thompson,22,DET,SF,8,3,136,8.9,20.8,.431,1.4,5.7,.250,7.5,15.0,.500,.466,2.9,5.4,.533,3.2,7.2,10.4,6.8,2.5,1.4,4.3,8.6,22.2,98,111,,2024-2025
Aaron Nesmith,25,IND,SF,6,6,136,6.7,12.7,.528,2.1,3.9,.545,4.6,8.8,.520,.611,3.9,4.6,.846,1.4,7.1,8.5,2.1,1.4,0.7,1.8,8.5,19.4,123,117,,2024-2025
Dario Šarić,30,DEN,C,10,3,136,4.2,13.9,.300,1.7,6.6,.263,2.4,7.3,.333,.363,1.7,2.1,.833,3.1,9.1,12.2,3.8,2.1,0.0,3.8,4.9,11.8,84,113,,2024-2025
DeAndre Jordan,36,DEN,C,13,0,133,5.3,9.3,.577,0.0,0.0,,5.3,9.3,.577,.577,0.7,2.9,.250,5.0,13.2,18.2,4.6,1.4,1.8,3.9,5.7,11.4,103,110,,2024-2025
Thomas Bryant,27,2TM,C,12,0,131,5.6,12.4,.455,2.6,6.8,.389,3.0,5.6,.533,.561,4.1,4.1,1.000,3.0,11.3,14.3,1.9,0.4,3.8,0.8,3.8,18.1,135,109,,2024-2025
Thomas Bryant,27,MIA,C,10,0,115,5.2,12.0,.429,2.6,7.3,.353,2.6,4.7,.545,.536,4.7,4.7,1.000,2.6,11.2,13.8,1.7,0.4,3.9,0.9,3.9,17.6,132,108,,2024-2025
Thomas Bryant,27,IND,C,2,0,16,9.0,15.0,.600,3.0,3.0,1.000,6.0,12.0,.500,.700,0.0,0.0,,6.0,12.0,18.0,3.0,0.0,3.0,0.0,3.0,21.0,153,114,,2024-2025
Rob Dillingham,20,MIN,PG,14,0,126,9.0,19.9,.451,3.5,8.2,.429,5.5,11.7,.467,.539,0.0,0.0,,0.4,3.9,4.3,9.3,0.8,0.0,5.8,1.9,21.4,97,114,,2024-2025
Kobe Bufkin,21,ATL,SG,10,0,124,6.7,17.6,.383,1.5,7.1,.211,5.2,10.5,.500,.426,4.9,6.7,.722,1.9,6.0,7.9,6.4,1.1,0.7,3.0,3.4,19.8,103,117,,2024-2025
Reggie Jackson,34,PHI,PG,11,0,124,6.8,16.4,.415,4.8,10.8,.444,2.0,5.6,.357,.561,0.0,0.0,,0.4,3.2,3.6,8.8,2.4,1.2,2.8,3.6,18.4,114,113,,2024-2025
De'Anthony Melton,26,GSW,SG,6,2,121,8.7,21.4,.407,5.1,13.8,.371,3.6,7.5,.474,.528,2.0,3.2,.625,2.4,5.5,7.9,6.7,2.8,0.8,4.0,7.1,24.5,106,109,,2024-2025
Nick Smith Jr.,20,CHO,SG,13,0,121,6.5,19.6,.333,3.3,10.6,.308,3.3,9.0,.364,.417,0.0,0.0,,0.4,4.1,4.5,4.1,1.6,0.4,1.2,3.3,16.3,95,118,,2024-2025
Olivier-Maxence Prosper,22,DAL,PF,17,0,121,4.8,13.5,.353,1.6,4.8,.333,3.2,8.8,.364,.412,2.0,3.6,.556,4.4,7.2,11.5,2.8,1.2,0.8,0.4,2.8,13.1,113,114,,2024-2025
KJ Simpson,22,CHO,PG,9,0,120,4.9,16.4,.300,1.2,8.2,.150,3.7,8.2,.450,.338,3.3,4.1,.800,3.7,2.5,6.2,7.4,2.1,0.8,3.7,5.3,14.4,94,117,,2024-2025
Precious Achiuwa,25,NYK,PF,6,1,120,5.8,11.6,.500,0.4,1.7,.250,5.4,9.9,.542,.518,2.1,4.1,.500,4.1,12.4,16.5,3.3,2.1,2.1,2.1,3.3,14.0,112,108,,2024-2025
Enrique Freeman,24,IND,PF,16,1,113,3.8,8.1,.474,0.4,2.1,.200,3.4,5.9,.571,.500,2.1,3.8,.556,1.3,3.8,5.1,2.5,0.8,0.8,1.7,6.4,10.2,103,120,,2024-2025
Tyler Kolek,23,NYK,PG,17,0,112,7.1,16.8,.421,4.4,10.2,.435,2.7,6.6,.400,.553,1.8,1.8,1.000,0.9,4.4,5.3,4.9,2.7,0.4,3.1,4.0,20.3,109,113,,2024-2025
Micah Potter,26,UTA,C,6,1,112,3.5,8.6,.400,2.6,6.9,.375,0.9,1.7,.500,.550,0.0,0.0,,4.7,11.2,16.0,2.2,0.4,1.3,2.2,3.0,9.5,113,120,,2024-2025
Jaylon Tyson,22,CLE,SG,14,1,108,5.3,12.0,.444,1.3,4.9,.273,4.0,7.1,.563,.500,1.3,2.7,.500,4.4,6.2,10.6,4.9,1.8,0.0,2.7,8.0,13.3,111,112,,2024-2025
Colby Jones,22,SAC,SG,18,0,102,3.8,10.4,.364,1.9,4.3,.444,1.9,6.2,.308,.455,0.0,0.0,,2.8,5.7,8.5,1.9,2.4,2.4,2.8,4.7,9.5,89,111,,2024-2025
Caleb Houstan,22,ORL,SF,18,0,99,4.0,13.0,.308,3.0,11.0,.273,1.0,2.0,.500,.423,1.0,1.0,1.000,1.0,3.5,4.5,0.5,0.0,1.0,0.5,3.0,12.0,96,114,,2024-2025
Ariel Hukporti,22,NYK,C,12,0,99,4.5,7.0,.643,0.0,0.0,,4.5,7.0,.643,.643,2.0,4.0,.500,2.0,9.0,11.0,3.0,0.0,4.0,5.0,7.0,11.0,91,112,,2024-2025
Josh Minott,22,MIN,SF,13,0,95,8.8,14.5,.607,1.5,6.2,.250,7.2,8.3,.875,.661,1.5,2.6,.600,1.5,6.7,8.3,3.1,3.1,2.1,2.6,6.2,20.7,117,104,,2024-2025
Day'Ron Sharpe,23,BRK,C,6,0,91,8.2,19.1,.429,1.1,4.9,.222,7.1,14.2,.500,.457,8.2,8.7,.938,6.5,8.7,15.2,2.7,3.8,1.1,4.4,6.0,25.6,110,110,,2024-2025
Adem Bona,21,PHI,C,14,0,90,4.4,7.2,.615,0.0,0.0,,4.4,7.2,.615,.615,2.8,3.3,.833,4.4,8.8,13.3,0.0,0.0,3.3,3.3,8.3,11.6,108,113,,2024-2025
Jae Crowder,34,SAC,SF,6,2,89,3.3,9.2,.353,1.6,6.5,.250,1.6,2.7,.600,.441,2.7,3.3,.833,3.3,6.0,9.2,2.2,1.6,0.0,2.2,5.4,10.9,106,115,,2024-2025
Khris Middleton,33,MIL,SF,4,0,85,4.0,15.5,.259,1.7,6.9,.250,2.3,8.6,.267,.315,6.3,6.9,.917,0.0,6.9,6.9,13.2,3.4,1.1,3.4,6.9,16.1,103,109,,2024-2025
Mark Williams,23,CHO,C,6,3,84,14.7,22.9,.641,0.0,0.0,,14.7,22.9,.641,.641,5.9,8.2,.714,8.2,11.1,19.4,5.3,1.2,3.5,1.8,5.3,35.2,140,111,,2024-2025
Isaiah Jackson,23,IND,C,5,1,84,8.0,13.1,.609,0.0,0.0,,8.0,13.1,.609,.609,4.0,8.0,.500,6.3,9.7,16.0,2.9,1.7,4.6,2.9,8.0,20.0,119,110,,2024-2025
Duop Reath,28,POR,C,13,0,83,5.8,15.1,.385,4.1,11.1,.368,1.7,4.1,.429,.519,0.0,0.0,,3.5,4.1,7.6,1.7,0.0,1.2,0.6,5.8,15.7,118,123,,2024-2025
Cam Whitmore,20,HOU,SF,9,0,82,11.8,29.5,.400,0.6,12.4,.048,11.2,17.1,.655,.410,5.9,9.4,.625,2.4,4.7,7.1,2.4,0.6,0.6,1.8,5.3,30.1,98,111,,2024-2025
Pacome Dadiet,19,NYK,SG,12,0,82,3.6,12.1,.300,3.0,8.5,.357,0.6,3.6,.167,.425,1.2,1.2,1.000,0.0,7.8,7.8,3.0,0.6,1.2,0.6,3.0,11.5,102,115,,2024-2025
Svi Mykhailiuk,27,UTA,SF,6,2,81,6.0,16.1,.370,4.2,13.1,.318,1.8,3.0,.600,.500,1.8,2.4,.750,0.6,5.4,6.0,4.8,3.0,0.6,6.0,4.8,17.9,88,119,,2024-2025
Drew Peterson,25,BOS,PF,7,0,81,3.0,9.1,.333,2.4,7.8,.308,0.6,1.2,.500,.467,3.6,4.2,.857,2.4,7.2,9.7,2.4,1.2,1.2,1.8,4.2,12.1,115,111,,2024-2025
Jeff Dowtin,27,PHI,PG,8,0,80,3.7,11.8,.316,0.6,5.0,.125,3.1,6.8,.455,.342,1.9,2.5,.750,1.2,3.7,5.0,5.6,1.9,0.0,0.6,3.1,9.9,101,116,,2024-2025
Zeke Nnaji,24,DEN,PF,16,0,79,6.0,13.8,.435,0.0,4.8,.000,6.0,9.0,.667,.435,0.6,3.0,.200,1.2,3.0,4.2,2.4,0.6,1.2,1.2,3.6,12.6,89,119,,2024-2025
Isaiah Wong,24,CHO,SG,5,0,78,7.6,17.7,.429,1.9,5.1,.375,5.7,12.6,.450,.482,5.7,8.8,.643,4.4,5.7,10.1,6.3,1.9,0.0,3.8,5.1,22.7,110,117,,2024-2025
Tristan Thompson,33,CLE,PF,10,0,76,8.2,15.1,.542,0.0,0.6,.000,8.2,14.5,.565,.542,0.6,6.3,.100,3.2,12.0,15.1,2.5,0.0,2.5,3.2,5.7,17.0,91,110,,2024-2025
Taylor Hendricks,21,UTA,PF,3,3,75,2.6,11.6,.222,1.9,7.7,.250,0.6,3.9,.167,.306,1.9,2.6,.750,3.2,6.4,9.7,1.3,3.2,2.6,1.3,5.2,9.0,88,115,,2024-2025
Kelly Olynyk,33,TOR,C,5,0,72,6.7,18.8,.357,2.0,6.0,.333,4.7,12.7,.368,.411,7.4,9.4,.786,3.4,10.7,14.1,6.7,4.7,0.7,4.7,8.0,22.8,102,107,,2024-2025
Ryan Rollins,22,MIL,PG,11,1,72,6.8,16.9,.400,4.1,8.1,.500,2.7,8.8,.308,.520,3.4,4.1,.833,2.0,5.4,7.4,6.1,4.7,2.7,4.7,6.8,21.0,103,105,,2024-2025
Kel'el Ware,20,MIA,C,10,0,69,7.2,17.9,.400,1.4,5.0,.286,5.7,12.9,.444,.440,1.4,1.4,1.000,1.4,10.0,11.5,0.7,2.1,3.6,2.9,4.3,17.2,85,105,,2024-2025
Immanuel Quickley,25,TOR,PG,3,3,68,11.4,29.8,.381,4.3,11.4,.375,7.1,18.5,.385,.452,5.7,6.4,.889,0.7,3.6,4.3,8.5,1.4,0.0,2.8,5.0,32.7,108,120,,2024-2025
Torrey Craig,34,CHI,SF,6,1,67,7.6,15.1,.500,4.8,12.4,.389,2.7,2.7,1.000,.659,1.4,1.4,1.000,2.1,6.9,8.9,2.1,0.7,0.7,0.0,6.9,21.3,140,118,,2024-2025
Cory Joseph,33,ORL,PG,15,0,63,4.7,14.1,.333,3.9,11.0,.357,0.8,3.1,.250,.472,0.0,0.0,,2.4,6.3,8.6,8.6,2.4,1.6,2.4,3.1,13.3,109,106,,2024-2025
DaQuan Jeffries,27,CHO,SG,3,0,61,10.5,16.2,.650,4.8,8.1,.600,5.7,8.1,.700,.800,0.8,1.6,.500,2.4,6.5,8.9,2.4,0.8,0.8,1.6,3.2,26.7,144,118,,2024-2025
Jae'Sean Tate,29,HOU,SF,11,0,61,7.1,13.5,.529,0.0,2.4,.000,7.1,11.1,.643,.529,4.8,7.1,.667,3.2,14.3,17.4,5.5,4.0,0.0,4.8,8.7,19.0,106,98,,2024-2025
Armel Traoré,22,LAL,SF,8,0,61,4.0,14.4,.278,0.0,5.6,.000,4.0,8.8,.455,.278,1.6,5.6,.286,0.8,10.4,11.2,0.8,3.2,1.6,1.6,4.8,9.6,60,109,,2024-2025
Patrick Baldwin Jr.,22,WAS,SF,12,0,57,7.4,15.6,.474,4.1,9.0,.455,3.3,6.6,.500,.605,1.6,3.3,.500,2.5,7.4,9.9,0.8,1.6,1.6,1.6,3.3,20.5,113,118,,2024-2025
Cam Spencer,24,MEM,SG,4,0,54,5.9,11.0,.538,2.5,5.1,.500,3.4,5.9,.571,.654,3.4,3.4,1.000,0.8,5.1,5.9,5.9,0.8,0.8,2.5,4.2,17.8,132,112,,2024-2025
Jevon Carter,29,CHI,PG,11,0,53,6.1,20.0,.304,3.5,13.9,.250,2.6,6.1,.429,.391,0.0,0.0,,0.9,6.1,7.0,5.2,2.6,0.0,3.5,0.9,15.6,80,116,,2024-2025
Chris Duarte,27,CHI,SG,12,0,50,8.3,16.6,.500,4.6,11.1,.417,3.7,5.5,.667,.639,5.5,7.4,.750,3.7,9.2,12.9,3.7,0.0,0.0,0.9,4.6,26.7,140,120,,2024-2025
Kobe Brown,25,LAC,PF,7,0,47,9.4,20.8,.450,1.0,6.3,.167,8.3,14.6,.571,.475,1.0,2.1,.500,5.2,11.5,16.7,4.2,1.0,0.0,0.0,5.2,20.8,118,110,,2024-2025
Luka Garza,26,MIN,C,9,0,46,14.9,26.7,.560,2.1,8.5,.250,12.8,18.1,.706,.600,5.3,8.5,.625,4.3,7.5,11.7,1.1,1.1,0.0,3.2,4.3,37.3,112,111,,2024-2025
Moses Brown,25,IND,C,9,0,46,13.6,20.9,.650,0.0,0.0,,13.6,20.9,.650,.650,3.1,5.2,.600,4.2,9.4,13.6,0.0,2.1,1.0,6.3,6.3,30.2,99,113,,2024-2025
Orlando Robinson,24,SAC,C,7,0,46,6.3,12.6,.500,1.1,4.2,.250,5.3,8.4,.625,.542,3.2,6.3,.500,3.2,9.5,12.6,7.4,2.1,1.1,3.2,6.3,16.8,113,111,,2024-2025
Matt Ryan,27,NYK,SF,9,0,45,6.6,23.1,.286,3.3,15.4,.214,3.3,7.7,.429,.357,0.0,0.0,,0.0,2.2,2.2,0.0,1.1,0.0,3.3,0.0,16.5,63,119,,2024-2025
Vince Williams Jr.,24,MEM,SG,3,0,45,7.1,19.3,.368,1.0,8.1,.125,6.1,11.2,.545,.395,1.0,4.1,.250,4.1,7.1,11.2,9.2,0.0,2.0,7.1,9.2,16.3,82,111,,2024-2025
Pat Spencer,28,GSW,PG,9,0,45,6.4,17.0,.375,0.0,3.2,.000,6.4,13.8,.462,.375,2.1,2.1,1.000,4.3,3.2,7.4,12.8,5.3,0.0,4.3,4.3,14.9,103,106,,2024-2025
Terrence Shannon Jr. ,24,MIN,SG,9,0,44,6.7,13.4,.500,1.1,3.3,.333,5.6,10.0,.556,.542,0.0,0.0,,0.0,2.2,2.2,5.6,2.2,1.1,3.3,1.1,14.5,98,110,,2024-2025
Trey Alexander,21,DEN,SG,9,0,44,3.2,12.9,.250,1.1,6.5,.167,2.2,6.5,.333,.292,2.2,2.2,1.000,0.0,1.1,1.1,2.2,0.0,1.1,1.1,3.2,9.7,79,122,,2024-2025
Luke Travers,23,CLE,SG,6,0,42,3.4,8.0,.429,0.0,3.4,.000,3.4,4.6,.750,.429,2.3,2.3,1.000,1.1,5.7,6.8,5.7,1.1,1.1,2.3,3.4,9.1,109,113,,2024-2025
Yuki Kawamura,23,MEM,PG,14,0,41,4.5,16.7,.267,2.2,12.3,.182,2.2,4.5,.500,.333,4.5,6.7,.667,0.0,2.2,2.2,8.9,1.1,0.0,4.5,4.5,15.6,88,114,,2024-2025
Jalen Pickett,25,DEN,SG,5,0,41,3.5,5.8,.600,2.3,4.6,.500,1.2,1.2,1.000,.800,0.0,0.0,,1.2,4.6,5.8,9.2,1.2,0.0,2.3,6.9,9.2,140,118,,2024-2025
Jeff Green,38,HOU,PF,7,0,40,8.5,15.7,.538,3.6,9.7,.375,4.8,6.0,.800,.654,0.0,0.0,,0.0,4.8,4.8,1.2,2.4,0.0,2.4,2.4,20.5,113,107,,2024-2025
Adam Flagler,25,OKC,SG,11,0,40,6.0,24.1,.250,6.0,22.9,.263,0.0,1.2,.000,.375,0.0,0.0,,2.4,4.8,7.2,0.0,2.4,0.0,0.0,4.8,18.1,85,107,,2024-2025
Jaden Springer,22,BOS,SG,9,0,39,2.5,12.5,.200,0.0,3.8,.000,2.5,8.8,.286,.200,3.8,7.5,.500,5.0,8.8,13.8,3.8,3.8,0.0,1.3,5.0,8.8,86,106,,2024-2025
Karlo Matković,23,NOP,PF,5,0,39,2.5,6.3,.400,0.0,0.0,,2.5,6.3,.400,.400,0.0,0.0,,7.5,5.0,12.5,0.0,3.8,3.8,5.0,5.0,5.0,74,113,,2024-2025
Bol Bol,25,PHO,PF,7,0,37,12.0,20.0,.600,1.3,6.7,.200,10.6,13.3,.800,.633,5.3,8.0,.667,5.3,9.3,14.6,1.3,0.0,0.0,4.0,1.3,30.6,115,120,,2024-2025
Damion Lee,32,PHO,SG,4,0,37,5.3,18.6,.286,1.3,12.0,.111,4.0,6.7,.600,.321,8.0,8.0,1.000,0.0,6.7,6.7,6.7,2.7,0.0,4.0,1.3,20.0,93,115,,2024-2025
MarJon Beauchamp,24,MIL,SF,11,0,35,8.4,22.3,.375,2.8,11.1,.250,5.6,11.1,.500,.438,5.6,5.6,1.000,2.8,9.7,12.5,1.4,1.4,0.0,9.7,4.2,25.1,77,113,,2024-2025
Garrett Temple,38,TOR,SG,9,0,35,2.8,9.7,.286,1.4,4.1,.333,1.4,5.5,.250,.357,0.0,0.0,,1.4,4.1,5.5,6.9,5.5,1.4,2.8,8.3,6.9,88,108,,2024-2025
Tyler Smith,20,MIL,PF,10,0,34,11.5,18.6,.615,4.3,11.5,.375,7.2,7.2,1.000,.731,1.4,2.9,.500,1.4,10.0,11.5,1.4,0.0,4.3,4.3,5.7,28.7,111,111,,2024-2025
Vlatko Čančar,27,DEN,PF,4,0,34,5.6,9.8,.571,1.4,2.8,.500,4.2,7.0,.600,.643,0.0,0.0,,4.2,7.0,11.2,0.0,0.0,1.4,2.8,5.6,12.5,107,118,,2024-2025
Baylor Scheierman,24,BOS,SG,5,0,34,1.4,14.4,.100,0.0,8.6,.000,1.4,5.8,.250,.100,2.9,2.9,1.000,2.9,7.2,10.1,2.9,1.4,0.0,0.0,4.3,5.8,68,112,,2024-2025
Sidy Cissoko,20,SAS,SF,11,0,33,5.9,13.2,.444,4.4,5.9,.750,1.5,7.4,.200,.611,0.0,5.9,.000,2.9,8.8,11.8,7.4,0.0,0.0,1.5,5.9,16.2,113,118,,2024-2025
PJ Dozier,28,MIN,SG,8,0,33,3.0,4.5,.667,3.0,4.5,.667,0.0,0.0,,1.000,1.5,8.9,.167,1.5,5.9,7.4,7.4,1.5,0.0,1.5,4.5,10.4,126,111,,2024-2025
D.J. Carton,24,TOR,SG,4,0,33,1.5,10.2,.143,0.0,4.4,.000,1.5,5.9,.250,.143,1.5,1.5,1.000,0.0,5.9,5.9,4.4,2.9,0.0,5.9,1.5,4.4,43,115,,2024-2025
E.J. Liddell,24,CHI,PF,6,0,31,7.4,11.9,.625,4.5,8.9,.500,3.0,3.0,1.000,.813,3.0,3.0,1.000,1.5,5.9,7.4,4.5,1.5,1.5,3.0,11.9,22.3,139,116,,2024-2025
Gui Santos,22,GSW,PF,7,0,30,3.2,8.0,.400,1.6,4.8,.333,1.6,3.2,.500,.500,1.6,3.2,.500,3.2,8.0,11.2,3.2,0.0,1.6,3.2,6.4,9.6,97,113,,2024-2025
Maxwell Lewis,22,LAL,SF,7,0,29,3.4,10.1,.333,0.0,0.0,,3.4,10.1,.333,.333,0.0,0.0,,3.4,0.0,3.4,3.4,1.7,0.0,3.4,1.7,6.7,76,121,,2024-2025
TyTy Washington Jr.,23,PHO,PG,3,0,27,5.5,10.9,.500,3.6,5.5,.667,1.8,5.5,.333,.667,0.0,0.0,,0.0,1.8,1.8,7.3,3.6,0.0,1.8,0.0,14.6,129,116,,2024-2025
Dariq Whitehead,20,BRK,SF,3,0,26,11.4,21.0,.545,11.4,19.1,.600,0.0,1.9,.000,.818,0.0,0.0,,0.0,5.7,5.7,1.9,3.8,1.9,5.7,1.9,34.3,107,111,,2024-2025
Joe Ingles,37,MIN,SF,7,0,26,0.0,3.8,.000,0.0,3.8,.000,0.0,0.0,,.000,0.0,0.0,,3.8,0.0,3.8,17.0,0.0,0.0,1.9,9.4,0.0,127,118,,2024-2025
Jazian Gortman,21,DAL,PG,8,0,25,9.6,21.2,.455,3.9,7.7,.500,5.8,13.5,.429,.545,1.9,3.9,.500,1.9,1.9,3.9,3.9,0.0,1.9,3.9,5.8,25.0,103,119,,2024-2025
JD Davison,22,BOS,PG,5,0,24,4.1,10.2,.400,2.0,6.1,.333,2.0,4.1,.500,.500,2.0,4.1,.500,0.0,4.1,4.1,2.0,2.0,0.0,12.2,2.0,12.2,51,113,,2024-2025
Colin Castleton,24,MEM,C,8,0,22,2.1,8.3,.250,0.0,4.2,.000,2.1,4.2,.500,.250,16.6,16.6,1.000,4.2,10.4,14.6,0.0,0.0,2.1,0.0,6.2,20.8,161,108,,2024-2025
JT Thor,22,CLE,PF,4,0,21,16.0,18.3,.875,6.8,6.8,1.000,9.1,11.4,.800,1.063,13.7,13.7,1.000,2.3,4.6,6.8,0.0,4.6,6.8,4.6,9.1,52.5,165,98,,2024-2025
Jack McVeigh,28,HOU,PF,6,0,21,6.9,25.3,.273,4.6,18.4,.250,2.3,6.9,.333,.364,0.0,0.0,,2.3,6.9,9.2,2.3,0.0,2.3,2.3,2.3,18.4,82,109,,2024-2025
Adama Sanogo,22,CHI,C,4,0,21,8.8,15.3,.571,0.0,0.0,,8.8,15.3,.571,.571,0.0,0.0,,11.0,2.2,13.2,2.2,0.0,0.0,2.2,2.2,17.5,127,124,,2024-2025
Brandon Williams,25,DAL,PG,5,0,21,4.6,20.6,.222,0.0,4.6,.000,4.6,16.1,.286,.222,4.6,6.9,.667,2.3,6.9,9.2,4.6,0.0,0.0,4.6,4.6,13.8,68,118,,2024-2025
Markieff Morris,35,DAL,PF,4,0,21,4.6,20.6,.222,2.3,6.9,.333,2.3,13.8,.167,.278,0.0,0.0,,0.0,11.5,11.5,4.6,0.0,2.3,4.6,0.0,11.5,59,112,,2024-2025
Jacob Toppin,24,NYK,SF,7,0,21,2.4,7.1,.333,0.0,4.7,.000,2.4,2.4,1.000,.333,0.0,0.0,,0.0,7.1,7.1,4.7,0.0,0.0,2.4,0.0,4.7,76,118,,2024-2025
Malevy Leons,25,OKC,SF,6,0,21,0.0,4.6,.000,0.0,2.3,.000,0.0,2.3,.000,.000,4.6,9.2,.500,2.3,4.6,6.9,2.3,0.0,0.0,2.3,9.2,4.6,69,112,,2024-2025
Richaun Holmes,31,WAS,PF,3,0,20,11.7,23.4,.500,0.0,2.3,.000,11.7,21.1,.556,.500,4.7,4.7,1.000,4.7,7.0,11.7,0.0,0.0,4.7,4.7,2.3,28.1,97,119,,2024-2025
Taze Moore,26,POR,SG,2,0,20,4.8,24.2,.200,2.4,9.7,.250,2.4,14.5,.167,.250,2.4,4.8,.500,9.7,9.7,19.3,2.4,4.8,0.0,4.8,0.0,14.5,72,109,,2024-2025
Liam Robbins,25,MIL,C,5,0,20,4.9,7.3,.667,0.0,2.4,.000,4.9,4.9,1.000,.667,2.4,9.7,.250,4.9,2.4,7.3,0.0,0.0,0.0,0.0,7.3,12.2,121,121,,2024-2025
Cam Christie,19,LAC,SG,1,0,18,5.4,19.0,.286,2.7,10.9,.250,2.7,8.2,.333,.357,0.0,0.0,,2.7,5.4,8.2,0.0,5.4,0.0,2.7,0.0,13.6,72,104,,2024-2025
Bronny James,20,LAL,SG,7,0,18,2.7,21.6,.125,0.0,10.8,.000,2.7,10.8,.250,.125,5.4,5.4,1.000,2.7,0.0,2.7,5.4,2.7,2.7,0.0,5.4,10.8,71,115,,2024-2025
Branden Carlson,25,OKC,C,5,0,18,2.7,18.7,.143,0.0,13.4,.000,2.7,5.4,.500,.143,5.4,5.4,1.000,8.0,13.4,21.4,5.4,2.7,2.7,0.0,2.7,10.7,92,97,,2024-2025
Lester Quiñones,24,PHI,SG,4,0,17,11.7,23.4,.500,0.0,8.8,.000,11.7,14.6,.800,.500,2.9,2.9,1.000,8.8,2.9,11.7,2.9,0.0,0.0,11.7,0.0,26.3,84,121,,2024-2025
Stanley Umude,25,MIL,SG,6,0,17,2.9,8.6,.333,2.9,8.6,.333,0.0,0.0,,.500,0.0,5.7,.000,0.0,8.6,8.6,2.9,0.0,2.9,0.0,0.0,8.6,88,114,,2024-2025
Oscar Tshiebwe,25,UTA,PF,1,0,16,0.0,0.0,,0.0,0.0,,0.0,0.0,,,9.1,12.1,.750,9.1,18.1,27.2,0.0,6.0,0.0,3.0,9.1,9.1,141,105,,2024-2025
Trentyn Flowers,19,LAC,SF,1,0,14,14.0,31.5,.444,0.0,7.0,.000,14.0,24.5,.571,.444,3.5,3.5,1.000,3.5,10.5,14.0,0.0,0.0,0.0,3.5,10.5,31.5,91,112,,2024-2025
Jalen Hood-Schifino,21,LAL,SG,2,0,14,3.5,3.5,1.000,0.0,0.0,,3.5,3.5,1.000,1.000,7.0,7.0,1.000,3.5,0.0,3.5,3.5,0.0,3.5,3.5,10.4,13.9,151,120,,2024-2025
Daishen Nix,22,MIN,PG,3,0,13,0.0,3.8,.000,0.0,3.8,.000,0.0,0.0,,.000,3.8,7.6,.500,0.0,15.1,15.1,11.3,0.0,0.0,15.1,3.8,3.8,44,108,,2024-2025
Kessler Edwards,24,DAL,SF,7,0,13,0.0,11.1,.000,0.0,11.1,.000,0.0,0.0,,.000,0.0,0.0,,0.0,3.7,3.7,0.0,0.0,0.0,3.7,7.4,0.0,0,120,,2024-2025
Mason Jones,26,SAC,SG,3,0,13,0.0,7.5,.000,0.0,7.5,.000,0.0,0.0,,.000,0.0,0.0,,3.7,11.2,14.9,26.1,0.0,0.0,0.0,3.7,0.0,134,116,,2024-2025
Cole Swider,25,DET,SF,2,0,13,0.0,18.7,.000,0.0,18.7,.000,0.0,0.0,,.000,0.0,0.0,,0.0,7.5,7.5,3.7,0.0,0.0,0.0,3.7,0.0,15,118,,2024-2025
Jared Rhoden,25,CHO,SG,4,0,12,8.2,32.9,.250,0.0,8.2,.000,8.2,24.6,.333,.250,0.0,0.0,,8.2,8.2,16.4,8.2,4.1,0.0,4.1,4.1,16.4,73,110,,2024-2025
Keshad Johnson,23,MIA,SF,2,0,12,4.1,8.2,.500,0.0,4.1,.000,4.1,4.1,1.000,.500,0.0,0.0,,0.0,8.2,8.2,0.0,0.0,0.0,0.0,0.0,8.2,100,116,,2024-2025
AJ Johnson,20,MIL,SG,5,0,11,13.3,26.6,.500,4.4,4.4,1.000,8.9,22.1,.400,.583,0.0,0.0,,0.0,8.9,8.9,4.4,0.0,0.0,8.9,0.0,31.0,85,117,,2024-2025
PJ Hall,22,DEN,C,5,0,11,8.6,21.5,.400,0.0,8.6,.000,8.6,12.9,.667,.400,0.0,0.0,,0.0,4.3,4.3,0.0,0.0,0.0,0.0,4.3,17.2,83,121,,2024-2025
Mouhamed Gueye,22,ATL,PF,2,0,11,4.2,16.9,.250,0.0,8.4,.000,4.2,8.4,.500,.250,0.0,0.0,,0.0,8.4,8.4,0.0,0.0,0.0,4.2,0.0,8.4,42,119,,2024-2025
Jalen Bridges,23,PHO,SF,2,0,11,0.0,9.0,.000,0.0,9.0,.000,0.0,0.0,,.000,4.5,9.0,.500,0.0,4.5,4.5,0.0,0.0,0.0,9.0,0.0,4.5,22,123,,2024-2025
Dominick Barlow,21,ATL,SF,2,0,11,0.0,4.2,.000,0.0,0.0,,0.0,4.2,.000,.000,4.2,8.4,.500,0.0,0.0,0.0,0.0,0.0,0.0,0.0,4.2,4.2,63,124,,2024-2025
Jeenathan Williams,25,HOU,SG,3,0,10,14.5,19.3,.750,4.8,9.7,.500,9.7,9.7,1.000,.875,0.0,0.0,,0.0,14.5,14.5,0.0,4.8,0.0,0.0,0.0,33.8,168,96,,2024-2025
James Johnson,37,IND,PF,3,0,10,9.6,19.2,.500,0.0,4.8,.000,9.6,14.4,.667,.500,0.0,0.0,,0.0,9.6,9.6,9.6,0.0,4.8,14.4,0.0,19.2,66,114,,2024-2025
Cui Yongxi,21,BRK,SG,5,0,10,5.0,34.7,.143,0.0,14.9,.000,5.0,19.8,.250,.143,5.0,9.9,.500,0.0,9.9,9.9,0.0,0.0,0.0,0.0,0.0,14.9,43,120,,2024-2025
Justin Edwards,21,PHI,SF,2,0,9,11.0,16.6,.667,0.0,5.5,.000,11.0,11.0,1.000,.667,0.0,5.5,.000,0.0,11.0,11.0,5.5,0.0,0.0,0.0,0.0,22.1,123,116,,2024-2025
Reece Beekman,23,2TM,PG,3,0,8,6.1,6.1,1.000,0.0,0.0,,6.1,6.1,1.000,1.000,0.0,0.0,,6.1,0.0,6.1,6.1,6.1,0.0,6.1,6.1,12.2,117,109,,2024-2025
Reece Beekman,23,GSW,PG,2,0,4,12.0,12.0,1.000,0.0,0.0,,12.0,12.0,1.000,1.000,0.0,0.0,,12.0,0.0,12.0,12.0,12.0,0.0,0.0,12.0,23.9,215,93,,2024-2025
Reece Beekman,23,BRK,PG,1,0,4,0.0,0.0,,0.0,0.0,,0.0,0.0,,,0.0,0.0,,0.0,0.0,0.0,0.0,0.0,0.0,12.4,0.0,0.0,0,126,,2024-2025
David Duke Jr.,25,SAS,SG,1,0,8,6.1,24.3,.250,0.0,6.1,.000,6.1,18.2,.333,.250,6.1,12.1,.500,0.0,0.0,0.0,12.1,0.0,0.0,0.0,6.1,18.2,89,124,,2024-2025
Quincy Olivari,23,LAL,PG,1,0,8,6.1,18.2,.333,6.1,18.2,.333,0.0,0.0,,.500,0.0,0.0,,0.0,0.0,0.0,0.0,0.0,0.0,6.1,0.0,18.2,69,125,,2024-2025
Tristen Newton,23,IND,SG,5,0,8,6.0,36.0,.167,0.0,18.0,.000,6.0,18.0,.333,.167,6.0,6.0,1.000,0.0,0.0,0.0,6.0,0.0,0.0,6.0,12.0,18.0,52,125,,2024-2025
Trevelin Queen,27,ORL,SG,3,0,7,7.1,21.2,.333,7.1,7.1,1.000,0.0,14.1,.000,.500,0.0,0.0,,0.0,0.0,0.0,0.0,0.0,0.0,7.1,14.1,21.2,70,116,,2024-2025
Alex Ducas,24,OKC,SG,4,0,7,0.0,20.6,.000,0.0,13.8,.000,0.0,6.9,.000,.000,0.0,0.0,,0.0,0.0,0.0,0.0,0.0,0.0,0.0,0.0,0.0,0,116,,2024-2025
Harrison Ingram,22,SAS,SF,1,0,7,0.0,6.9,.000,0.0,0.0,,0.0,6.9,.000,.000,0.0,0.0,,0.0,6.9,6.9,0.0,0.0,0.0,0.0,6.9,0.0,0,119,,2024-2025
Riley Minix,24,SAS,SF,1,0,7,0.0,6.9,.000,0.0,6.9,.000,0.0,0.0,,.000,0.0,0.0,,0.0,13.9,13.9,0.0,0.0,0.0,0.0,0.0,0.0,0,115,,2024-2025
Chris Livingston,21,MIL,SF,3,0,6,8.1,16.2,.500,0.0,0.0,,8.1,16.2,.500,.500,0.0,0.0,,8.1,8.1,16.2,8.1,8.1,0.0,8.1,0.0,16.2,96,99,,2024-2025
Justin Minaya,25,POR,SF,1,0,6,0.0,0.0,,0.0,0.0,,0.0,0.0,,,0.0,0.0,,0.0,8.1,8.1,0.0,0.0,0.0,0.0,8.1,0.0,,121,,2024-2025
James Wiseman,23,IND,C,1,0,5,19.2,38.4,.500,0.0,9.6,.000,19.2,28.8,.667,.500,19.2,19.2,1.000,0.0,9.6,9.6,0.0,0.0,0.0,0.0,0.0,57.6,126,120,,2024-2025
Ulrich Chomche,19,TOR,PF,1,0,5,9.7,9.7,1.000,0.0,0.0,,9.7,9.7,1.000,1.000,0.0,0.0,,0.0,9.7,9.7,0.0,0.0,0.0,0.0,0.0,19.3,200,119,,2024-2025
Isaiah Crawford,23,SAC,SF,1,0,5,0.0,0.0,,0.0,0.0,,0.0,0.0,,,0.0,0.0,,0.0,9.7,9.7,0.0,0.0,0.0,0.0,9.7,0.0,,117,,2024-2025
Daniss Jenkins,23,DET,PG,2,0,5,0.0,19.5,.000,0.0,19.5,.000,0.0,0.0,,.000,0.0,0.0,,0.0,0.0,0.0,0.0,0.0,0.0,0.0,9.7,0.0,0,122,,2024-2025
Mac McClung,26,ORL,SG,1,0,5,0.0,0.0,,0.0,0.0,,0.0,0.0,,,0.0,0.0,,0.0,9.9,9.9,19.8,0.0,0.0,0.0,0.0,0.0,230,112,,2024-2025
Alondes Williams,25,DET,SG,1,0,4,24.3,24.3,1.000,12.2,12.2,1.000,12.2,12.2,1.000,1.250,0.0,0.0,,0.0,0.0,0.0,12.2,0.0,0.0,0.0,0.0,60.8,246,123,,2024-2025
Spencer Jones,23,DEN,SF,2,0,4,0.0,11.8,.000,0.0,11.8,.000,0.0,0.0,,.000,0.0,0.0,,0.0,11.8,11.8,0.0,23.7,0.0,0.0,0.0,0.0,0,63,,2024-2025
Jaylen Martin,21,BRK,SF,2,0,3,16.5,16.5,1.000,16.5,16.5,1.000,0.0,0.0,,1.500,0.0,0.0,,0.0,0.0,0.0,0.0,0.0,0.0,0.0,16.5,49.6,300,125,,2024-2025
Collin Gillespie,25,PHO,PG,1,0,3,16.4,32.8,.500,16.4,16.4,1.000,0.0,16.4,.000,.750,0.0,0.0,,0.0,0.0,0.0,0.0,0.0,0.0,0.0,0.0,49.2,130,126,,2024-2025
Bryce McGowens,22,POR,SG,1,0,3,16.1,32.2,.500,0.0,16.1,.000,16.1,16.1,1.000,.500,0.0,0.0,,0.0,0.0,0.0,16.1,0.0,0.0,0.0,0.0,32.2,126,127,,2024-2025
Alex Reese,25,OKC,PF,1,0,2,24.1,24.1,1.000,0.0,0.0,,24.1,24.1,1.000,1.000,0.0,0.0,,24.1,0.0,24.1,0.0,0.0,0.0,0.0,0.0,48.2,212,116,,2024-2025
League Average,,,,,,,,,.464,,,.360,,,.541,.540,,,.777,,,,,,,,,,,,,2024-2025
