Player,Age,Team,Pos,G,GS,MP,FG%,2P%,3P%,eFG%,FT%,TS%,FTr,3PAr,FG+,2P+,3P+,eFG+,FT+,TS+,FTr+,3PAr+,FG Add,TS Add,Awards,Year
De'Aaron Fox,27,SAC,PG,28,28,1042,.480,.550,.326,.531,.805,.576,.301,.311,103,102,91,98,104,100,120,74,-10.5,1.8,,2024-2025
Mikal Bridges,28,NYK,SF,27,27,1034,.494,.619,.346,.573,.667,.578,.060,.458,106,114,96,106,86,101,24,108,25.9,2.7,,2024-2025
Tyrese Haliburton,24,IND,PG,28,28,990,.427,.538,.354,.533,.839,.570,.216,.603,92,99,98,99,108,99,86,142,-5.6,-4.0,,2024-2025
OG Anunoby,27,NYK,PF,27,27,987,.473,.574,.352,.553,.809,.582,.190,.454,102,106,98,102,104,101,76,107,9.1,5.4,,2024-2025
Keegan Murray,24,SAC,PF,27,27,979,.426,.541,.304,.500,.844,.520,.105,.485,92,100,85,93,109,91,42,115,-24.7,-34.6,,2024-2025
Trae Young,26,ATL,PG,27,27,976,.390,.457,.320,.468,.881,.546,.386,.487,84,85,89,87,113,95,154,115,-65.9,-30.9,,2024-2025
Pascal Siakam,30,IND,PF,28,28,967,.526,.568,.426,.589,.786,.620,.252,.298,113,105,118,109,101,108,101,70,39.9,41.0,,2024-2025
Josh Hart,29,NYK,SG,26,26,957,.594,.707,.404,.669,.821,.694,.234,.372,128,131,112,124,106,121,94,88,61.7,63.1,,2024-2025
Jalen Johnson,23,ATL,SF,26,26,955,.501,.564,.342,.549,.747,.576,.225,.281,108,104,95,102,96,100,90,66,7.2,1.7,,2024-2025
Devin Booker,28,PHO,SG,26,26,951,.439,.507,.345,.512,.899,.588,.398,.424,94,94,96,95,116,102,159,100,-27.2,14.6,,2024-2025
Domantas Sabonis,28,SAC,C,26,26,938,.626,.665,.443,.665,.815,.701,.363,.178,135,123,123,123,105,122,145,42,85.3,100.4,,2024-2025
Anthony Edwards,23,MIN,SG,26,26,931,.453,.483,.424,.559,.807,.589,.208,.501,98,89,118,103,104,103,83,118,19.7,17.0,,2024-2025
Jalen Brunson,28,NYK,PG,27,27,925,.485,.515,.431,.563,.822,.616,.377,.361,104,95,120,104,106,107,151,85,20.6,44.2,,2024-2025
Bennedict Mathurin,22,IND,SG,28,23,921,.465,.511,.372,.526,.854,.592,.396,.327,100,94,103,97,110,103,158,77,-10.0,14.2,,2024-2025
Anthony Davis,31,LAL,C,26,26,918,.527,.559,.300,.546,.786,.605,.466,.122,114,103,83,101,101,105,186,29,5.3,36.1,,2024-2025
James Harden,35,LAC,PG,27,27,912,.392,.432,.354,.483,.894,.572,.456,.511,84,80,98,89,115,100,182,121,-50.3,-2.6,,2024-2025
Jayson Tatum,26,BOS,PF,25,25,911,.453,.552,.359,.545,.801,.595,.363,.512,98,102,100,101,103,104,145,121,4.6,24.7,,2024-2025
Ivica Zubac,27,LAC,C,28,28,902,.610,.610,,.610,.537,.610,.265,.000,131,113,,113,69,106,106,0,42.9,24.4,,2024-2025
Derrick White,30,BOS,SG,26,26,898,.451,.592,.394,.591,.847,.618,.174,.711,97,109,110,109,109,108,70,168,34.6,31.7,,2024-2025
Shai Gilgeous-Alexander,26,OKC,PG,26,26,897,.513,.588,.335,.563,.867,.624,.387,.297,110,109,93,104,111,109,155,70,24.1,63.1,,2024-2025
Fred VanVleet,30,HOU,PG,25,25,885,.377,.468,.303,.460,.809,.496,.193,.552,81,87,84,85,104,86,77,130,-56.6,-60.0,,2024-2025
Rudy Gobert,32,MIN,C,26,26,883,.635,.635,,.635,.742,.676,.560,.000,137,117,,118,95,118,224,0,30.1,40.3,,2024-2025
Jalen Green,22,HOU,SG,27,27,879,.405,.485,.318,.481,.872,.534,.265,.477,87,90,88,89,112,93,106,113,-52.8,-40.0,,2024-2025
Dyson Daniels,21,ATL,SG,26,26,877,.447,.514,.296,.492,.610,.503,.129,.308,96,95,82,91,78,88,52,73,-30.7,-48.1,,2024-2025
Michael Porter Jr.,26,DEN,SF,25,25,877,.513,.607,.387,.595,.683,.609,.179,.427,110,112,107,110,88,106,72,101,38.6,25.9,,2024-2025
LeBron James,40,LAL,SF,25,25,874,.486,.545,.362,.544,.748,.574,.250,.318,105,101,101,101,96,100,100,75,3.1,-0.3,,2024-2025
Cade Cunningham,23,DET,PG,24,24,870,.457,.491,.386,.519,.784,.551,.215,.322,98,91,107,96,101,96,86,76,-20.4,-24.3,,2024-2025
Ochai Agbaji,24,TOR,SG,28,26,867,.528,.597,.447,.631,.667,.636,.097,.460,114,110,124,117,86,111,39,109,44.9,31.9,,2024-2025
Karl-Anthony Towns,29,NYK,C,25,25,862,.535,.569,.461,.607,.841,.656,.367,.311,115,105,128,112,108,114,147,74,54.7,77.4,,2024-2025
Ayo Dosunmu,25,CHI,SG,28,15,858,.500,.613,.336,.569,.808,.595,.183,.408,108,113,93,105,104,104,73,96,16.0,12.4,,2024-2025
Nikola Vučević,34,CHI,C,27,27,858,.592,.645,.480,.669,.857,.689,.165,.322,127,119,133,124,110,120,66,76,98.1,94.2,,2024-2025
Julius Randle,30,MIN,PF,26,26,855,.483,.544,.358,.542,.819,.600,.399,.330,104,101,99,100,105,104,160,78,0.8,22.1,,2024-2025
Kentavious Caldwell-Pope,31,ORL,SG,28,28,852,.395,.574,.303,.495,.886,.532,.175,.660,85,106,84,92,114,93,70,156,-18.2,-18.5,,2024-2025
Coby White,24,CHI,SG,26,26,850,.417,.503,.363,.528,.872,.571,.233,.612,90,93,101,98,112,99,93,145,-8.9,-2.4,,2024-2025
Dillon Brooks,29,HOU,SF,27,27,849,.427,.467,.389,.526,.833,.546,.117,.508,92,86,108,97,107,95,47,120,-9.0,-18.2,,2024-2025
Cameron Johnson,28,BRK,PF,26,26,848,.489,.575,.431,.618,.874,.663,.311,.595,105,106,120,114,112,115,124,140,51.2,66.6,,2024-2025
Kyrie Irving,32,DAL,SG,24,24,848,.504,.525,.468,.591,.880,.623,.196,.374,108,97,130,109,113,109,78,88,42.8,45.0,,2024-2025
Alperen Sengun,22,HOU,C,27,27,842,.481,.505,.250,.493,.765,.539,.320,.097,104,93,69,91,98,94,128,23,-39.3,-33.1,,2024-2025
Bam Adebayo,27,MIA,C,24,24,840,.443,.472,.333,.478,.726,.516,.284,.207,95,87,93,88,93,90,114,49,-42.0,-43.8,,2024-2025
Jalen Suggs,23,ORL,PG,28,28,839,.405,.508,.310,.486,.915,.533,.213,.519,87,94,86,90,118,93,85,123,-42.2,-34.8,,2024-2025
Jalen Williams,23,OKC,SG,26,26,838,.494,.546,.378,.552,.812,.581,.194,.308,106,101,105,102,104,101,77,73,10.5,6.6,,2024-2025
Tobias Harris,32,DET,PF,26,26,837,.439,.503,.333,.502,.845,.537,.190,.374,95,93,93,93,109,93,76,88,-23.7,-24.8,,2024-2025
Bilal Coulibaly,20,WAS,SF,24,24,837,.437,.509,.308,.492,.795,.538,.287,.358,94,94,86,91,102,94,115,85,-24.6,-20.7,,2024-2025
Tyler Herro,25,MIA,SG,24,24,837,.476,.561,.413,.595,.875,.628,.209,.573,103,104,115,110,113,109,83,135,45.8,49.6,,2024-2025
Jakob Poeltl,29,TOR,C,26,25,835,.589,.593,.000,.589,.682,.611,.301,.007,127,110,0,109,88,106,120,2,28.4,24.0,,2024-2025
Tyus Jones,28,PHO,PG,26,26,831,.486,.558,.430,.606,.850,.618,.078,.557,105,103,119,112,109,108,31,131,33.4,22.9,,2024-2025
Donovan Mitchell,28,CLE,SG,26,26,830,.448,.492,.404,.549,.800,.577,.196,.496,97,91,112,101,103,100,78,117,7.8,2.9,,2024-2025
Jabari Smith Jr.,21,HOU,PF,27,27,829,.439,.520,.364,.533,.857,.572,.220,.518,95,96,101,99,110,100,88,122,-3.6,-1.3,,2024-2025
Franz Wagner,23,ORL,SF,25,25,829,.465,.538,.321,.519,.881,.573,.285,.336,100,99,89,96,113,100,114,79,-20.3,-1.7,,2024-2025
Toumani Camara,24,POR,PF,27,27,826,.429,.495,.371,.528,.733,.545,.138,.535,92,92,103,98,94,95,55,126,-5.6,-13.5,,2024-2025
Jerami Grant,30,POR,PF,25,25,825,.390,.401,.379,.485,.820,.532,.265,.503,84,74,105,90,106,93,106,119,-37.2,-32.0,,2024-2025
RJ Barrett,24,TOR,SG,24,24,824,.455,.500,.350,.508,.725,.546,.312,.301,98,92,97,94,93,95,125,71,-29.8,-29.6,,2024-2025
Christian Braun,23,DEN,SG,24,24,822,.564,.621,.406,.618,.782,.652,.324,.266,122,115,113,114,101,113,129,63,37.5,42.7,,2024-2025
Myles Turner,28,IND,C,26,26,821,.473,.525,.409,.565,.738,.594,.272,.449,102,97,114,104,95,103,109,106,14.2,12.8,,2024-2025
Nikola Jokić,29,DEN,C,22,22,819,.564,.581,.500,.617,.803,.652,.308,.213,121,107,139,114,103,114,123,50,70.7,81.5,,2024-2025
Brook Lopez,36,MIL,C,25,25,817,.475,.629,.357,.576,.706,.590,.152,.565,102,116,99,107,91,103,61,133,15.9,7.6,,2024-2025
DeMar DeRozan,35,SAC,SF,23,23,816,.487,.514,.306,.507,.858,.572,.371,.129,105,95,85,94,110,100,148,30,-25.8,-1.9,,2024-2025
Giannis Antetokounmpo,30,MIL,PF,23,23,810,.614,.630,.176,.617,.615,.633,.547,.035,132,116,49,114,79,110,219,8,73.2,69.2,,2024-2025
Malik Beasley,28,DET,SG,28,8,803,.430,.474,.411,.572,.714,.583,.112,.690,93,88,114,106,92,102,45,163,23.7,7.1,,2024-2025
Jarrett Allen,26,CLE,C,27,27,802,.695,.698,.000,.695,.732,.718,.455,.005,150,129,0,129,94,125,182,1,65.8,73.2,,2024-2025
Zach LaVine,29,CHI,SF,24,24,800,.505,.571,.435,.611,.809,.639,.234,.484,109,106,121,113,104,111,94,114,53.2,54.4,,2024-2025
Damian Lillard,34,MIL,PG,22,22,800,.450,.538,.371,.548,.916,.622,.401,.530,97,100,103,101,118,108,160,125,5.7,43.0,,2024-2025
Julian Champagnie,23,SAS,SF,27,26,797,.427,.610,.355,.555,.900,.583,.146,.719,92,113,99,103,116,101,58,170,7.8,5.0,,2024-2025
Dennis Schröder,31,2TM,PG,24,24,794,.442,.497,.377,.528,.880,.574,.246,.457,95,92,105,98,113,100,98,108,-8.3,-0.2,,2024-2025
Dennis Schröder,31,BRK,PG,23,23,772,.452,.509,.387,.542,.889,.588,.249,.462,97,94,107,100,114,102,100,109,0.7,9.6,,2024-2025
Dennis Schröder,31,GSW,PG,1,1,22,.167,.250,.000,.167,.500,.194,.167,.333,36,46,0,31,64,34,67,79,-9.0,-9.8,,2024-2025
Keyonte George,21,UTA,PG,25,25,791,.394,.453,.349,.493,.807,.534,.242,.569,85,84,97,91,104,93,97,134,-32.8,-31.1,,2024-2025
Darius Garland,25,CLE,PG,26,26,785,.485,.540,.418,.580,.939,.621,.211,.456,104,100,116,107,121,108,84,108,30.6,39.7,,2024-2025
Jaden McDaniels,24,MIN,PF,26,26,779,.445,.533,.327,.515,.710,.531,.131,.428,96,99,91,95,91,92,53,101,-12.1,-21.8,,2024-2025
Jaylen Brown,28,BOS,SF,22,22,778,.440,.506,.333,.504,.750,.548,.329,.384,95,94,93,93,96,95,131,91,-30.5,-25.4,,2024-2025
Payton Pritchard,27,BOS,PG,27,0,776,.482,.652,.434,.651,.841,.669,.141,.778,104,121,121,120,108,116,57,184,68.8,62.4,,2024-2025
Harrison Barnes,32,SAS,PF,27,27,771,.480,.527,.426,.578,.803,.625,.373,.461,103,97,118,107,103,109,149,109,15.5,24.2,,2024-2025
Chris Paul,39,SAS,PG,27,27,766,.434,.562,.364,.551,1.000,.593,.176,.644,94,104,101,102,129,103,70,152,4.4,8.3,,2024-2025
Kelly Oubre Jr.,29,PHI,SF,24,21,765,.453,.546,.308,.513,.741,.540,.202,.390,98,101,86,95,95,94,81,92,-14.6,-20.1,,2024-2025
Luguentz Dort,25,OKC,SF,26,26,763,.407,.437,.392,.537,.800,.562,.164,.668,88,81,109,99,103,98,65,158,-1.3,-5.6,,2024-2025
Jaden Ivey,22,DET,SG,25,25,759,.436,.475,.367,.503,.731,.542,.308,.365,94,88,102,93,94,94,123,86,-26.4,-25.9,,2024-2025
Evan Mobley,23,CLE,PF,25,25,759,.564,.598,.411,.601,.808,.641,.333,.179,122,110,114,111,104,112,133,42,37.7,47.9,,2024-2025
Brandon Miller,22,CHO,SF,22,22,757,.406,.485,.353,.511,.894,.545,.163,.594,88,90,98,95,115,95,65,140,-23.9,-25.8,,2024-2025
Gradey Dick,21,TOR,SG,23,23,746,.416,.485,.349,.504,.890,.558,.267,.504,90,90,97,93,114,97,107,119,-24.6,-12.8,,2024-2025
John Collins,27,UTA,PF,25,16,744,.529,.562,.439,.588,.895,.639,.308,.266,114,104,122,109,115,111,123,63,29.1,45.1,,2024-2025
Anfernee Simons,25,POR,SG,24,24,744,.418,.512,.332,.504,.905,.548,.209,.520,90,95,92,93,116,95,84,123,-25.7,-20.1,,2024-2025
Santi Aldama,24,MEM,PF,28,11,741,.514,.610,.389,.598,.775,.614,.138,.434,111,113,108,111,100,107,55,103,33.5,24.6,,2024-2025
Austin Reaves,26,LAL,SG,22,22,741,.437,.534,.360,.537,.808,.577,.264,.556,94,99,100,99,104,100,106,131,-1.9,1.6,,2024-2025
Luka Dončić,25,DAL,PG,20,20,739,.459,.546,.355,.540,.766,.580,.313,.457,99,101,99,100,99,101,125,108,-0.5,5.5,,2024-2025
Jrue Holiday,34,BOS,PG,24,24,734,.438,.578,.323,.527,.889,.563,.186,.550,94,107,90,97,114,98,74,130,-6.6,-5.8,,2024-2025
Josh Giddey,22,CHI,PG,27,27,732,.452,.527,.327,.513,.710,.540,.230,.374,97,97,91,95,91,94,92,88,-14.9,-20.6,,2024-2025
Carlton Carrington,19,WAS,PG,25,17,732,.384,.455,.321,.469,.800,.491,.118,.531,83,84,89,87,103,85,47,125,-30.1,-37.1,,2024-2025
Rui Hachimura,26,LAL,PF,22,22,730,.478,.504,.432,.556,.804,.587,.222,.357,103,93,120,103,103,102,89,84,6.2,5.9,,2024-2025
Amen Thompson,22,HOU,SF,27,2,728,.553,.596,.290,.573,.694,.608,.447,.142,119,110,81,106,89,106,179,33,14.3,17.8,,2024-2025
Jaren Jackson Jr.,25,MEM,C,26,26,726,.518,.595,.366,.579,.820,.627,.356,.336,112,110,102,107,105,109,142,79,30.4,47.6,,2024-2025
Collin Sexton,26,UTA,SG,26,24,724,.486,.510,.439,.561,.889,.616,.318,.344,105,94,122,104,114,107,127,81,12.8,29.6,,2024-2025
Davion Mitchell,26,TOR,PG,27,13,723,.398,.494,.293,.468,.677,.490,.181,.480,86,91,81,87,87,85,72,113,-24.8,-31.1,,2024-2025
Jamal Murray,27,DEN,PG,20,20,721,.428,.470,.356,.494,.811,.533,.233,.371,92,87,99,91,104,93,93,88,-29.7,-28.8,,2024-2025
Victor Wembanyama,21,SAS,C,22,22,716,.477,.607,.343,.561,.871,.601,.229,.494,103,112,95,104,112,105,91,117,17.1,23.4,,2024-2025
Deni Avdija,24,POR,SF,27,12,713,.442,.497,.368,.520,.794,.575,.386,.422,95,92,102,96,102,100,154,100,-10.3,0.6,,2024-2025
Jordan Poole,25,WAS,SG,23,23,712,.435,.476,.398,.539,.856,.589,.292,.522,94,88,111,100,110,102,117,123,-0.8,11.4,,2024-2025
Cody Martin,29,CHO,SF,27,5,709,.445,.566,.327,.528,.686,.545,.175,.505,96,105,91,98,88,95,70,119,-5.2,-12.5,,2024-2025
Anthony Black,21,ORL,PG,29,1,706,.422,.504,.264,.467,.720,.514,.355,.341,91,93,73,86,93,90,142,81,-31.1,-29.3,,2024-2025
Stephon Castle,20,SAS,PG,26,17,702,.375,.444,.269,.428,.733,.476,.310,.390,81,82,75,79,94,83,124,92,-62.4,-61.7,,2024-2025
Yves Missi,20,NOP,C,27,21,701,.552,.552,,.552,.646,.582,.436,.000,119,102,,102,83,101,174,0,4.3,3.1,,2024-2025
Tim Hardaway Jr.,32,DET,SG,25,25,694,.405,.531,.346,.523,.857,.561,.210,.680,87,98,96,97,110,98,84,161,-7.2,-6.0,,2024-2025
Josh Green,24,CHO,SG,25,24,692,.423,.427,.420,.537,.600,.546,.153,.540,91,79,117,99,77,95,61,127,-1.2,-9.9,,2024-2025
D'Angelo Russell,28,LAL,PG,26,10,689,.413,.508,.333,.504,.851,.535,.166,.541,89,94,93,93,109,93,66,128,-20.9,-23.9,,2024-2025
Cason Wallace,21,OKC,SG,26,15,688,.422,.540,.302,.497,.857,.505,.040,.497,91,100,84,92,110,88,16,117,-15.0,-24.3,,2024-2025
P.J. Washington,26,DAL,PF,21,20,688,.451,.492,.386,.526,.750,.559,.260,.386,97,91,107,97,96,97,104,91,-6.4,-7.3,,2024-2025
Brandon Boston Jr.,23,NOP,SG,25,10,686,.435,.491,.343,.500,.827,.536,.200,.381,94,91,95,93,106,93,80,90,-21.0,-22.0,,2024-2025
Jaylen Wells,21,MEM,SG,28,23,683,.464,.528,.402,.566,.809,.593,.188,.508,100,98,112,105,104,103,75,120,12.8,10.0,,2024-2025
Royce O'Neale,31,PHO,SF,26,7,682,.462,.459,.463,.615,.762,.625,.095,.665,99,85,129,114,98,109,38,157,33.1,23.5,,2024-2025
Norman Powell,31,LAC,SG,21,21,682,.503,.520,.485,.620,.841,.652,.237,.483,108,96,135,115,108,113,95,114,55.0,59.0,,2024-2025
Draymond Green,34,GSW,PF,24,22,677,.431,.474,.393,.536,.642,.560,.317,.533,93,88,109,99,83,97,127,126,-1.5,-5.7,,2024-2025
LaMelo Ball,23,CHO,PG,20,20,673,.421,.509,.344,.512,.840,.554,.240,.528,91,94,95,95,108,97,96,125,-28.1,-22.0,,2024-2025
Lauri Markkanen,27,UTA,PF,21,21,667,.452,.528,.385,.554,.884,.623,.415,.530,97,98,107,102,114,108,166,125,7.1,31.2,,2024-2025
Amir Coffey,27,LAC,SG,27,8,664,.502,.577,.434,.616,.814,.642,.212,.522,108,107,121,114,105,112,85,123,30.6,30.0,,2024-2025
Taurean Prince,30,MIL,SF,25,25,664,.479,.415,.516,.642,.846,.655,.090,.632,103,77,144,119,109,114,36,149,29.3,24.0,,2024-2025
Tyrese Maxey,24,PHI,PG,18,18,664,.410,.481,.317,.479,.832,.528,.264,.436,88,89,88,89,107,92,105,103,-47.0,-40.1,,2024-2025
Zaccharie Risacher,19,ATL,SF,28,26,662,.394,.485,.273,.452,.682,.482,.232,.426,85,90,76,84,88,84,93,101,-50.0,-57.7,,2024-2025
Jalen Wilson,24,BRK,PF,26,6,661,.404,.494,.336,.500,.840,.547,.259,.570,87,91,93,93,108,95,104,135,-15.6,-12.0,,2024-2025
Derrick Jones Jr.,27,LAC,SF,26,26,645,.505,.548,.432,.586,.871,.612,.157,.374,109,101,120,108,112,107,63,88,18.0,15.8,,2024-2025
Donte DiVincenzo,28,MIN,SG,26,2,644,.362,.489,.325,.488,.778,.502,.085,.779,78,90,90,90,100,87,34,184,-22.2,-31.8,,2024-2025
Clint Capela,30,ATL,C,28,28,643,.581,.581,,.581,.537,.584,.249,.000,125,107,,107,69,102,99,0,17.4,4.4,,2024-2025
Stephen Curry,36,GSW,PG,21,21,643,.443,.496,.409,.567,.925,.613,.235,.610,95,92,114,105,119,107,94,144,18.4,28.8,,2024-2025
Jake LaRavia,23,MEM,PF,28,0,642,.494,.538,.419,.571,.719,.607,.381,.369,106,99,117,106,92,106,152,87,10.4,12.6,,2024-2025
Klay Thompson,34,DAL,SF,23,23,638,.415,.475,.383,.539,.889,.558,.095,.644,89,88,106,100,114,97,38,152,-1.0,-10.0,,2024-2025
Russell Westbrook,36,DEN,PG,25,6,637,.417,.465,.333,.478,.625,.509,.356,.364,90,86,93,88,80,89,142,86,-31.0,-37.3,,2024-2025
Naz Reid,25,MIN,C,26,0,636,.442,.540,.346,.530,.875,.566,.191,.506,95,100,96,98,113,99,76,119,-5.3,-4.7,,2024-2025
Kris Dunn,30,LAC,PG,28,17,635,.443,.557,.326,.523,.500,.524,.057,.494,95,103,90,97,64,91,23,117,-6.1,-18.0,,2024-2025
Terry Rozier,30,MIA,PG,22,12,631,.398,.450,.350,.489,.902,.529,.181,.518,86,83,97,90,116,92,73,122,-23.3,-22.4,,2024-2025
Andrew Wiggins,29,GSW,SF,22,22,627,.470,.482,.453,.564,.774,.604,.329,.413,101,89,126,104,100,105,131,98,13.1,18.8,,2024-2025
Scotty Pippen Jr.,24,MEM,PG,28,10,624,.466,.538,.325,.521,.684,.546,.242,.339,100,100,90,96,88,95,97,80,-9.1,-15.0,,2024-2025
Dalton Knecht,23,LAL,SF,27,12,624,.464,.607,.370,.576,.714,.588,.125,.603,100,112,103,107,92,102,50,142,15.9,6.5,,2024-2025
Alex Sarr,19,WAS,C,23,23,623,.392,.473,.279,.450,.635,.473,.208,.416,84,87,77,83,82,82,83,98,-45.2,-55.5,,2024-2025
Buddy Hield,32,GSW,SG,26,5,621,.453,.516,.423,.596,.923,.613,.091,.676,98,95,117,110,119,107,36,160,31.8,23.1,,2024-2025
Jimmy Butler,35,MIA,PF,19,19,619,.552,.580,.357,.575,.782,.646,.665,.127,119,107,99,106,101,112,266,30,15.1,40.8,,2024-2025
Nickeil Alexander-Walker,26,MIN,SG,26,2,618,.505,.590,.434,.624,.765,.642,.187,.544,109,109,121,115,98,112,75,128,30.3,26.7,,2024-2025
Malik Monk,26,SAC,SG,21,8,616,.455,.542,.372,.550,.849,.584,.198,.511,98,100,103,102,109,102,79,121,5.3,5.3,,2024-2025
Kevin Huerter,26,SAC,SG,24,15,614,.432,.672,.317,.539,.684,.548,.092,.675,93,124,88,100,88,95,37,159,-0.7,-11.3,,2024-2025
Brandin Podziemski,21,GSW,SG,25,8,613,.396,.514,.258,.455,.733,.479,.149,.460,85,95,72,84,94,83,59,109,-34.4,-41.3,,2024-2025
Keldon Johnson,25,SAS,SF,24,0,613,.452,.548,.290,.506,.761,.544,.270,.375,97,101,81,94,98,95,108,89,-17.1,-16.8,,2024-2025
Jalen Duren,21,DET,C,25,25,608,.684,.684,,.684,.582,.680,.504,.000,147,126,,127,75,118,201,0,38.2,34.3,,2024-2025
Peyton Watson,22,DEN,SF,25,12,607,.494,.554,.370,.554,.764,.594,.331,.325,106,102,103,103,98,103,132,77,4.6,7.5,,2024-2025
Jonathan Kuminga,22,GSW,PF,24,10,607,.441,.491,.315,.486,.594,.509,.321,.283,95,91,87,90,76,89,128,67,-34.5,-47.0,,2024-2025
Brandon Ingram,27,NOP,SF,18,18,595,.465,.514,.374,.530,.855,.560,.165,.345,100,95,104,98,110,97,66,82,-7.0,-10.4,,2024-2025
Onyeka Okongwu,24,ATL,C,25,0,594,.542,.617,.244,.567,.779,.608,.335,.202,117,114,68,105,100,106,134,48,10.6,15.4,,2024-2025
Tristan Da Silva,23,ORL,SF,25,18,593,.418,.495,.337,.500,.708,.517,.132,.489,90,91,94,93,91,90,53,115,-14.7,-22.2,,2024-2025
Gary Trent Jr.,26,MIL,SG,23,7,593,.404,.436,.388,.535,.880,.563,.146,.678,87,81,108,99,113,98,58,160,-1.8,-4.1,,2024-2025
Jared McCain,20,PHI,SG,23,8,592,.460,.532,.383,.553,.875,.589,.204,.485,99,98,107,102,113,103,82,115,6.8,8.9,,2024-2025
Javonte Green,31,NOP,SG,26,12,591,.431,.527,.304,.496,.744,.541,.331,.431,93,97,84,92,96,94,132,102,-11.5,-10.1,,2024-2025
Walker Kessler,23,UTA,C,20,20,587,.718,.713,1.000,.725,.583,.717,.366,.015,155,132,278,134,75,125,146,4,48.4,43.2,,2024-2025
Caleb Martin,29,PHI,SF,20,15,582,.405,.464,.294,.456,.672,.501,.392,.345,87,86,82,84,86,87,157,81,-25.0,-25.4,,2024-2025
Shaedon Sharpe,21,POR,SG,19,17,582,.434,.562,.269,.493,.811,.538,.272,.438,93,104,75,91,104,94,109,103,-26.0,-21.9,,2024-2025
Isaiah Stewart,23,DET,C,27,3,579,.552,.621,.238,.573,.879,.621,.284,.181,119,115,66,106,113,108,114,43,7.6,12.0,,2024-2025
Bobby Portis,29,MIL,PF,24,1,578,.478,.523,.367,.531,.724,.544,.105,.286,103,97,102,98,93,95,42,68,-5.3,-17.8,,2024-2025
Kevin Durant,36,PHO,PF,16,16,572,.522,.575,.418,.593,.811,.634,.326,.337,113,106,116,110,104,110,130,79,30.4,39.6,,2024-2025
Guerschon Yabusele,29,PHI,PF,24,10,571,.476,.597,.374,.577,.614,.590,.262,.542,103,110,104,107,79,103,105,128,12.4,5.7,,2024-2025
Goga Bitadze,25,ORL,C,24,21,568,.634,.692,.000,.634,.778,.664,.310,.083,137,128,0,117,100,116,124,20,27.3,29.7,,2024-2025
Cam Thomas,23,BRK,SG,17,17,568,.461,.515,.389,.544,.866,.606,.377,.424,99,95,108,101,111,106,151,100,2.0,22.1,,2024-2025
Moritz Wagner,27,ORL,C,29,1,563,.562,.649,.360,.616,.718,.649,.442,.301,121,120,100,114,92,113,177,71,37.8,44.3,,2024-2025
Georges Niang,31,CLE,PF,27,1,561,.476,.687,.363,.594,.786,.604,.073,.649,103,127,101,110,101,105,29,153,20.5,11.5,,2024-2025
Desmond Bane,26,MEM,SG,20,19,561,.449,.545,.330,.523,.833,.553,.173,.449,97,101,92,97,107,96,69,106,-8.7,-11.4,,2024-2025
Mike Conley,37,MIN,PG,22,22,559,.343,.294,.365,.470,.909,.515,.199,.693,74,54,102,87,117,90,79,164,-23.4,-21.4,,2024-2025
Miles McBride,24,NYK,PG,22,0,558,.449,.486,.423,.576,.846,.598,.141,.600,97,90,118,107,109,104,56,142,13.0,9.3,,2024-2025
Al Horford,38,BOS,C,20,18,554,.461,.632,.398,.606,1.000,.616,.043,.730,99,117,111,112,129,107,17,172,18.6,12.0,,2024-2025
Dorian Finney-Smith,31,BRK,PF,19,19,552,.474,.521,.452,.628,.652,.635,.151,.684,102,96,126,116,84,111,60,162,26.7,19.7,,2024-2025
Obi Toppin,26,IND,PF,27,0,551,.549,.726,.360,.636,.879,.660,.160,.485,118,134,100,118,113,115,64,115,39.3,37.6,,2024-2025
Spencer Dinwiddie,31,DAL,PG,25,1,551,.394,.453,.352,.497,.855,.568,.400,.587,85,84,98,92,110,99,160,139,-13.5,-2.4,,2024-2025
Deandre Ayton,26,POR,C,18,18,548,.551,.579,.263,.563,.609,.568,.106,.088,119,107,73,104,78,99,43,21,9.5,-2.8,,2024-2025
Tari Eason,23,HOU,PF,24,0,546,.475,.554,.315,.527,.755,.557,.222,.330,102,102,88,98,97,97,89,78,-5.9,-8.7,,2024-2025
Haywood Highsmith,28,MIA,SF,22,16,546,.475,.538,.426,.596,.684,.608,.158,.567,102,100,119,110,88,106,63,134,13.3,8.5,,2024-2025
Keon Ellis,25,SAC,SG,26,4,545,.466,.606,.410,.612,.844,.650,.276,.716,100,112,114,113,109,113,110,169,16.6,19.5,,2024-2025
Corey Kispert,25,WAS,SF,20,0,544,.422,.573,.325,.521,.833,.543,.125,.609,91,106,90,96,107,95,50,144,-7.5,-12.7,,2024-2025
Max Christie,21,LAL,SG,26,5,536,.415,.500,.321,.492,.852,.571,.458,.475,89,92,89,91,110,99,183,112,-11.6,-0.9,,2024-2025
Naji Marshall,27,DAL,SF,22,7,535,.536,.637,.305,.582,.868,.615,.196,.304,115,118,85,108,112,107,78,72,16.3,16.9,,2024-2025
T.J. McConnell,32,IND,PG,27,0,534,.566,.587,.214,.572,.758,.588,.135,.057,122,108,60,106,97,102,54,14,15.2,7.0,,2024-2025
Bradley Beal,31,PHO,SG,16,16,533,.500,.595,.367,.576,.810,.603,.194,.417,108,110,102,107,104,105,78,98,15.5,13.6,,2024-2025
Daniel Gafford,26,DAL,C,26,12,531,.721,.721,,.721,.667,.727,.393,.000,155,133,,133,86,126,157,0,66.2,65.3,,2024-2025
Grayson Allen,29,PHO,SG,22,1,531,.407,.480,.379,.544,.833,.586,.264,.725,88,89,105,101,107,102,105,171,1.3,4.6,,2024-2025
Aaron Wiggins,26,OKC,SG,26,8,529,.450,.491,.402,.543,.789,.557,.095,.460,97,91,112,100,102,97,38,109,0.8,-7.4,,2024-2025
Dereck Lively II,20,DAL,C,22,15,529,.702,.702,,.702,.610,.700,.518,.000,151,130,,130,78,122,207,0,36.8,35.2,,2024-2025
Duncan Robinson,30,MIA,SF,23,12,520,.422,.500,.385,.553,.833,.567,.083,.679,91,92,107,102,107,99,33,160,5.4,-3.6,,2024-2025
Julian Strawther,22,DEN,SG,25,0,516,.468,.541,.395,.567,.814,.603,.251,.503,101,100,110,105,105,105,101,119,9.2,10.8,,2024-2025
Nic Claxton,25,BRK,C,21,13,516,.622,.633,.250,.626,.465,.615,.301,.028,134,117,69,116,60,107,120,7,24.4,13.0,,2024-2025
Gabe Vincent,28,LAL,PG,27,4,515,.364,.444,.315,.462,.500,.465,.068,.619,78,82,88,85,64,81,27,146,-18.6,-26.6,,2024-2025
Quentin Grimes,24,DAL,SG,25,9,515,.469,.552,.409,.588,.711,.612,.281,.581,101,102,114,109,91,106,112,137,15.0,13.4,,2024-2025
Kyshawn George,21,WAS,SG,20,6,514,.333,.509,.240,.412,.714,.442,.183,.654,72,94,67,76,92,77,73,154,-39.4,-43.9,,2024-2025
Scoot Henderson,20,POR,PG,20,3,513,.388,.446,.273,.434,.782,.484,.281,.337,84,82,76,80,101,84,112,79,-41.9,-40.0,,2024-2025
Caris LeVert,30,CLE,SF,21,0,512,.530,.568,.488,.646,.683,.664,.357,.476,114,105,135,119,88,116,143,112,35.4,34.6,,2024-2025
Nicolas Batum,36,LAC,PF,28,1,511,.374,.389,.370,.522,.700,.535,.110,.802,80,72,103,97,90,93,44,189,-3.4,-7.6,,2024-2025
Trey Murphy III,24,NOP,SF,15,13,511,.430,.535,.344,.525,.875,.572,.253,.552,93,99,96,97,113,100,101,130,-6.9,-1.2,,2024-2025
Ben Simmons,28,BRK,PG,21,15,510,.591,.591,,.591,.615,.598,.140,.000,127,109,,109,79,104,56,0,9.5,4.6,,2024-2025
Jeremiah Robinson-Earl,24,NOP,PF,26,4,509,.438,.523,.323,.507,.885,.541,.170,.425,94,97,90,94,114,94,68,100,-10.4,-10.9,,2024-2025
Isaiah Joe,25,OKC,SG,24,9,509,.413,.538,.379,.561,.769,.571,.073,.782,89,100,105,104,99,99,29,185,7.5,-1.2,,2024-2025
A.J. Green,25,MIL,SG,24,3,507,.478,.500,.476,.695,.833,.700,.044,.912,103,92,132,129,107,122,18,215,42.0,34.7,,2024-2025
Brandon Clarke,28,MEM,PF,27,17,505,.613,.676,.063,.616,.591,.619,.142,.103,132,125,17,114,76,108,57,24,23.5,14.8,,2024-2025
CJ McCollum,33,NOP,PG,15,15,504,.436,.522,.325,.507,.690,.524,.150,.439,94,97,90,94,89,91,60,104,-18.7,-29.9,,2024-2025
Scottie Barnes,23,TOR,PF,15,15,501,.461,.550,.311,.519,.730,.556,.307,.373,99,102,86,96,94,97,123,88,-10.5,-10.3,,2024-2025
Kevin Porter Jr.,24,LAC,SG,25,1,499,.413,.482,.231,.445,.638,.467,.200,.277,89,89,64,82,82,81,80,65,-45.0,-54.8,,2024-2025
Jarace Walker,21,IND,PF,28,1,498,.425,.482,.380,.531,.613,.547,.244,.559,92,89,106,98,79,95,98,132,-2.3,-7.6,,2024-2025
Jonathan Mogbo,23,TOR,PF,28,4,497,.465,.495,.318,.492,.698,.531,.333,.171,100,92,88,91,90,92,133,40,-12.4,-13.0,,2024-2025
Patrick Williams,23,CHI,PF,18,17,491,.365,.361,.368,.465,.862,.504,.182,.547,79,67,102,86,111,88,73,129,-23.9,-24.3,,2024-2025
Jonas Valančiūnas,32,WAS,C,25,6,489,.557,.583,.154,.561,.918,.615,.288,.061,120,108,43,104,118,107,115,14,8.8,19.6,,2024-2025
Terance Mann,28,LAC,SG,23,11,484,.438,.494,.340,.500,.667,.520,.188,.367,94,91,95,93,86,90,75,87,-10.4,-15.2,,2024-2025
Isaac Okoro,24,CLE,SG,23,16,483,.495,.500,.492,.636,.714,.650,.196,.570,107,92,137,118,92,113,78,135,20.3,17.4,,2024-2025
De'Andre Hunter,27,ATL,SF,17,2,483,.478,.500,.453,.582,.868,.633,.328,.457,103,92,126,108,112,110,131,108,19.2,31.0,,2024-2025
Grant Williams,26,CHO,PF,16,7,479,.439,.551,.365,.549,.838,.596,.301,.602,95,102,101,102,108,104,120,142,2.0,6.0,,2024-2025
Simone Fontecchio,29,DET,SF,26,0,475,.398,.511,.341,.511,.816,.558,.286,.662,86,94,95,95,105,97,114,156,-7.8,-5.0,,2024-2025
Moussa Diabaté,23,CHO,C,25,4,475,.594,.594,,.594,.353,.574,.266,.000,128,110,,110,45,100,106,0,6.8,-0.1,,2024-2025
Jusuf Nurkić,30,PHO,C,19,19,475,.452,.553,.280,.504,.683,.548,.444,.370,97,102,78,93,88,95,178,87,-9.9,-8.4,,2024-2025
Ja Morant,25,MEM,PG,17,17,475,.449,.508,.309,.494,.829,.563,.408,.298,97,94,86,91,107,98,163,70,-25.0,-7.6,,2024-2025
Sam Hauser,27,BOS,PF,21,2,471,.437,.760,.373,.593,1.000,.596,.013,.834,94,140,104,110,129,104,5,197,15.8,6.5,,2024-2025
Ty Jerome,27,CLE,SG,26,2,467,.537,.598,.447,.628,.911,.667,.239,.404,116,111,124,116,117,116,96,95,32.8,38.2,,2024-2025
Sam Merrill,28,CLE,SG,23,1,465,.375,.667,.333,.521,.938,.546,.111,.875,81,123,93,96,121,95,44,207,-5.7,-8.5,,2024-2025
Ziaire Williams,23,BRK,SF,21,7,459,.403,.495,.273,.459,.795,.507,.277,.415,87,91,76,85,102,88,111,98,-25.9,-23.9,,2024-2025
Ron Holland,19,DET,SF,28,1,453,.466,.626,.211,.507,.794,.543,.230,.385,100,116,59,94,102,95,92,91,-10.0,-10.2,,2024-2025
Chris Boucher,32,TOR,PF,25,0,452,.449,.618,.266,.513,.750,.551,.286,.480,97,114,74,95,96,96,114,113,-10.9,-10.5,,2024-2025
Paul George,34,PHI,PF,14,14,442,.437,.509,.352,.518,.791,.551,.216,.457,94,94,98,96,102,96,86,108,-9.1,-10.4,,2024-2025
Tidjane Salaün,19,CHO,PF,23,8,434,.322,.395,.286,.417,.682,.445,.191,.670,69,73,79,77,88,77,76,158,-28.3,-32.3,,2024-2025
Andre Jackson Jr.,23,MIL,SG,24,16,432,.410,.439,.381,.506,.500,.509,.096,.506,88,81,106,94,64,89,39,119,-5.7,-11.4,,2024-2025
Andre Drummond,31,PHI,C,21,13,431,.520,.546,.125,.524,.574,.544,.425,.063,112,101,35,97,74,95,170,15,-4.3,-9.2,,2024-2025
Keon Johnson,22,BRK,SG,25,6,428,.342,.404,.305,.438,.750,.451,.079,.625,74,75,85,81,96,79,32,148,-31.3,-38.7,,2024-2025
Mason Plumlee,34,PHO,C,25,7,423,.557,.557,,.557,.548,.571,.600,.000,120,103,,103,70,99,240,0,2.3,-0.7,,2024-2025
Trayce Jackson-Davis,24,GSW,C,25,18,422,.606,.611,.000,.606,.605,.615,.288,.008,131,113,0,112,78,107,115,2,17.3,12.1,,2024-2025
Jaime Jaquez Jr.,23,MIA,SF,20,1,421,.420,.479,.250,.452,.723,.495,.299,.255,91,88,69,84,93,86,120,60,-27.7,-28.1,,2024-2025
Wendell Carter Jr.,25,ORL,C,16,16,419,.476,.694,.152,.506,.745,.575,.573,.402,102,128,42,94,96,100,229,95,-5.6,0.0,,2024-2025
Dean Wade,28,CLE,PF,19,10,418,.344,.571,.305,.474,.400,.472,.208,.854,74,106,85,88,51,82,83,202,-12.8,-21.4,,2024-2025
Miles Bridges,26,CHO,PF,14,14,416,.426,.527,.299,.492,.837,.533,.218,.442,92,97,83,91,108,93,87,104,-18.9,-18.1,,2024-2025
Aaron Gordon,29,DEN,PF,14,13,412,.527,.575,.429,.597,.782,.643,.426,.326,114,106,119,110,101,112,170,77,14.6,21.0,,2024-2025
Jay Huff,26,MEM,C,27,1,410,.515,.700,.411,.647,.756,.667,.246,.641,111,129,114,120,97,116,98,151,35.5,34.4,,2024-2025
Jeremy Sochan,21,SAS,PF,14,11,409,.528,.581,.217,.544,.691,.576,.346,.145,114,107,60,101,89,100,138,34,1.1,0.5,,2024-2025
Jordan Clarkson,32,UTA,SG,16,2,405,.403,.477,.316,.476,.804,.522,.272,.461,87,88,88,88,103,91,109,109,-26.7,-24.0,,2024-2025
KJ Martin,24,PHI,PF,21,4,404,.647,.706,.412,.688,.828,.721,.341,.200,139,130,114,127,106,126,136,47,25.1,28.7,,2024-2025
Ajay Mitchell,22,OKC,SG,26,0,402,.479,.494,.438,.538,.842,.566,.162,.274,103,91,122,100,108,99,65,65,-0.5,-2.0,,2024-2025
Dalano Banton,25,POR,PG,24,0,400,.422,.465,.365,.500,.667,.527,.271,.427,91,86,101,93,86,92,108,101,-16.1,-20.9,,2024-2025
Kevon Looney,28,GSW,C,24,5,394,.519,.519,,.519,.436,.516,.375,.000,112,96,,96,56,90,150,0,-4.4,-14.2,,2024-2025
Lindy Waters III,27,GSW,SG,22,8,394,.382,.444,.356,.508,.800,.515,.041,.707,82,82,99,94,103,90,16,167,-8.0,-14.9,,2024-2025
Shake Milton,28,BRK,SG,23,0,390,.458,.530,.370,.542,.750,.567,.200,.450,99,98,103,100,96,99,80,106,0.3,-2.0,,2024-2025
Cam Reddish,25,LAL,SF,20,8,388,.472,.625,.345,.566,.706,.595,.321,.547,102,116,96,105,91,104,128,129,2.7,2.5,,2024-2025
Jonathan Isaac,27,ORL,PF,23,0,386,.441,.596,.295,.517,.690,.543,.246,.517,95,110,82,96,89,95,98,122,-5.6,-8.2,,2024-2025
Neemias Queta,25,BOS,C,23,5,386,.631,.646,.000,.631,.750,.656,.286,.024,136,119,0,117,96,114,114,6,15.2,15.4,,2024-2025
Julian Phillips,21,CHI,SF,27,2,385,.440,.619,.328,.541,.654,.560,.239,.615,95,114,91,100,84,98,95,145,0.2,-3.4,,2024-2025
Jalen Smith,24,CHI,C,25,1,384,.456,.569,.366,.558,.786,.595,.286,.558,98,105,102,103,101,104,114,132,5.1,6.9,,2024-2025
Ryan Dunn,22,PHO,SF,22,9,378,.426,.622,.312,.525,.417,.522,.098,.631,92,115,87,97,54,91,39,149,-3.9,-13.2,,2024-2025
Johnny Juzang,23,UTA,SG,22,0,377,.402,.457,.380,.539,.846,.558,.102,.724,86,84,106,100,109,97,41,171,-0.3,-4.5,,2024-2025
Jamal Shead,22,TOR,PG,26,0,376,.395,.444,.327,.464,.750,.480,.097,.419,85,82,91,86,96,83,39,99,-19.0,-24.5,,2024-2025
Marcus Smart,30,MEM,PG,17,6,373,.365,.426,.325,.464,.829,.512,.255,.606,79,79,90,86,107,89,102,143,-21.1,-19.1,,2024-2025
Kyle Lowry,38,PHI,PG,17,10,368,.368,.438,.346,.500,.783,.550,.338,.765,79,81,96,93,101,96,135,181,-5.5,-3.8,,2024-2025
Andrew Nembhard,25,IND,SG,14,14,366,.452,.507,.310,.495,.871,.553,.298,.279,97,94,86,92,112,96,119,66,-9.4,-5.2,,2024-2025
Dejounte Murray,28,NOP,PG,11,11,361,.368,.409,.288,.417,.854,.469,.236,.339,79,76,80,77,110,82,94,80,-43.1,-40.6,,2024-2025
Cameron Payne,30,NYK,PG,21,0,360,.428,.444,.417,.554,.818,.567,.080,.609,92,82,116,103,105,99,32,144,3.8,-2.1,,2024-2025
Moses Moody,22,GSW,SG,23,4,358,.420,.500,.366,.529,.714,.557,.254,.594,91,92,102,98,92,97,101,140,-3.2,-5.3,,2024-2025
Alex Caruso,30,OKC,SG,18,0,358,.385,.535,.279,.466,.778,.482,.087,.587,83,99,77,86,100,84,35,138,-15.4,-20.0,,2024-2025
Trey Lyles,29,SAC,PF,18,2,353,.363,.440,.333,.484,.714,.504,.154,.725,78,81,93,89,92,88,61,171,-10.4,-13.6,,2024-2025
Luke Kornet,29,BOS,C,21,3,347,.643,.643,,.643,.794,.698,.607,.000,138,119,,119,102,121,243,0,11.5,17.5,,2024-2025
Matas Buzelis,20,CHI,SF,27,0,346,.372,.403,.343,.461,.808,.498,.202,.519,80,75,95,85,104,87,81,123,-20.4,-21.4,,2024-2025
Kyle Anderson,31,GSW,PF,24,0,346,.417,.461,.333,.474,.650,.493,.174,.339,90,85,93,88,84,86,70,80,-15.3,-20.2,,2024-2025
Jamison Battle,23,TOR,SF,25,0,344,.481,.630,.432,.644,.818,.656,.102,.750,104,116,120,119,105,114,41,177,22.3,18.4,,2024-2025
Garrison Mathews,28,ATL,SG,19,1,343,.434,.375,.446,.621,.839,.661,.313,.838,94,69,124,115,108,115,125,198,16.0,19.6,,2024-2025
Gary Payton II,32,GSW,SG,26,4,341,.535,.700,.161,.559,.545,.562,.109,.307,115,129,45,104,70,98,44,72,3.8,-2.6,,2024-2025
Zach Collins,27,SAS,C,24,4,341,.476,.551,.333,.533,.875,.588,.305,.343,103,102,93,99,113,102,122,81,-1.5,3.2,,2024-2025
Vasilije Micić,31,CHO,PG,16,7,340,.341,.333,.353,.415,.750,.433,.098,.415,74,62,98,77,96,75,39,98,-31.0,-36.4,,2024-2025
Dalen Terry,22,CHI,SG,25,0,337,.500,.574,.370,.568,.786,.614,.378,.365,108,106,103,105,101,107,151,86,4.0,6.8,,2024-2025
Oso Ighodaro,22,PHO,PF,21,2,336,.617,.617,,.617,.769,.639,.217,.000,133,114,,114,99,111,87,0,9.1,8.5,,2024-2025
Donovan Clingan,20,POR,C,20,7,335,.527,.563,.308,.548,.727,.575,.237,.140,113,104,86,101,94,100,95,33,1.5,0.0,,2024-2025
Isaiah Hartenstein,26,OKC,C,11,10,334,.577,.600,.000,.577,.630,.591,.260,.038,124,111,0,107,81,103,104,9,7.6,3.9,,2024-2025
Brice Sensabaugh,21,UTA,SF,20,0,332,.459,.548,.413,.594,.867,.614,.123,.656,99,101,115,110,111,107,49,155,13.1,10.2,,2024-2025
Bogdan Bogdanović,32,ATL,SG,13,0,332,.406,.535,.341,.520,.947,.554,.148,.664,88,99,95,96,122,96,59,157,-5.4,-5.7,,2024-2025
Kyle Kuzma,29,WAS,PF,12,12,330,.420,.488,.276,.464,.688,.487,.177,.320,90,90,77,86,88,85,71,76,-27.7,-34.1,,2024-2025
Zach Edey,22,MEM,C,16,10,329,.619,.623,.583,.648,.667,.661,.305,.102,133,115,162,120,86,115,122,24,25.4,23.2,,2024-2025
Herbert Jones,26,NOP,SF,10,10,324,.454,.566,.318,.526,.792,.562,.247,.454,98,105,88,97,102,98,99,107,-2.9,-2.6,,2024-2025
Seth Curry,34,CHO,SG,25,5,321,.463,.512,.423,.579,.818,.596,.116,.547,100,95,118,107,105,104,46,129,7.3,4.3,,2024-2025
Jaden Hardy,22,DAL,SG,22,2,320,.391,.459,.305,.459,.880,.500,.188,.444,84,85,85,85,113,87,75,105,-21.8,-21.5,,2024-2025
Noah Clowney,20,BRK,PF,18,1,320,.381,.432,.358,.504,.750,.533,.203,.686,82,80,100,93,96,93,81,162,-8.6,-10.7,,2024-2025
Luke Kennard,28,MEM,SG,16,0,319,.438,.385,.460,.601,.778,.624,.202,.708,94,71,128,111,100,109,81,167,10.8,9.6,,2024-2025
Tre Mann,23,CHO,PG,13,0,319,.435,.455,.400,.509,.905,.537,.130,.373,94,84,111,94,116,94,52,88,-10.0,-12.6,,2024-2025
Jordan Hawkins,22,NOP,SG,12,3,319,.368,.406,.333,.455,.903,.508,.233,.519,79,75,93,84,116,88,93,122,-22.8,-19.5,,2024-2025
Jericho Sims,26,NYK,C,25,2,318,.667,.667,,.667,.571,.665,.212,.000,144,123,,123,74,116,85,0,8.3,6.5,,2024-2025
Devin Vassell,24,SAS,SG,12,1,309,.481,.524,.431,.581,.800,.603,.162,.468,104,97,120,108,103,105,65,110,12.5,9.4,,2024-2025
Kyle Filipowski,21,UTA,C,17,8,306,.518,.660,.303,.578,.588,.592,.410,.398,112,122,84,107,76,103,164,94,6.3,3.4,,2024-2025
Isaiah Collier,20,UTA,PG,18,1,302,.311,.422,.138,.338,.444,.354,.243,.392,67,78,38,63,57,62,97,93,-30.0,-36.1,,2024-2025
Cody Williams,20,UTA,SG,16,7,299,.269,.367,.189,.321,.600,.343,.149,.552,58,68,53,59,77,60,60,130,-29.4,-33.0,,2024-2025
Reed Sheppard,20,HOU,PG,25,0,297,.353,.422,.298,.436,1.000,.448,.039,.559,76,78,83,81,129,78,16,132,-21.3,-26.2,,2024-2025
Eric Gordon,36,PHI,SG,17,1,290,.341,.429,.277,.421,.773,.469,.268,.573,74,79,77,78,99,82,107,135,-19.6,-19.3,,2024-2025
Nick Richards,27,CHO,C,12,8,289,.597,.605,.000,.597,.707,.649,.753,.013,129,112,0,111,91,113,301,3,8.8,15.2,,2024-2025
Ben Sheppard,23,IND,SG,14,5,288,.414,.500,.380,.550,,.550,.000,.714,89,92,106,102,,96,0,169,1.3,-3.4,,2024-2025
Delon Wright,32,MIL,PG,18,2,287,.321,.381,.281,.406,.500,.418,.189,.604,69,70,78,75,64,73,75,143,-14.3,-18.0,,2024-2025
Cole Anthony,24,ORL,PG,26,0,286,.380,.433,.315,.450,.719,.489,.264,.446,82,80,87,83,92,85,106,105,-21.8,-23.2,,2024-2025
Drew Eubanks,27,UTA,C,21,0,284,.567,.578,.333,.575,.630,.596,.403,.045,122,107,93,106,81,104,161,11,4.6,3.4,,2024-2025
Jett Howard,21,ORL,SF,27,0,282,.370,.565,.312,.490,.857,.504,.070,.770,80,104,87,91,110,88,28,182,-10.1,-14.4,,2024-2025
Gary Harris,30,ORL,SG,17,2,282,.400,.500,.370,.542,.667,.551,.100,.767,86,92,103,100,86,96,40,181,0.1,-3.0,,2024-2025
Jose Alvarado,26,NOP,PG,11,7,282,.396,.390,.400,.515,.824,.544,.168,.594,85,72,111,95,106,95,67,140,-5.2,-6.6,,2024-2025
Nikola Jović,21,MIA,PF,15,8,279,.467,.587,.348,.554,.741,.587,.293,.500,101,108,97,103,95,102,117,118,2.6,2.6,,2024-2025
Ja'Kobe Walter,20,TOR,SG,14,5,275,.361,.475,.224,.412,.667,.432,.139,.454,78,88,62,76,86,75,56,107,-27.7,-32.7,,2024-2025
Daniel Theis,32,NOP,C,19,7,270,.426,.500,.263,.467,.833,.505,.197,.311,92,92,73,86,107,88,79,74,-8.9,-9.2,,2024-2025
Kris Murray,24,POR,SF,21,0,267,.475,.574,.333,.544,.400,.535,.250,.413,102,106,93,101,51,93,100,97,0.5,-7.0,,2024-2025
Jordan Miller,25,LAC,SF,17,0,266,.440,.514,.250,.475,.773,.511,.220,.280,95,95,69,88,99,89,88,66,-13.1,-14.0,,2024-2025
Chet Holmgren,22,OKC,C,10,10,265,.505,.568,.378,.568,.776,.619,.441,.333,109,105,105,105,100,108,176,79,6.0,11.7,,2024-2025
Talen Horton-Tucker,24,CHI,SG,22,0,264,.527,.603,.429,.621,.657,.636,.313,.438,113,111,119,115,85,111,125,103,17.9,15.6,,2024-2025
Marcus Sasser,24,DET,PG,19,0,260,.533,.640,.405,.625,1.000,.639,.065,.457,115,118,112,116,129,111,26,108,15.6,12.3,,2024-2025
Monte Morris,29,PHO,PG,21,0,258,.435,.523,.341,.518,.783,.557,.271,.482,94,97,95,96,101,97,108,114,-3.9,-3.3,,2024-2025
Pat Connaughton,32,MIL,SG,15,0,255,.371,.500,.295,.464,.750,.491,.171,.629,80,92,82,86,96,86,69,148,-10.7,-12.5,,2024-2025
Malaki Branham,21,SAS,SG,20,0,251,.440,.474,.395,.525,.850,.561,.200,.430,95,88,110,97,109,98,80,102,-3.1,-3.0,,2024-2025
Maxi Kleber,33,DAL,PF,15,2,251,.333,.389,.222,.370,.667,.405,.222,.333,72,72,62,69,86,70,89,79,-9.2,-10.1,,2024-2025
Blake Wesley,21,SAS,SG,21,0,247,.459,.556,.200,.486,.714,.523,.284,.270,99,103,56,90,92,91,113,64,-8.0,-8.6,,2024-2025
Pelle Larsson,23,MIA,SG,15,0,245,.540,.676,.379,.627,.550,.627,.317,.460,116,125,105,116,71,109,127,109,10.9,7.5,,2024-2025
Quenton Jackson,26,IND,PG,15,7,242,.520,.588,.375,.580,.706,.600,.227,.320,112,109,104,107,91,104,91,76,5.9,4.2,,2024-2025
Malcolm Brogdon,32,WAS,PG,10,8,241,.510,.551,.385,.558,.868,.617,.365,.250,110,102,107,103,112,107,146,59,3.6,10.3,,2024-2025
Jabari Walker,22,POR,SF,21,1,233,.391,.489,.158,.414,.846,.459,.203,.297,84,90,44,77,109,80,81,70,-16.2,-16.1,,2024-2025
Ricky Council IV,23,PHI,SF,19,0,230,.390,.489,.233,.435,.824,.517,.442,.390,84,90,65,80,106,90,177,92,-16.2,-10.7,,2024-2025
Jamal Cain,25,NOP,SF,16,0,225,.455,.593,.321,.536,.625,.556,.291,.509,98,110,89,99,80,97,116,120,-0.5,-2.3,,2024-2025
Rayan Rupert,20,POR,SG,21,0,223,.438,.543,.310,.508,.667,.527,.188,.453,94,100,86,94,86,92,75,107,-4.2,-6.6,,2024-2025
Kristaps Porziņģis,29,BOS,C,8,8,220,.470,.578,.333,.543,.800,.587,.304,.443,101,107,93,101,103,102,122,105,0.7,3.2,,2024-2025
Jared Butler,24,WAS,SG,19,0,212,.463,.529,.280,.500,.727,.530,.232,.263,100,98,78,93,94,92,93,62,-7.7,-9.3,,2024-2025
Trendon Watford,24,BRK,PF,13,0,209,.443,.509,.308,.494,.857,.572,.443,.329,95,94,86,91,110,100,177,78,-7.4,-0.5,,2024-2025
Kenrich Williams,30,OKC,PF,16,0,208,.571,.759,.412,.683,1.000,.707,.127,.540,123,140,114,126,129,123,51,127,17.9,17.6,,2024-2025
Justin Champagnie,23,WAS,SF,8,5,207,.554,.711,.333,.623,.667,.633,.185,.415,119,131,93,115,86,110,74,98,10.7,8.3,,2024-2025
Dru Smith,27,MIA,SG,11,0,205,.478,.458,.500,.598,.750,.616,.174,.478,103,85,139,111,96,107,70,113,5.3,4.1,,2024-2025
David Roddy,23,ATL,PF,14,1,204,.563,.708,.417,.667,.846,.698,.271,.500,121,131,116,123,109,122,108,118,12.1,13.3,,2024-2025
Josh Okogie,26,PHO,SG,15,1,203,.514,.563,.417,.583,.696,.609,.319,.333,111,104,116,108,89,106,128,79,6.2,5.6,,2024-2025
Larry Nance Jr.,32,ATL,PF,11,2,196,.627,.656,.600,.784,.750,.785,.060,.522,135,121,167,145,96,137,24,123,32.6,29.0,,2024-2025
Lonzo Ball,27,CHI,PG,11,0,195,.322,.444,.300,.449,1.000,.483,.119,.847,69,82,83,83,129,84,47,200,-10.8,-11.3,,2024-2025
Charles Bassey,24,SAS,C,18,0,194,.563,.563,,.563,.524,.567,.328,.000,121,104,,104,67,99,131,0,2.8,-1.2,,2024-2025
Keaton Wallace,25,ATL,PG,12,1,194,.400,.483,.308,.473,1.000,.493,.073,.473,86,89,86,87,129,86,29,112,-7.5,-9.2,,2024-2025
Jaxson Hayes,24,LAL,C,11,1,192,.722,.722,,.722,.783,.759,.639,.000,156,133,,134,101,132,255,0,13.1,17.0,,2024-2025
Ousmane Dieng,21,OKC,PF,16,0,186,.339,.478,.250,.415,.636,.439,.186,.610,73,88,69,77,82,76,75,144,-14.8,-17.3,,2024-2025
Zion Williamson,24,NOP,PF,6,6,186,.452,.459,.333,.462,.667,.521,.577,.058,97,85,93,85,86,91,231,14,-16.4,-13.8,,2024-2025
Doug McDermott,33,SAC,SF,21,3,182,.431,.500,.418,.608,.600,.610,.077,.846,93,92,116,112,77,106,31,200,8.7,4.8,,2024-2025
Johnny Davis,22,WAS,SG,19,0,182,.474,.538,.333,.526,.636,.542,.193,.316,102,100,93,97,82,94,77,75,-1.6,-4.1,,2024-2025
Sandro Mamukelashvili,25,SAS,PF,19,0,182,.545,.765,.447,.700,.733,.714,.273,.691,117,141,124,130,94,124,109,163,17.5,17.2,,2024-2025
Paolo Banchero,22,ORL,PF,5,5,182,.495,.569,.344,.552,.644,.590,.608,.330,107,105,96,102,83,103,243,78,2.1,3.7,,2024-2025
Alec Burks,33,MIA,SG,12,0,181,.457,.429,.469,.620,.750,.636,.174,.696,98,79,130,115,96,111,70,164,7.3,6.1,,2024-2025
Dillon Jones,23,OKC,SF,21,0,177,.345,.545,.212,.409,.625,.427,.145,.600,74,101,59,76,80,74,58,142,-14.5,-17.2,,2024-2025
Mo Bamba,26,LAC,C,13,0,177,.423,.571,.250,.481,.692,.511,.250,.462,91,106,69,89,89,89,100,109,-6.2,-7.3,,2024-2025
Joel Embiid,30,PHI,C,6,6,176,.411,.500,.160,.432,.952,.538,.442,.263,88,92,44,80,123,94,177,62,-20.7,-8.4,,2024-2025
Johnny Furphy,20,IND,SG,17,0,173,.391,.389,.393,.511,1.000,.550,.152,.609,84,72,109,95,129,96,61,144,-2.7,-2.4,,2024-2025
Wendell Moore Jr.,23,DET,SG,12,0,171,.528,.593,.333,.569,.917,.630,.333,.250,114,110,93,105,118,110,133,59,2.1,4.6,,2024-2025
John Konchar,28,MEM,SG,14,0,169,.500,1.000,.409,.673,.750,.684,.154,.846,108,185,114,125,96,119,61,200,6.9,6.1,,2024-2025
Jaylen Nowell,25,NOP,SG,8,0,168,.356,.391,.296,.411,.636,.430,.151,.370,77,72,82,76,82,75,60,87,-18.9,-22.4,,2024-2025
Aaron Holiday,28,HOU,PG,17,0,166,.471,.538,.447,.637,.818,.663,.216,.745,101,100,124,118,105,115,86,176,9.9,9.8,,2024-2025
Christian Koloko,24,LAL,C,17,0,166,.583,.636,.000,.583,.750,.602,.167,.083,126,118,0,108,96,105,67,20,2.1,1.4,,2024-2025
Trey Jemison,25,NOP,C,16,0,166,.469,.469,,.469,.381,.461,.656,.000,101,87,,87,49,80,262,0,-4.6,-9.4,,2024-2025
Vit Krejci,24,ATL,PG,14,0,165,.308,.444,.190,.359,.556,.384,.231,.538,66,82,53,66,71,67,92,127,-14.2,-16.4,,2024-2025
Kevin Love,36,MIA,PF,14,4,165,.369,.371,.367,.476,.667,.497,.179,.583,79,69,102,88,86,86,71,138,-10.8,-14.1,,2024-2025
Tyrese Martin,25,BRK,SG,11,2,165,.473,.500,.463,.645,.800,.656,.091,.745,102,92,129,119,103,114,36,176,11.5,9.3,,2024-2025
Steven Adams,31,HOU,C,15,0,161,.600,.600,,.600,.417,.562,.960,.000,129,111,,111,54,98,384,0,3.0,-0.9,,2024-2025
Jordan McLaughlin,28,SAC,PG,21,0,159,.368,.375,.364,.474,.714,.521,.368,.579,79,69,101,88,92,91,147,137,-5.1,-4.7,,2024-2025
Dwight Powell,33,DAL,C,21,0,158,.800,.800,,.800,.708,.803,2.400,.000,172,148,,148,91,140,959,0,5.2,9.4,,2024-2025
Jock Landale,29,HOU,C,15,0,158,.447,.439,.500,.479,.526,.497,.404,.128,96,81,139,89,68,86,162,30,-5.8,-8.6,,2024-2025
Robert Williams,27,POR,C,9,1,158,.738,.750,.500,.750,.923,.786,.310,.048,159,139,139,139,119,137,124,11,17.6,20.2,,2024-2025
Jordan Walsh,20,BOS,PF,19,1,157,.290,.571,.208,.371,.000,.366,.032,.774,63,106,58,69,0,64,13,183,-10.5,-13.1,,2024-2025
Hunter Tyson,24,DEN,PF,17,0,157,.469,.692,.316,.563,.923,.636,.406,.594,101,128,88,104,119,111,162,140,1.4,4.7,,2024-2025
Paul Reed,25,DET,C,14,0,155,.558,.610,.364,.596,.824,.639,.327,.212,120,113,101,110,106,111,131,50,5.8,7.7,,2024-2025
Tre Jones,25,SAS,PG,9,0,154,.313,.368,.231,.359,.714,.432,.438,.406,67,68,64,66,92,75,175,96,-11.6,-10.8,,2024-2025
Isaac Jones,24,SAC,PF,17,0,153,.652,.690,.250,.663,.467,.646,.326,.087,140,128,69,123,60,113,130,21,11.3,7.6,,2024-2025
Kai Jones,24,LAC,C,19,0,152,.750,.750,,.750,.750,.771,.600,.000,162,139,,139,96,134,240,0,8.4,10.0,,2024-2025
Marvin Bagley III,25,WAS,C,18,1,151,.529,.586,.200,.544,.632,.563,.279,.147,114,108,56,101,81,98,112,35,0.5,-1.7,,2024-2025
Craig Porter Jr.,24,CLE,PG,16,0,151,.581,.650,.455,.661,.600,.663,.161,.355,125,120,126,122,77,115,64,84,7.5,5.9,,2024-2025
Taj Gibson,39,CHO,C,14,8,151,.471,.469,.500,.485,.667,.505,.176,.059,101,87,139,90,86,88,71,14,-3.8,-5.1,,2024-2025
Josh Richardson,31,MIA,SG,8,0,150,.289,.313,.273,.368,1.000,.402,.105,.579,62,58,76,68,129,70,42,137,-13.1,-13.7,,2024-2025
Anthony Gill,32,WAS,PF,20,0,149,.500,.591,.333,.559,.556,.573,.529,.353,108,109,93,103,71,100,212,83,1.2,-0.2,,2024-2025
Xavier Tillman Sr.,26,BOS,C,17,1,147,.241,.308,.188,.293,.500,.301,.069,.552,52,57,52,54,64,52,28,130,-14.3,-16.3,,2024-2025
Elfrid Payton,30,NOP,PG,7,3,144,.500,.511,.000,.500,.500,.501,.043,.022,108,94,0,93,64,87,17,5,-3.7,-6.9,,2024-2025
Bruno Fernando,26,TOR,C,16,2,143,.542,.542,,.542,.750,.563,.167,.000,117,100,,100,96,98,67,0,0.1,-1.2,,2024-2025
Alex Len,31,SAC,C,21,2,142,.542,.650,.000,.542,.429,.535,.292,.167,117,120,0,100,55,93,117,39,0.1,-2.1,,2024-2025
Antonio Reeves,24,NOP,SG,15,0,140,.400,.531,.273,.469,.857,.492,.108,.508,86,98,76,87,110,86,43,120,-9.3,-11.2,,2024-2025
Patty Mills,36,UTA,PG,9,0,138,.355,.571,.292,.468,1.000,.495,.097,.774,76,106,81,87,129,86,39,183,-4.5,-5.1,,2024-2025
Bones Hyland,24,LAC,PG,12,0,137,.411,.333,.442,.568,.833,.606,.247,.712,89,62,123,105,107,105,99,168,4.1,5.0,,2024-2025
Dario Šarić,30,DEN,C,10,3,136,.300,.333,.263,.363,.833,.399,.150,.475,65,62,73,67,107,69,60,112,-14.2,-15.0,,2024-2025
Ausar Thompson,22,DET,SF,8,3,136,.431,.500,.250,.466,.533,.480,.259,.276,93,92,69,86,69,84,103,65,-8.7,-12.2,,2024-2025
Aaron Nesmith,25,IND,SF,6,6,136,.528,.520,.545,.611,.846,.659,.361,.306,114,96,152,113,109,115,144,72,5.1,7.1,,2024-2025
DeAndre Jordan,36,DEN,C,13,0,133,.577,.577,,.577,.250,.542,.308,.000,124,107,,107,32,94,123,0,1.9,-1.9,,2024-2025
Thomas Bryant,27,2TM,C,12,0,131,.455,.533,.389,.561,1.000,.634,.333,.545,98,99,108,104,129,110,133,129,1.3,4.6,,2024-2025
Thomas Bryant,27,MIA,C,10,0,115,.429,.545,.353,.536,1.000,.624,.393,.607,92,101,98,99,129,109,157,143,-0.3,3.3,,2024-2025
Thomas Bryant,27,IND,C,2,0,16,.600,.500,1.000,.700,,.700,.000,.200,129,92,278,130,,122,0,47,1.6,1.3,,2024-2025
Rob Dillingham,20,MIN,PG,14,0,126,.451,.467,.429,.539,,.539,.000,.412,97,86,119,100,,94,0,97,-0.1,-3.6,,2024-2025
Reggie Jackson,34,PHI,PG,11,0,124,.415,.357,.444,.561,,.561,.000,.659,89,66,124,104,,98,0,155,1.7,-1.1,,2024-2025
Kobe Bufkin,21,ATL,SG,10,0,124,.383,.500,.211,.426,.722,.483,.383,.404,82,92,59,79,93,84,153,95,-10.8,-10.1,,2024-2025
Olivier-Maxence Prosper,22,DAL,PF,17,0,121,.353,.364,.333,.412,.556,.435,.265,.353,76,67,93,76,71,76,106,83,-8.8,-10.6,,2024-2025
Nick Smith Jr.,20,CHO,SG,13,0,121,.333,.364,.308,.417,,.417,.000,.542,72,67,86,77,,73,0,128,-11.9,-15.2,,2024-2025
De'Anthony Melton,26,GSW,SG,6,2,121,.407,.474,.371,.528,.625,.539,.148,.648,88,88,103,98,80,94,59,153,-1.4,-4.1,,2024-2025
KJ Simpson,22,CHO,PG,9,0,120,.300,.450,.150,.338,.800,.394,.250,.500,65,83,42,62,103,69,100,118,-16.2,-16.0,,2024-2025
Precious Achiuwa,25,NYK,PF,6,1,120,.500,.542,.250,.518,.500,.525,.357,.143,108,100,69,96,64,91,143,34,-1.3,-3.2,,2024-2025
Enrique Freeman,24,IND,PF,16,1,113,.474,.571,.200,.500,.556,.523,.474,.263,102,106,56,93,71,91,189,62,-1.5,-2.4,,2024-2025
Tyler Kolek,23,NYK,PG,17,0,112,.421,.400,.435,.553,1.000,.578,.105,.605,91,74,121,102,129,101,42,143,0.9,0.3,,2024-2025
Micah Potter,26,UTA,C,6,1,112,.400,.500,.375,.550,,.550,.000,.800,86,92,104,102,,96,0,189,0.4,-1.0,,2024-2025
Jaylon Tyson,22,CLE,SG,14,1,108,.444,.563,.273,.500,.500,.506,.222,.407,96,104,76,93,64,88,89,96,-2.2,-4.1,,2024-2025
Colby Jones,22,SAC,SG,18,0,102,.364,.308,.444,.455,,.455,.000,.409,78,57,124,84,,79,0,97,-3.8,-5.3,,2024-2025
Caleb Houstan,22,ORL,SF,18,0,99,.308,.500,.273,.423,1.000,.446,.077,.846,66,92,76,78,129,78,31,200,-6.1,-6.9,,2024-2025
Ariel Hukporti,22,NYK,C,12,0,99,.643,.643,,.643,.500,.628,.571,.000,138,119,,119,64,109,228,0,2.9,1.9,,2024-2025
Josh Minott,22,MIN,SF,13,0,95,.607,.875,.250,.661,.600,.662,.179,.429,131,162,69,122,77,115,71,101,6.7,5.3,,2024-2025
Day'Ron Sharpe,23,BRK,C,6,0,91,.429,.500,.222,.457,.938,.559,.457,.257,92,92,62,85,121,97,183,61,-5.8,-1.3,,2024-2025
Adem Bona,21,PHI,C,14,0,90,.615,.615,,.615,.833,.671,.462,.000,133,114,,114,107,117,184,0,1.9,3.0,,2024-2025
Jae Crowder,34,SAC,SF,6,2,89,.353,.600,.250,.441,.833,.509,.353,.706,76,111,69,82,107,89,141,167,-3.4,-2.6,,2024-2025
Khris Middleton,33,MIL,SF,4,0,85,.259,.267,.250,.315,.917,.434,.444,.444,56,49,69,58,118,75,178,105,-12.2,-9.1,,2024-2025
Mark Williams,23,CHO,C,6,3,84,.641,.641,,.641,.714,.664,.359,.000,138,118,,119,92,116,143,0,7.8,8.1,,2024-2025
Isaiah Jackson,23,IND,C,5,1,84,.609,.609,,.609,.500,.600,.609,.000,131,113,,113,64,104,243,0,3.1,1.5,,2024-2025
Duop Reath,28,POR,C,13,0,83,.385,.429,.368,.519,,.519,.000,.731,83,79,102,96,,90,0,173,-1.1,-2.9,,2024-2025
Pacome Dadiet,19,NYK,SG,12,0,82,.300,.167,.357,.425,1.000,.455,.100,.700,65,31,99,79,129,79,40,165,-4.6,-5.0,,2024-2025
Cam Whitmore,20,HOU,SF,9,0,82,.400,.655,.048,.410,.625,.447,.320,.420,86,121,13,76,80,78,128,99,-13.0,-14.5,,2024-2025
Drew Peterson,25,BOS,PF,7,0,81,.333,.500,.308,.467,.857,.553,.467,.867,72,92,86,86,110,96,187,205,-2.2,-0.8,,2024-2025
Svi Mykhailiuk,27,UTA,SF,6,2,81,.370,.600,.318,.500,.750,.522,.148,.815,80,111,88,93,96,91,59,192,-2.2,-3.0,,2024-2025
Jeff Dowtin,27,PHI,PG,8,0,80,.316,.455,.125,.342,.750,.385,.211,.421,68,84,35,63,96,67,84,99,-7.5,-7.9,,2024-2025
Zeke Nnaji,24,DEN,PF,16,0,79,.435,.667,.000,.435,.200,.417,.217,.348,94,123,0,80,26,73,87,82,-4.9,-8.0,,2024-2025
Isaiah Wong,24,CHO,SG,5,0,78,.429,.450,.375,.482,.643,.527,.500,.286,92,83,104,89,83,92,200,67,-3.3,-3.2,,2024-2025
Tristan Thompson,33,CLE,PF,10,0,76,.542,.565,.000,.542,.100,.475,.417,.042,117,104,0,100,13,83,167,10,0.1,-5.6,,2024-2025
Taylor Hendricks,21,UTA,PF,3,3,75,.222,.167,.250,.306,.750,.354,.222,.667,48,31,69,57,96,62,89,157,-8.5,-8.7,,2024-2025
Ryan Rollins,22,MIL,PG,11,1,72,.400,.308,.500,.520,.833,.561,.240,.480,86,57,139,96,107,98,96,113,-1.0,-0.8,,2024-2025
Kelly Olynyk,33,TOR,C,5,0,72,.357,.368,.333,.411,.786,.498,.500,.321,77,68,93,76,101,87,200,76,-7.3,-5.2,,2024-2025
Kel'el Ware,20,MIA,C,10,0,69,.400,.444,.286,.440,1.000,.464,.080,.280,86,82,79,81,129,81,32,66,-5.0,-5.7,,2024-2025
Immanuel Quickley,25,TOR,PG,3,3,68,.381,.385,.375,.452,.889,.500,.214,.381,82,71,104,84,114,87,86,90,-7.4,-6.8,,2024-2025
Torrey Craig,34,CHI,SF,6,1,67,.500,1.000,.389,.659,1.000,.677,.091,.818,108,185,108,122,129,118,36,193,5.2,4.7,,2024-2025
Cory Joseph,33,ORL,PG,15,0,63,.333,.250,.357,.472,,.472,.000,.778,72,46,99,87,,82,0,184,-2.5,-3.7,,2024-2025
Jae'Sean Tate,29,HOU,SF,11,0,61,.529,.643,.000,.529,.667,.573,.529,.176,114,119,0,98,86,100,212,42,-0.4,-0.1,,2024-2025
Armel Traoré,22,LAL,SF,8,0,61,.278,.455,.000,.278,.286,.285,.389,.389,60,84,0,51,37,50,155,92,-9.5,-12.2,,2024-2025
DaQuan Jeffries,27,CHO,SG,3,0,61,.650,.700,.600,.800,.500,.790,.100,.500,140,129,167,148,64,138,40,118,10.4,9.0,,2024-2025
Patrick Baldwin Jr.,22,WAS,SF,12,0,57,.474,.500,.455,.605,.500,.602,.211,.579,102,92,126,112,64,105,84,137,2.5,1.1,,2024-2025
Cam Spencer,24,MEM,SG,4,0,54,.538,.571,.500,.654,1.000,.711,.308,.462,116,106,139,121,129,124,123,109,2.9,4.0,,2024-2025
Jevon Carter,29,CHI,PG,11,0,53,.304,.429,.250,.391,,.391,.000,.696,66,79,69,72,,68,0,164,-6.9,-8.4,,2024-2025
Chris Duarte,27,CHI,SG,12,0,50,.500,.667,.417,.639,.750,.674,.444,.667,108,123,116,118,96,117,178,157,3.5,4.3,,2024-2025
Kobe Brown,25,LAC,PF,7,0,47,.450,.571,.167,.475,.500,.479,.100,.300,97,106,46,88,64,83,40,71,-2.6,-4.0,,2024-2025
Moses Brown,25,IND,C,9,0,46,.650,.650,,.650,.600,.653,.250,.000,140,120,,120,77,114,100,0,4.4,3.5,,2024-2025
Luka Garza,26,MIN,C,9,0,46,.560,.706,.250,.600,.625,.614,.320,.320,121,130,69,111,80,107,128,76,3.0,2.2,,2024-2025
Orlando Robinson,24,SAC,C,7,0,46,.500,.625,.250,.542,.500,.546,.500,.333,108,116,69,100,64,95,200,79,0.0,-0.8,,2024-2025
Matt Ryan,27,NYK,SF,9,0,45,.286,.429,.214,.357,,.357,.000,.667,62,79,60,66,,62,0,157,-7.7,-9.1,,2024-2025
Pat Spencer,28,GSW,PG,9,0,45,.375,.462,.000,.375,1.000,.415,.125,.188,81,85,0,69,129,72,50,44,-5.3,-5.4,,2024-2025
Vince Williams Jr.,24,MEM,SG,3,0,45,.368,.545,.125,.395,.250,.385,.211,.421,79,101,35,73,32,67,84,99,-5.5,-7.9,,2024-2025
Trey Alexander,21,DEN,SG,9,0,44,.250,.333,.167,.292,1.000,.349,.167,.500,54,62,46,54,129,61,67,118,-6.0,-5.8,,2024-2025
Terrence Shannon Jr. ,24,MIN,SG,9,0,44,.500,.556,.333,.542,,.542,.000,.250,108,103,93,100,,94,0,59,0.0,-0.8,,2024-2025
Luke Travers,23,CLE,SG,6,0,42,.429,.750,.000,.429,1.000,.508,.286,.429,92,139,0,79,129,88,114,101,-1.6,-1.1,,2024-2025
Yuki Kawamura,23,MEM,PG,14,0,41,.267,.500,.182,.333,.667,.397,.400,.733,57,92,51,62,86,69,160,173,-6.2,-6.3,,2024-2025
Jalen Pickett,25,DEN,SG,5,0,41,.600,1.000,.500,.800,,.800,.000,.800,129,185,139,148,,139,0,189,2.6,2.3,,2024-2025
Adam Flagler,25,OKC,SG,11,0,40,.250,.000,.263,.375,,.375,.000,.950,54,0,73,69,,65,0,224,-6.6,-8.0,,2024-2025
Jeff Green,38,HOU,PF,7,0,40,.538,.800,.375,.654,,.654,.000,.615,116,148,104,121,,114,0,145,2.9,2.1,,2024-2025
Jaden Springer,22,BOS,SG,9,0,39,.200,.286,.000,.200,.500,.277,.600,.300,43,53,0,37,64,48,240,71,-6.8,-7.5,,2024-2025
Karlo Matković,23,NOP,PF,5,0,39,.400,.400,,.400,,.400,.000,.000,86,74,,74,,70,0,0,-1.4,-1.7,,2024-2025
Bol Bol,25,PHO,PF,7,0,37,.600,.800,.200,.633,.667,.652,.400,.333,129,148,56,117,86,113,160,79,2.8,2.7,,2024-2025
Damion Lee,32,PHO,SG,4,0,37,.286,.600,.111,.321,1.000,.451,.429,.643,62,111,31,59,129,78,171,152,-6.1,-4.1,,2024-2025
MarJon Beauchamp,24,MIL,SF,11,0,35,.375,.500,.250,.438,1.000,.507,.250,.500,81,92,69,81,129,88,100,118,-3.3,-2.4,,2024-2025
Garrett Temple,38,TOR,SG,9,0,35,.286,.250,.333,.357,,.357,.000,.429,62,46,93,66,,62,0,101,-2.6,-3.0,,2024-2025
Tyler Smith,20,MIL,PF,10,0,34,.615,1.000,.375,.731,.500,.720,.154,.615,133,185,104,135,64,125,61,145,4.9,4.1,,2024-2025
Baylor Scheierman,24,BOS,SG,5,0,34,.100,.250,.000,.100,1.000,.184,.200,.600,22,46,0,19,129,32,80,142,-8.8,-8.5,,2024-2025
Vlatko Čančar,27,DEN,PF,4,0,34,.571,.600,.500,.643,,.643,.000,.286,123,111,139,119,,112,0,67,1.4,1.0,,2024-2025
Sidy Cissoko,20,SAS,SF,11,0,33,.444,.200,.750,.611,.000,.511,.444,.444,96,37,208,113,0,89,178,105,1.3,-1.4,,2024-2025
PJ Dozier,28,MIN,SG,8,0,33,.667,,.667,1.000,.167,.621,2.000,1.000,144,,185,185,21,108,799,236,2.8,0.5,,2024-2025
D.J. Carton,24,TOR,SG,4,0,33,.143,.250,.000,.143,1.000,.202,.143,.429,31,46,0,26,129,35,57,101,-5.6,-5.5,,2024-2025
E.J. Liddell,24,CHI,PF,6,0,31,.625,1.000,.500,.813,1.000,.845,.250,.750,135,185,139,150,129,147,100,177,4.4,4.8,,2024-2025
Gui Santos,22,GSW,PF,7,0,30,.400,.500,.333,.500,.500,.510,.400,.600,86,92,93,93,64,89,160,142,-0.4,-0.8,,2024-2025
Maxwell Lewis,22,LAL,SF,7,0,29,.333,.333,,.333,,.333,.000,.000,72,62,,62,,58,0,0,-2.5,-2.9,,2024-2025
TyTy Washington Jr.,23,PHO,PG,3,0,27,.500,.333,.667,.667,,.667,.000,.500,108,62,185,123,,116,0,118,1.5,1.1,,2024-2025
Joe Ingles,37,MIN,SF,7,0,26,.000,,.000,.000,,.000,.000,1.000,0,,0,0,,0,0,236,-2.2,-2.3,,2024-2025
Dariq Whitehead,20,BRK,SF,3,0,26,.545,.000,.600,.818,,.818,.000,.909,117,0,167,151,,142,0,215,6.1,5.4,,2024-2025
Jazian Gortman,21,DAL,PG,8,0,25,.455,.429,.500,.545,.500,.547,.182,.364,98,79,139,101,64,95,73,86,0.1,-0.6,,2024-2025
JD Davison,22,BOS,PG,5,0,24,.400,.500,.333,.500,.500,.510,.400,.600,86,92,93,93,64,89,160,142,-0.4,-0.8,,2024-2025
Colin Castleton,24,MEM,C,8,0,22,.250,.500,.000,.250,1.000,.665,2.000,.500,54,92,0,46,129,116,799,118,-2.3,1.4,,2024-2025
Jacob Toppin,24,NYK,SF,7,0,21,.333,1.000,.000,.333,,.333,.000,.667,72,185,0,62,,58,0,157,-1.2,-1.4,,2024-2025
Malevy Leons,25,OKC,SF,6,0,21,.000,.000,.000,.000,.500,.266,2.000,.500,0,0,0,0,64,46,799,118,-2.2,-2.3,,2024-2025
Jack McVeigh,28,HOU,PF,6,0,21,.273,.333,.250,.364,,.364,.000,.727,59,62,69,67,,63,0,172,-3.9,-4.6,,2024-2025
Brandon Williams,25,DAL,PG,5,0,21,.222,.286,.000,.222,.667,.291,.333,.222,48,53,0,41,86,51,133,52,-5.7,-5.9,,2024-2025
Markieff Morris,35,DAL,PF,4,0,21,.222,.167,.333,.278,,.278,.000,.333,48,31,93,51,,48,0,79,-4.7,-5.3,,2024-2025
Adama Sanogo,22,CHI,C,4,0,21,.571,.571,,.571,,.571,.000,.000,123,106,,106,,99,0,0,0.4,0.0,,2024-2025
JT Thor,22,CLE,PF,4,0,21,.875,.800,1.000,1.063,1.000,1.081,.750,.375,188,148,278,197,129,188,300,89,8.4,10.8,,2024-2025
Liam Robbins,25,MIL,C,5,0,20,.667,1.000,.000,.667,.250,.525,1.333,.333,144,185,0,123,32,91,533,79,0.8,-0.5,,2024-2025
Richaun Holmes,31,WAS,PF,3,0,20,.500,.556,.000,.500,1.000,.551,.200,.100,108,103,0,93,129,96,80,24,-0.8,-0.5,,2024-2025
Taze Moore,26,POR,SG,2,0,20,.200,.167,.250,.250,.500,.276,.200,.400,43,31,69,46,64,48,80,94,-5.8,-6.5,,2024-2025
Bronny James,20,LAL,SG,7,0,18,.125,.250,.000,.125,1.000,.225,.250,.500,27,46,0,23,129,39,100,118,-6.6,-6.2,,2024-2025
Branden Carlson,25,OKC,C,5,0,18,.143,.500,.000,.143,1.000,.254,.286,.714,31,92,0,26,129,44,114,169,-5.6,-5.1,,2024-2025
Cam Christie,19,LAC,SG,1,0,18,.286,.333,.250,.357,,.357,.000,.571,62,62,69,66,,62,0,135,-2.6,-3.0,,2024-2025
Stanley Umude,25,MIL,SG,6,0,17,.333,,.333,.500,.000,.387,.667,1.000,72,,93,93,0,67,266,236,-0.2,-1.5,,2024-2025
Lester Quiñones,24,PHI,SG,4,0,17,.500,.800,.000,.500,1.000,.533,.125,.375,108,148,0,93,129,93,50,89,-0.6,-0.7,,2024-2025
Oscar Tshiebwe,25,UTA,PF,1,0,16,,,,,.750,.852,,,,,,,96,148,,,0.0,1.0,,2024-2025
Jalen Hood-Schifino,21,LAL,SG,2,0,14,1.000,1.000,,1.000,1.000,1.064,2.000,.000,215,185,,185,129,185,799,0,0.9,1.8,,2024-2025
Trentyn Flowers,19,LAC,SF,1,0,14,.444,.571,.000,.444,1.000,.477,.111,.222,96,106,0,82,129,83,44,52,-1.7,-1.8,,2024-2025
Kessler Edwards,24,DAL,SF,7,0,13,.000,,.000,.000,,.000,.000,1.000,0,,0,0,,0,0,236,-3.2,-3.4,,2024-2025
Mason Jones,26,SAC,SG,3,0,13,.000,,.000,.000,,.000,.000,1.000,0,,0,0,,0,0,236,-2.2,-2.3,,2024-2025
Daishen Nix,22,MIN,PG,3,0,13,.000,,.000,.000,.500,.266,2.000,1.000,0,,0,0,64,46,799,236,-1.1,-1.2,,2024-2025
Cole Swider,25,DET,SF,2,0,13,.000,,.000,.000,,.000,.000,1.000,0,,0,0,,0,0,236,-5.4,-5.7,,2024-2025
Jared Rhoden,25,CHO,SG,4,0,12,.250,.333,.000,.250,,.250,.000,.250,54,62,0,46,,44,0,59,-4.6,-5.2,,2024-2025
Keshad Johnson,23,MIA,SF,2,0,12,.500,1.000,.000,.500,,.500,.000,.500,108,185,0,93,,87,0,118,-0.2,-0.3,,2024-2025
PJ Hall,22,DEN,C,5,0,11,.400,.667,.000,.400,,.400,.000,.400,86,123,0,74,,70,0,94,-1.4,-1.7,,2024-2025
AJ Johnson,20,MIL,SG,5,0,11,.500,.400,1.000,.583,,.583,.000,.167,108,74,278,108,,102,0,39,0.5,0.1,,2024-2025
Dominick Barlow,21,ATL,SF,2,0,11,.000,.000,,.000,.500,.266,2.000,.000,0,0,,0,64,46,799,0,-1.1,-1.2,,2024-2025
Jalen Bridges,23,PHO,SF,2,0,11,.000,,.000,.000,.500,.174,1.000,1.000,0,,0,0,64,30,400,236,-2.2,-2.3,,2024-2025
Mouhamed Gueye,22,ATL,PF,2,0,11,.250,.500,.000,.250,,.250,.000,.500,54,92,0,46,,44,0,118,-2.3,-2.6,,2024-2025
Cui Yongxi,21,BRK,SG,5,0,10,.143,.250,.000,.143,.500,.190,.286,.429,31,46,0,26,64,33,114,101,-5.6,-6.1,,2024-2025
James Johnson,37,IND,PF,3,0,10,.500,.667,.000,.500,,.500,.000,.250,108,123,0,93,,87,0,59,-0.3,-0.6,,2024-2025
Jeenathan Williams,25,HOU,SG,3,0,10,.750,1.000,.500,.875,,.875,.000,.500,162,185,139,162,,152,0,118,2.7,2.4,,2024-2025
Justin Edwards,21,PHI,SF,2,0,9,.667,1.000,.000,.667,.000,.581,.333,.333,144,185,0,123,0,101,133,79,0.8,0.0,,2024-2025
Tristen Newton,23,IND,SG,5,0,8,.167,.333,.000,.167,1.000,.233,.167,.500,36,62,0,31,129,41,67,118,-4.5,-4.4,,2024-2025
David Duke Jr.,25,SAS,SG,1,0,8,.250,.333,.000,.250,.500,.307,.500,.250,54,62,0,46,64,54,200,59,-2.3,-2.6,,2024-2025
Quincy Olivari,23,LAL,PG,1,0,8,.333,,.333,.500,,.500,.000,1.000,72,,93,93,,87,0,236,-0.2,-0.4,,2024-2025
Reece Beekman,23,2TM,PG,3,0,8,1.000,1.000,,1.000,,1.000,.000,.000,215,185,,185,,174,0,0,0.9,0.9,,2024-2025
Reece Beekman,23,GSW,PG,2,0,4,1.000,1.000,,1.000,,1.000,.000,.000,215,185,,185,,174,0,0,0.9,0.9,,2024-2025
Reece Beekman,23,BRK,PG,1,0,4,,,,,,,,,,,,,,,,,0.0,0.0,,2024-2025
Alex Ducas,24,OKC,SG,4,0,7,.000,.000,.000,.000,,.000,.000,.667,0,0,0,0,,0,0,157,-3.2,-3.4,,2024-2025
Trevelin Queen,27,ORL,SG,3,0,7,.333,.000,1.000,.500,,.500,.000,.333,72,0,278,93,,87,0,79,-0.2,-0.4,,2024-2025
Harrison Ingram,22,SAS,SF,1,0,7,.000,.000,,.000,,.000,.000,.000,0,0,,0,,0,0,0,-1.1,-1.1,,2024-2025
Riley Minix,24,SAS,SF,1,0,7,.000,,.000,.000,,.000,.000,1.000,0,,0,0,,0,0,236,-1.1,-1.1,,2024-2025
Chris Livingston,21,MIL,SF,3,0,6,.500,.500,,.500,,.500,.000,.000,108,92,,93,,87,0,0,-0.2,-0.3,,2024-2025
Justin Minaya,25,POR,SF,1,0,6,,,,,,,,,,,,,,,,,0.0,0.0,,2024-2025
Daniss Jenkins,23,DET,PG,2,0,5,.000,,.000,.000,,.000,.000,1.000,0,,0,0,,0,0,236,-2.2,-2.3,,2024-2025
Ulrich Chomche,19,TOR,PF,1,0,5,1.000,1.000,,1.000,,1.000,.000,.000,215,185,,185,,174,0,0,0.9,0.9,,2024-2025
Isaiah Crawford,23,SAC,SF,1,0,5,,,,,,,,,,,,,,,,,0.0,0.0,,2024-2025
Mac McClung,26,ORL,SG,1,0,5,,,,,,,,,,,,,,,,,0.0,0.0,,2024-2025
James Wiseman,23,IND,C,1,0,5,.500,.667,.000,.500,1.000,.615,.500,.250,108,123,0,93,129,107,200,59,-0.3,0.4,,2024-2025
Spencer Jones,23,DEN,SF,2,0,4,.000,,.000,.000,,.000,.000,1.000,0,,0,0,,0,0,236,-1.1,-1.1,,2024-2025
Alondes Williams,25,DET,SG,1,0,4,1.000,1.000,1.000,1.250,,1.250,.000,.500,215,185,278,231,,218,0,118,2.8,2.7,,2024-2025
Jaylen Martin,21,BRK,SF,2,0,3,1.000,,1.000,1.500,,1.500,.000,1.000,215,,278,278,,261,0,236,1.9,1.9,,2024-2025
Collin Gillespie,25,PHO,PG,1,0,3,.500,.000,1.000,.750,,.750,.000,.500,108,0,278,139,,131,0,118,0.8,0.7,,2024-2025
Bryce McGowens,22,POR,SG,1,0,3,.500,1.000,.000,.500,,.500,.000,.500,108,185,0,93,,87,0,118,-0.2,-0.3,,2024-2025
Alex Reese,25,OKC,PF,1,0,2,1.000,1.000,,1.000,,1.000,.000,.000,215,185,,185,,174,0,0,0.9,0.9,,2024-2025
League Average,,,,,,,.464,.541,.360,.540,.777,.574,.250,.424,,,,,,,,,,,,2024-2025
