Player,Age,Team,Pos,G,GS,MP,FG%,Dist.,2P,0-3,3-10,10-16,16-3P,3P,2P_1,0-3_1,3-10_1,10-16_1,16-3P_1,3P_1,2P_2,3P_2,%FGA,#,%3PA,3P%,Att.,Md.,Awards,Year
De'Aaron Fox,27,SAC,PG,28,28,1042,.480,14.1,.689,.137,.283,.165,.103,.311,.550,.766,.547,.516,.328,.326,.286,.596,.016,9,.120,.238,1,0,,2024-2025
Mikal Bridges,28,NYK,SF,27,27,1034,.494,16.1,.542,.144,.176,.176,.045,.458,.619,.842,.557,.557,.389,.346,.714,.952,.028,10,.456,.458,6,0,,2024-2025
Tyrese Haliburton,24,IND,PG,28,28,990,.427,20.3,.397,.087,.132,.099,.079,.603,.538,.743,.528,.475,.406,.354,.384,.570,.012,4,.070,.471,6,0,,2024-2025
OG Anunoby,27,NYK,PF,27,27,987,.473,13.6,.546,.356,.098,.050,.042,.454,.574,.709,.343,.333,.267,.352,.768,1.000,.162,52,.432,.329,0,0,,2024-2025
Keegan Murray,24,SAC,PF,27,27,979,.426,16.0,.515,.161,.200,.105,.049,.485,.541,.796,.426,.438,.400,.304,.624,1.000,.072,21,.392,.362,0,0,,2024-2025
Trae Young,26,ATL,PG,27,27,976,.390,17.1,.513,.134,.224,.114,.042,.487,.457,.623,.412,.385,.368,.320,.336,.338,.002,0,.131,.345,2,0,,2024-2025
Pascal Siakam,30,IND,PF,28,28,967,.526,12.9,.702,.222,.225,.181,.073,.298,.568,.736,.554,.446,.400,.426,.558,.981,.024,10,.328,.475,0,0,,2024-2025
Josh Hart,29,NYK,SG,26,26,957,.594,11.9,.628,.389,.159,.054,.025,.372,.707,.796,.553,.385,1.000,.404,.585,.889,.025,6,.326,.310,0,0,,2024-2025
Jalen Johnson,23,ATL,SF,26,26,955,.501,10.8,.719,.331,.267,.104,.017,.281,.564,.761,.435,.238,.714,.342,.634,.949,.109,41,.298,.324,2,0,,2024-2025
Devin Booker,28,PHO,SG,26,26,951,.439,16.7,.576,.117,.159,.176,.125,.424,.507,.618,.427,.518,.492,.345,.420,.768,.013,3,.110,.409,0,0,,2024-2025
Domantas Sabonis,28,SAC,C,26,26,938,.626,8.2,.822,.456,.266,.053,.047,.178,.665,.756,.560,.500,.563,.443,.636,1.000,.099,33,.066,.750,0,0,,2024-2025
Anthony Edwards,23,MIN,SG,26,26,931,.453,17.2,.499,.149,.166,.092,.092,.501,.483,.641,.460,.333,.417,.424,.365,.505,.025,11,.137,.417,2,0,,2024-2025
Jalen Brunson,28,NYK,PG,27,27,925,.485,14.5,.639,.165,.234,.162,.078,.361,.515,.671,.472,.453,.444,.431,.217,.500,.000,0,.150,.440,0,0,,2024-2025
Bennedict Mathurin,22,IND,SG,28,23,921,.465,12.4,.673,.353,.185,.055,.081,.327,.511,.656,.375,.368,.286,.372,.580,.738,.035,12,.106,.583,1,0,,2024-2025
Anthony Davis,31,LAL,C,26,26,918,.527,9.3,.878,.332,.289,.134,.122,.122,.559,.767,.500,.288,.433,.300,.598,.944,.112,52,.033,.000,0,0,,2024-2025
James Harden,35,LAC,PG,27,27,912,.392,17.0,.489,.135,.213,.124,.016,.511,.432,.576,.333,.389,.857,.354,.185,.392,.005,2,.040,.444,0,0,,2024-2025
Jayson Tatum,26,BOS,PF,25,25,911,.453,16.9,.488,.199,.143,.074,.072,.512,.552,.833,.370,.289,.405,.359,.326,.468,.057,27,.080,.333,0,0,,2024-2025
Ivica Zubac,27,LAC,C,28,28,902,.610,4.4,1.000,.423,.497,.074,.006,.000,.610,.702,.558,.435,.500,,.709,,.187,53,,,0,0,,2024-2025
Derrick White,30,BOS,SG,26,26,898,.451,20.5,.289,.086,.136,.044,.024,.711,.592,.655,.587,.667,.250,.394,.448,.863,.012,4,.170,.463,0,0,,2024-2025
Shai Gilgeous-Alexander,26,OKC,PG,26,26,897,.513,13.1,.703,.236,.216,.173,.077,.297,.588,.758,.470,.574,.429,.335,.210,.296,.015,8,.043,.429,0,0,,2024-2025
Fred VanVleet,30,HOU,PG,25,25,885,.377,19.1,.448,.122,.125,.079,.122,.552,.468,.605,.477,.321,.419,.303,.257,.576,.000,0,.092,.278,3,0,,2024-2025
Rudy Gobert,32,MIN,C,26,26,883,.635,2.7,1.000,.686,.270,.044,.000,.000,.635,.798,.326,.000,,,.752,,.497,67,,,0,0,,2024-2025
Jalen Green,22,HOU,SG,27,27,879,.405,16.1,.523,.213,.167,.043,.100,.477,.485,.713,.392,.211,.273,.318,.304,.552,.063,23,.114,.375,0,0,,2024-2025
Dyson Daniels,21,ATL,SG,26,26,877,.447,11.5,.692,.274,.336,.069,.013,.308,.514,.667,.430,.364,.250,.296,.558,.931,.041,13,.245,.375,3,0,,2024-2025
Michael Porter Jr.,26,DEN,SF,25,25,877,.513,15.4,.573,.211,.188,.057,.117,.427,.607,.770,.545,.500,.463,.387,.803,.914,.097,30,.100,.400,1,0,,2024-2025
LeBron James,40,LAL,SF,25,25,874,.486,13.2,.682,.279,.205,.101,.097,.318,.545,.710,.484,.444,.302,.362,.400,.627,.052,23,.057,.250,1,0,,2024-2025
Cade Cunningham,23,DET,PG,24,24,870,.457,13.1,.678,.181,.312,.128,.057,.322,.491,.547,.480,.475,.407,.386,.215,.576,.025,7,.065,.500,1,0,,2024-2025
Ochai Agbaji,24,TOR,SG,28,26,867,.528,12.7,.540,.379,.133,.028,.000,.460,.597,.670,.424,.429,,.447,.763,.961,.052,13,.614,.457,0,0,,2024-2025
Karl-Anthony Towns,29,NYK,C,25,25,862,.535,11.2,.689,.358,.253,.058,.019,.311,.569,.660,.490,.500,.125,.461,.596,.983,.068,27,.039,.400,0,0,,2024-2025
Ayo Dosunmu,25,CHI,SG,28,15,858,.500,12.0,.592,.387,.176,.025,.004,.408,.613,.718,.420,.429,.000,.336,.592,.949,.025,6,.457,.396,0,0,,2024-2025
Nikola Vučević,34,CHI,C,27,27,858,.592,12.5,.678,.217,.325,.105,.031,.322,.645,.759,.621,.500,.583,.480,.766,.983,.013,4,.081,.300,0,0,,2024-2025
Julius Randle,30,MIN,PF,26,26,855,.483,12.2,.670,.236,.290,.121,.024,.330,.544,.773,.435,.356,.556,.358,.449,.841,.064,23,.211,.192,0,0,,2024-2025
Kentavious Caldwell-Pope,31,ORL,SG,28,28,852,.395,19.3,.340,.165,.055,.020,.100,.660,.574,.818,.182,.250,.450,.303,.667,.875,.040,8,.333,.273,0,0,,2024-2025
Coby White,24,CHI,SG,26,26,850,.417,18.9,.388,.187,.089,.065,.046,.612,.503,.623,.424,.542,.118,.363,.361,.805,.003,0,.146,.364,4,0,,2024-2025
Dillon Brooks,29,HOU,SF,27,27,849,.427,16.6,.492,.152,.155,.126,.058,.508,.467,.574,.521,.282,.444,.389,.437,1.000,.026,8,.261,.439,0,0,,2024-2025
Cameron Johnson,28,BRK,PF,26,26,848,.489,17.8,.405,.205,.097,.051,.051,.595,.575,.735,.375,.529,.353,.431,.584,.906,.030,9,.203,.500,0,0,,2024-2025
Kyrie Irving,32,DAL,SG,24,24,848,.504,14.8,.626,.151,.265,.125,.085,.374,.525,.719,.482,.472,.389,.468,.324,.595,.000,0,.158,.560,1,0,,2024-2025
Alperen Sengun,22,HOU,C,27,27,842,.481,7.6,.903,.335,.386,.153,.029,.097,.505,.609,.440,.492,.250,.250,.426,1.000,.046,14,.050,.500,0,0,,2024-2025
Bam Adebayo,27,MIA,C,24,24,840,.443,10.6,.793,.260,.314,.192,.027,.207,.472,.667,.390,.359,.333,.333,.568,.826,.153,47,.275,.316,0,0,,2024-2025
Jalen Suggs,23,ORL,PG,28,28,839,.405,18.0,.481,.161,.140,.122,.057,.519,.508,.758,.370,.404,.364,.310,.213,.823,.005,2,.150,.367,4,0,,2024-2025
Jalen Williams,23,OKC,SG,26,26,838,.494,13.2,.692,.239,.216,.157,.080,.308,.546,.752,.347,.565,.429,.378,.452,.804,.087,32,.059,.125,0,0,,2024-2025
Tobias Harris,32,DET,PF,26,26,837,.439,13.7,.626,.187,.259,.131,.049,.374,.503,.789,.380,.375,.400,.333,.542,.947,.066,18,.509,.379,0,0,,2024-2025
Bilal Coulibaly,20,WAS,SF,24,24,837,.437,13.7,.642,.248,.197,.126,.071,.358,.509,.762,.380,.313,.333,.308,.470,.857,.110,25,.209,.421,0,0,,2024-2025
Tyler Herro,25,MIA,SG,24,24,837,.476,17.5,.427,.164,.192,.047,.024,.573,.561,.696,.469,.500,.500,.413,.347,.740,.007,3,.132,.406,1,0,,2024-2025
Jakob Poeltl,29,TOR,C,26,25,835,.589,4.8,.993,.507,.360,.113,.014,.007,.593,.676,.495,.576,.250,.000,.709,,.027,6,.000,,1,0,,2024-2025
Tyus Jones,28,PHO,PG,26,26,831,.486,17.5,.443,.078,.208,.137,.020,.557,.558,.900,.585,.314,.600,.430,.413,.869,.000,0,.359,.490,0,0,,2024-2025
Donovan Mitchell,28,CLE,SG,26,26,830,.448,17.4,.504,.180,.114,.087,.124,.496,.492,.598,.564,.286,.417,.404,.250,.546,.008,2,.096,.435,0,0,,2024-2025
Jabari Smith Jr.,21,HOU,PF,27,27,829,.439,16.5,.482,.169,.153,.122,.039,.518,.520,.744,.385,.484,.200,.364,.609,.979,.043,10,.250,.333,0,0,,2024-2025
Franz Wagner,23,ORL,SF,25,25,829,.465,12.8,.664,.264,.294,.072,.034,.336,.538,.688,.439,.529,.250,.321,.515,.608,.047,20,.107,.529,2,0,,2024-2025
Toumani Camara,24,POR,PF,27,27,826,.429,14.3,.465,.323,.138,.005,.000,.535,.495,.586,.300,.000,,.371,.560,.930,.074,12,.431,.380,0,0,,2024-2025
Jerami Grant,30,POR,PF,25,25,825,.390,16.0,.497,.193,.179,.071,.054,.503,.401,.523,.317,.417,.222,.379,.478,.969,.030,8,.314,.415,0,0,,2024-2025
RJ Barrett,24,TOR,SG,24,24,824,.455,10.7,.699,.358,.279,.046,.015,.301,.500,.613,.378,.429,.286,.350,.415,.833,.029,10,.241,.455,1,0,,2024-2025
Christian Braun,23,DEN,SG,24,24,822,.564,9.1,.734,.477,.212,.017,.029,.266,.621,.713,.451,.500,.429,.406,.755,1.000,.108,24,.406,.346,0,0,,2024-2025
Myles Turner,28,IND,C,26,26,821,.473,15.4,.551,.207,.190,.082,.071,.449,.525,.754,.339,.458,.429,.409,.800,.981,.088,21,.182,.500,0,0,,2024-2025
Nikola Jokić,29,DEN,C,22,22,819,.564,10.9,.787,.241,.421,.091,.035,.213,.581,.658,.577,.429,.500,.500,.654,.857,.017,7,.041,.750,8,0,,2024-2025
Brook Lopez,36,MIL,C,25,25,817,.475,17.6,.435,.188,.130,.108,.009,.565,.629,.786,.517,.458,1.000,.357,.803,1.000,.054,12,.111,.714,0,0,,2024-2025
DeMar DeRozan,35,SAC,SF,23,23,816,.487,14.4,.871,.076,.171,.324,.300,.129,.514,.759,.554,.472,.474,.306,.382,.800,.008,3,.449,.364,1,0,,2024-2025
Giannis Antetokounmpo,30,MIL,PF,23,23,810,.614,6.5,.965,.564,.171,.081,.148,.035,.630,.759,.415,.538,.437,.176,.423,.000,.203,92,.000,,0,0,,2024-2025
Malik Beasley,28,DET,SG,28,8,803,.430,20.5,.310,.045,.147,.053,.064,.690,.474,.647,.473,.400,.417,.411,.673,.925,.019,6,.256,.500,0,0,,2024-2025
Jarrett Allen,26,CLE,C,27,27,802,.695,3.4,.995,.643,.277,.061,.014,.005,.698,.781,.610,.385,.000,.000,.845,,.286,54,1.000,.000,0,0,,2024-2025
Zach LaVine,29,CHI,SF,24,24,800,.505,16.7,.516,.266,.055,.079,.116,.484,.571,.713,.286,.367,.523,.435,.420,.538,.058,21,.174,.438,0,0,,2024-2025
Damian Lillard,34,MIL,PG,22,22,800,.450,18.4,.470,.165,.116,.083,.106,.530,.538,.703,.378,.563,.439,.371,.122,.474,.008,3,.063,.308,2,0,,2024-2025
Julian Champagnie,23,SAS,SF,27,26,797,.427,19.2,.281,.150,.109,.011,.011,.719,.610,.732,.433,1.000,.333,.355,.809,.971,.040,9,.294,.414,0,0,,2024-2025
Dennis Schröder,31,2TM,PG,24,24,794,.442,15.3,.543,.190,.175,.125,.053,.457,.497,.656,.288,.571,.444,.377,.220,.672,.000,0,.084,.462,1,0,,2024-2025
Dennis Schröder,31,BRK,PG,23,23,772,.452,15.9,.538,.197,.169,.123,.049,.462,.509,.656,.309,.575,.438,.387,.225,.672,.000,0,.087,.462,1,0,,2024-2025
Dennis Schröder,31,GSW,PG,1,1,22,.167,14.8,.667,.000,.333,.167,.167,.333,.250,,.000,.500,.500,.000,.000,,.000,0,.000,,0,0,,2024-2025
Keyonte George,21,UTA,PG,25,25,791,.394,17.8,.431,.082,.230,.096,.023,.569,.453,.679,.418,.303,.625,.349,.358,.735,.020,6,.159,.516,0,0,,2024-2025
Darius Garland,25,CLE,PG,26,26,785,.485,16.2,.544,.186,.142,.137,.080,.456,.540,.611,.473,.660,.290,.418,.307,.622,.003,1,.198,.429,1,0,,2024-2025
Jaden McDaniels,24,MIN,PF,26,26,779,.445,13.6,.572,.263,.203,.085,.021,.428,.533,.677,.375,.600,.000,.327,.569,.939,.072,13,.465,.319,2,0,,2024-2025
Jaylen Brown,28,BOS,SF,22,22,778,.440,14.4,.616,.179,.254,.121,.063,.384,.506,.716,.448,.380,.385,.333,.380,.736,.036,14,.182,.448,0,0,,2024-2025
Payton Pritchard,27,BOS,PG,27,0,776,.482,22.6,.222,.093,.055,.045,.029,.778,.652,.724,.647,.571,.556,.434,.222,.790,.000,0,.153,.541,3,0,,2024-2025
Harrison Barnes,32,SAS,PF,27,27,771,.480,13.5,.539,.265,.230,.044,.000,.461,.527,.667,.383,.444,,.426,.655,1.000,.044,9,.532,.480,0,0,,2024-2025
Chris Paul,39,SAS,PG,27,27,766,.434,21.3,.356,.029,.068,.132,.127,.644,.562,.833,.429,.704,.423,.364,.244,.396,.000,0,.114,.333,1,0,,2024-2025
Kelly Oubre Jr.,29,PHI,SF,24,21,765,.453,12.7,.610,.277,.266,.056,.011,.390,.546,.662,.451,.400,.667,.308,.506,1.000,.082,20,.298,.226,0,0,,2024-2025
Luguentz Dort,25,OKC,SF,26,26,763,.407,18.7,.332,.150,.103,.047,.033,.668,.437,.563,.318,.300,.429,.392,.774,.964,.037,5,.273,.410,0,0,,2024-2025
Jaden Ivey,22,DET,SG,25,25,759,.436,13.6,.635,.256,.234,.097,.048,.365,.475,.633,.390,.324,.353,.367,.453,.766,.028,9,.211,.259,3,0,,2024-2025
Evan Mobley,23,CLE,PF,25,25,759,.564,7.6,.821,.526,.237,.042,.016,.179,.598,.732,.392,.308,.000,.411,.667,.870,.234,69,.268,.533,1,0,,2024-2025
Brandon Miller,22,CHO,SF,22,22,757,.406,18.9,.406,.123,.158,.086,.039,.594,.485,.700,.422,.400,.250,.353,.525,.812,.042,16,.075,.278,3,0,,2024-2025
Gradey Dick,21,TOR,SG,23,23,746,.416,16.8,.496,.185,.117,.135,.059,.504,.485,.524,.425,.478,.500,.349,.780,.933,.021,6,.250,.326,1,0,,2024-2025
John Collins,27,UTA,PF,25,16,744,.529,10.4,.734,.263,.380,.065,.026,.266,.562,.704,.538,.300,.125,.439,.598,.972,.136,40,.354,.552,0,0,,2024-2025
Anfernee Simons,25,POR,SG,24,24,744,.418,17.3,.480,.167,.181,.093,.040,.520,.512,.627,.469,.333,.643,.332,.195,.508,.011,3,.076,.357,1,0,,2024-2025
Santi Aldama,24,MEM,PF,28,11,741,.514,13.5,.566,.266,.238,.045,.017,.434,.610,.831,.464,.308,.000,.389,.650,.959,.107,31,.286,.444,0,0,,2024-2025
Austin Reaves,26,LAL,SG,22,22,741,.437,18.0,.444,.142,.183,.098,.020,.556,.534,.810,.426,.345,.500,.360,.557,.780,.003,1,.134,.364,3,0,,2024-2025
Luka Dončić,25,DAL,PG,20,20,739,.459,17.1,.543,.103,.199,.176,.066,.457,.546,.800,.540,.481,.345,.355,.292,.479,.002,1,.040,.375,1,0,,2024-2025
Jrue Holiday,34,BOS,PG,24,24,734,.438,16.1,.450,.194,.194,.041,.021,.550,.578,.745,.447,.400,.600,.323,.476,.814,.004,0,.376,.320,0,0,,2024-2025
Josh Giddey,22,CHI,PG,27,27,732,.452,12.5,.626,.326,.211,.059,.030,.374,.527,.602,.491,.438,.125,.327,.472,.879,.022,5,.267,.370,0,0,,2024-2025
Carlton Carrington,19,WAS,PG,25,17,732,.384,18.7,.469,.137,.104,.076,.152,.531,.455,.552,.273,.500,.469,.321,.467,.667,.028,5,.125,.357,1,0,,2024-2025
Rui Hachimura,26,LAL,PF,22,22,730,.478,12.4,.643,.309,.213,.082,.039,.357,.504,.703,.273,.412,.375,.432,.851,1.000,.126,23,.365,.407,0,0,,2024-2025
Amen Thompson,22,HOU,SF,27,2,728,.553,8.0,.858,.429,.260,.096,.073,.142,.596,.766,.456,.381,.375,.290,.527,1.000,.164,35,.710,.409,0,0,,2024-2025
Jaren Jackson Jr.,25,MEM,C,26,26,726,.518,12.7,.664,.151,.438,.072,.003,.336,.595,.712,.544,.643,1.000,.366,.468,.917,.044,17,.176,.261,1,0,,2024-2025
Collin Sexton,26,UTA,SG,26,24,724,.486,13.5,.656,.174,.299,.119,.064,.344,.510,.667,.441,.622,.200,.439,.375,.617,.003,1,.234,.560,0,0,,2024-2025
Davion Mitchell,26,TOR,PG,27,13,723,.398,15.4,.520,.246,.187,.058,.029,.480,.494,.643,.469,.000,.400,.293,.318,.833,.000,0,.134,.182,3,0,,2024-2025
Jamal Murray,27,DEN,PG,20,20,721,.428,16.2,.629,.151,.151,.145,.182,.371,.470,.667,.458,.348,.414,.356,.394,.738,.013,4,.110,.231,2,0,,2024-2025
Victor Wembanyama,21,SAS,C,22,22,716,.477,17.0,.506,.211,.125,.076,.093,.494,.607,.849,.490,.452,.342,.343,.624,.841,.123,46,.050,.200,0,0,,2024-2025
Deni Avdija,24,POR,SF,27,12,713,.442,13.6,.578,.295,.215,.048,.020,.422,.497,.568,.426,.333,.600,.368,.417,.846,.028,6,.170,.333,1,0,,2024-2025
Jordan Poole,25,WAS,SG,23,23,712,.435,16.7,.478,.230,.157,.059,.031,.522,.476,.646,.357,.143,.455,.398,.321,.568,.006,2,.108,.300,0,0,,2024-2025
Cody Martin,29,CHO,SF,27,5,709,.445,16.0,.495,.235,.100,.100,.060,.505,.566,.723,.500,.400,.333,.327,.518,.939,.030,5,.465,.319,0,0,,2024-2025
Anthony Black,21,ORL,PG,29,1,706,.422,12.6,.659,.270,.265,.085,.038,.341,.504,.649,.446,.333,.250,.264,.371,.842,.047,7,.403,.276,1,0,,2024-2025
Stephon Castle,20,SAS,PG,26,17,702,.375,14.2,.610,.282,.191,.072,.065,.390,.444,.615,.302,.350,.222,.269,.507,.828,.047,13,.120,.385,3,0,,2024-2025
Yves Missi,20,NOP,C,27,21,701,.552,2.0,1.000,.779,.221,.000,.000,.000,.552,.631,.275,,,,.610,,.271,41,,,0,0,,2024-2025
Tim Hardaway Jr.,32,DET,SG,25,25,694,.405,20.7,.320,.070,.075,.085,.090,.680,.531,.929,.467,.412,.389,.346,.735,.915,.010,2,.235,.281,0,0,,2024-2025
Josh Green,24,CHO,SG,25,24,692,.423,15.5,.460,.282,.086,.080,.012,.540,.427,.522,.357,.154,.500,.420,.500,.973,.031,5,.602,.396,1,0,,2024-2025
D'Angelo Russell,28,LAL,PG,26,10,689,.413,17.7,.459,.138,.163,.117,.042,.541,.508,.641,.522,.424,.250,.333,.455,.627,.004,0,.098,.267,1,0,,2024-2025
Cason Wallace,21,OKC,SG,26,15,688,.422,14.8,.503,.254,.185,.035,.029,.497,.540,.614,.469,.500,.400,.302,.660,1.000,.058,10,.419,.278,0,0,,2024-2025
P.J. Washington,26,DAL,PF,21,20,688,.451,12.6,.614,.214,.326,.065,.009,.386,.492,.761,.386,.214,.000,.386,.523,.906,.065,13,.398,.182,0,0,,2024-2025
Brandon Boston Jr.,23,NOP,SG,25,10,686,.435,15.5,.619,.208,.112,.165,.135,.381,.491,.741,.207,.349,.514,.343,.468,.853,.046,10,.212,.190,0,0,,2024-2025
Jaylen Wells,21,MEM,SG,28,23,683,.464,16.7,.492,.156,.180,.056,.100,.508,.528,.692,.489,.643,.280,.402,.692,.902,.044,9,.370,.468,0,0,,2024-2025
Royce O'Neale,31,PHO,SF,26,7,682,.462,18.7,.335,.140,.163,.027,.005,.665,.459,.677,.306,.333,.000,.463,.618,.971,.009,1,.224,.636,0,0,,2024-2025
Norman Powell,31,LAC,SG,21,21,682,.503,16.0,.517,.168,.208,.101,.040,.483,.520,.638,.500,.429,.357,.485,.559,.778,.014,5,.120,.550,0,0,,2024-2025
Draymond Green,34,GSW,PF,24,22,677,.431,15.8,.467,.198,.186,.060,.024,.533,.474,.545,.452,.300,.500,.393,.730,1.000,.024,4,.404,.444,0,0,,2024-2025
LaMelo Ball,23,CHO,PG,20,20,673,.421,17.6,.472,.155,.200,.087,.030,.528,.509,.623,.465,.465,.333,.344,.235,.567,.008,3,.099,.346,2,0,,2024-2025
Lauri Markkanen,27,UTA,PF,21,21,667,.452,16.6,.470,.178,.204,.041,.048,.530,.528,.604,.527,.364,.385,.385,.612,1.000,.096,21,.119,.588,0,0,,2024-2025
Amir Coffey,27,LAC,SG,27,8,664,.502,16.4,.478,.177,.167,.089,.044,.522,.577,.750,.412,.556,.556,.434,.750,.957,.069,13,.349,.514,0,0,,2024-2025
Taurean Prince,30,MIL,SF,25,25,664,.479,17.4,.368,.201,.111,.056,.000,.632,.415,.586,.188,.250,,.516,.727,.979,.014,1,.495,.467,0,0,,2024-2025
Tyrese Maxey,24,PHI,PG,18,18,664,.410,15.0,.564,.217,.232,.076,.039,.436,.481,.578,.427,.483,.267,.317,.202,.453,.013,5,.090,.333,1,0,,2024-2025
Zaccharie Risacher,19,ATL,SF,28,26,662,.394,13.0,.574,.306,.197,.060,.011,.426,.485,.598,.375,.353,.000,.273,.722,.970,.099,24,.364,.409,0,0,,2024-2025
Jalen Wilson,24,BRK,PF,26,6,661,.404,16.2,.430,.176,.238,.005,.010,.570,.494,.500,.478,.000,1.000,.336,.659,1.000,.000,0,.264,.310,0,0,,2024-2025
Derrick Jones Jr.,27,LAC,SF,26,26,645,.505,11.9,.626,.333,.247,.025,.020,.374,.548,.712,.367,.600,.000,.432,.779,1.000,.172,31,.432,.563,1,0,,2024-2025
Donte DiVincenzo,28,MIN,SG,26,2,644,.362,21.1,.221,.113,.089,.019,.000,.779,.489,.542,.421,.500,,.325,.652,.796,.009,1,.205,.235,1,0,,2024-2025
Clint Capela,30,ATL,C,28,28,643,.581,2.9,1.000,.664,.290,.046,.000,.000,.581,.646,.476,.300,,,.770,,.281,51,,,0,0,,2024-2025
Stephen Curry,36,GSW,PG,21,21,643,.443,19.3,.390,.123,.152,.059,.056,.610,.496,.619,.404,.500,.474,.409,.424,.671,.000,0,.111,.478,1,0,,2024-2025
Jake LaRavia,23,MEM,PF,28,0,642,.494,11.8,.631,.315,.268,.042,.006,.369,.538,.623,.444,.429,1.000,.419,.737,.962,.095,13,.306,.263,1,0,,2024-2025
Klay Thompson,34,DAL,SF,23,23,638,.415,20.1,.356,.049,.095,.120,.092,.644,.475,.714,.296,.529,.462,.383,.708,.971,.000,0,.295,.352,0,0,,2024-2025
Russell Westbrook,36,DEN,PG,25,6,637,.417,12.7,.636,.320,.178,.073,.065,.364,.465,.620,.409,.111,.250,.333,.329,.800,.036,8,.300,.519,0,0,,2024-2025
Naz Reid,25,MIN,C,26,0,636,.442,15.4,.494,.195,.259,.040,.000,.506,.540,.653,.462,.500,,.346,.701,.977,.028,6,.268,.324,0,0,,2024-2025
Kris Dunn,30,LAC,PG,28,17,635,.443,15.5,.506,.155,.241,.080,.029,.494,.557,.704,.476,.571,.400,.326,.490,.857,.011,2,.453,.256,0,0,,2024-2025
Terry Rozier,30,MIA,PG,22,12,631,.398,16.4,.482,.177,.168,.071,.066,.518,.450,.625,.263,.438,.467,.350,.592,.756,.000,0,.410,.354,1,0,,2024-2025
Andrew Wiggins,29,GSW,SF,22,22,627,.470,14.6,.587,.194,.254,.057,.081,.413,.482,.600,.444,.500,.304,.453,.600,.887,.067,18,.154,.500,0,0,,2024-2025
Scotty Pippen Jr.,24,MEM,PG,28,10,624,.466,11.8,.661,.301,.292,.055,.013,.339,.538,.704,.435,.231,.333,.325,.476,1.000,.021,4,.175,.357,1,0,,2024-2025
Dalton Knecht,23,LAL,SF,27,12,624,.464,17.8,.397,.161,.129,.076,.031,.603,.607,.861,.379,.471,.571,.370,.778,.960,.112,21,.252,.441,1,0,,2024-2025
Alex Sarr,19,WAS,C,23,23,623,.392,14.5,.584,.212,.224,.108,.040,.416,.473,.736,.321,.296,.400,.279,.638,1.000,.112,27,.221,.435,0,0,,2024-2025
Buddy Hield,32,GSW,SG,26,5,621,.453,19.2,.324,.129,.122,.042,.031,.676,.516,.676,.429,.500,.222,.423,.646,.915,.014,4,.227,.455,0,0,,2024-2025
Jimmy Butler,35,MIA,PF,19,19,619,.552,7.9,.873,.362,.339,.136,.036,.127,.580,.738,.480,.500,.250,.357,.473,.800,.100,22,.571,.438,1,0,,2024-2025
Nickeil Alexander-Walker,26,MIN,SG,26,2,618,.505,16.7,.456,.154,.176,.088,.038,.544,.590,.821,.438,.500,.571,.434,.571,.977,.027,3,.343,.500,0,0,,2024-2025
Malik Monk,26,SAC,SG,21,8,616,.455,17.2,.489,.142,.179,.104,.063,.511,.542,.605,.563,.464,.471,.372,.408,.765,.034,7,.109,.667,1,0,,2024-2025
Kevin Huerter,26,SAC,SG,24,15,614,.432,19.5,.325,.136,.107,.049,.034,.675,.672,.786,.591,.600,.571,.317,.822,.955,.010,2,.230,.375,1,0,,2024-2025
Brandin Podziemski,21,GSW,SG,25,8,613,.396,16.5,.540,.114,.228,.153,.045,.460,.514,.565,.500,.548,.333,.258,.482,.792,.005,0,.172,.375,2,0,,2024-2025
Keldon Johnson,25,SAS,SF,24,0,613,.452,12.0,.625,.290,.290,.028,.016,.375,.548,.694,.444,.429,.000,.290,.635,.815,.036,7,.344,.313,0,0,,2024-2025
Jalen Duren,21,DET,C,25,25,608,.684,2.2,1.000,.714,.286,.000,.000,.000,.684,.737,.553,,,,.626,,.451,55,,,0,0,,2024-2025
Peyton Watson,22,DEN,SF,25,12,607,.494,10.9,.675,.355,.253,.060,.006,.325,.554,.678,.476,.200,.000,.370,.726,1.000,.114,12,.519,.500,1,0,,2024-2025
Jonathan Kuminga,22,GSW,PF,24,10,607,.441,11.9,.717,.232,.330,.114,.041,.283,.491,.699,.452,.278,.231,.315,.523,.893,.089,23,.270,.292,2,0,,2024-2025
Brandon Ingram,27,NOP,SF,18,18,595,.465,16.0,.655,.117,.153,.240,.144,.345,.514,.744,.412,.538,.396,.374,.402,.837,.027,9,.070,.250,0,0,,2024-2025
Onyeka Okongwu,24,ATL,C,25,0,594,.542,7.0,.798,.557,.197,.044,.000,.202,.617,.708,.375,.556,,.244,.780,1.000,.153,29,.780,.281,0,0,,2024-2025
Tristan Da Silva,23,ORL,SF,25,18,593,.418,14.9,.511,.236,.198,.033,.044,.489,.495,.605,.444,.500,.125,.337,.696,1.000,.077,11,.416,.405,1,0,,2024-2025
Gary Trent Jr.,26,MIL,SG,23,7,593,.404,20.3,.322,.082,.094,.082,.064,.678,.436,.429,.500,.357,.455,.388,.500,.889,.000,0,.198,.565,0,0,,2024-2025
Jared McCain,20,PHI,SG,23,8,592,.460,16.0,.515,.193,.179,.106,.036,.485,.532,.642,.429,.448,.700,.383,.320,.804,.007,2,.203,.333,0,0,,2024-2025
Javonte Green,31,NOP,SG,26,12,591,.431,12.7,.569,.362,.162,.038,.008,.431,.527,.702,.238,.200,.000,.304,.564,1.000,.077,8,.464,.346,0,0,,2024-2025
Walker Kessler,23,UTA,C,20,20,587,.718,2.7,.985,.672,.298,.008,.008,.015,.713,.818,.513,.000,.000,1.000,.663,1.000,.382,49,1.000,1.000,0,0,,2024-2025
Caleb Martin,29,PHI,SF,20,15,582,.405,15.2,.655,.216,.176,.081,.182,.345,.464,.625,.462,.417,.296,.294,.444,1.000,.020,3,.373,.526,2,0,,2024-2025
Shaedon Sharpe,21,POR,SG,19,17,582,.434,15.7,.563,.239,.121,.110,.092,.438,.562,.769,.303,.500,.440,.269,.407,.781,.074,18,.185,.182,1,0,,2024-2025
Isaiah Stewart,23,DET,C,27,3,579,.552,7.1,.819,.509,.276,.026,.009,.181,.621,.712,.469,.667,.000,.238,.695,1.000,.112,13,.286,.333,0,0,,2024-2025
Bobby Portis,29,MIL,PF,24,1,578,.478,13.7,.714,.214,.192,.149,.159,.286,.523,.661,.453,.439,.500,.367,.485,.966,.022,5,.316,.440,0,0,,2024-2025
Kevin Durant,36,PHO,PF,16,16,572,.522,15.4,.663,.131,.127,.320,.086,.337,.575,.842,.541,.495,.520,.418,.423,.805,.048,12,.133,.462,0,0,,2024-2025
Guerschon Yabusele,29,PHI,PF,24,10,571,.476,15.5,.458,.286,.149,.012,.012,.542,.597,.708,.440,.000,.500,.374,.848,1.000,.060,8,.264,.375,1,0,,2024-2025
Goga Bitadze,25,ORL,C,24,21,568,.634,4.4,.917,.669,.214,.028,.007,.083,.692,.722,.645,.250,1.000,.000,.696,,.317,41,.250,.000,1,0,,2024-2025
Cam Thomas,23,BRK,SG,17,17,568,.461,15.9,.576,.165,.168,.145,.098,.424,.515,.612,.420,.512,.517,.389,.523,.531,.000,0,.143,.167,0,0,,2024-2025
Moritz Wagner,27,ORL,C,29,1,563,.562,9.5,.699,.486,.201,.008,.004,.301,.649,.711,.540,.000,.000,.360,.690,1.000,.076,18,.307,.391,0,0,,2024-2025
Georges Niang,31,CLE,PF,27,1,561,.476,17.5,.351,.168,.157,.026,.000,.649,.687,.656,.767,.400,,.363,.761,.978,.000,0,.460,.404,0,0,,2024-2025
Desmond Bane,26,MEM,SG,20,19,561,.449,15.2,.551,.206,.210,.074,.062,.449,.545,.720,.451,.278,.600,.330,.466,.750,.004,1,.165,.333,0,0,,2024-2025
Mike Conley,37,MIN,PG,22,22,559,.343,20.6,.307,.042,.157,.060,.048,.693,.294,.429,.385,.200,.000,.365,.533,.905,.000,0,.235,.333,1,0,,2024-2025
Miles McBride,24,NYK,PG,22,0,558,.449,18.2,.400,.162,.108,.065,.065,.600,.486,.533,.250,.500,.750,.423,.417,.787,.022,3,.279,.387,1,0,,2024-2025
Al Horford,38,BOS,C,20,18,554,.461,20.1,.270,.106,.142,.000,.021,.730,.632,.800,.550,,.333,.398,.875,.976,.014,2,.311,.406,0,0,,2024-2025
Dorian Finney-Smith,31,BRK,PF,19,19,552,.474,17.9,.316,.224,.066,.020,.007,.684,.521,.647,.200,.333,.000,.452,.680,.979,.026,4,.404,.405,0,0,,2024-2025
Obi Toppin,26,IND,PF,27,0,551,.549,14.1,.515,.359,.112,.029,.015,.485,.726,.811,.609,.333,.333,.360,.753,.944,.146,28,.460,.370,2,0,,2024-2025
Spencer Dinwiddie,31,DAL,PG,25,1,551,.394,18.0,.413,.110,.200,.065,.039,.587,.453,.588,.387,.300,.667,.352,.345,.656,.000,0,.275,.440,0,0,,2024-2025
Deandre Ayton,26,POR,C,18,18,548,.551,8.8,.912,.301,.292,.208,.111,.088,.579,.815,.508,.444,.375,.263,.693,1.000,.148,29,.474,.111,0,0,,2024-2025
Tari Eason,23,HOU,PF,24,0,546,.475,11.2,.670,.389,.186,.077,.018,.330,.554,.698,.317,.471,.250,.315,.500,1.000,.113,21,.384,.357,1,0,,2024-2025
Haywood Highsmith,28,MIA,SF,22,16,546,.475,15.9,.433,.233,.158,.033,.008,.567,.538,.679,.421,.250,.000,.426,.786,.966,.042,5,.382,.538,0,0,,2024-2025
Keon Ellis,25,SAC,SG,26,4,545,.466,19.1,.284,.121,.129,.017,.017,.716,.606,.714,.600,.000,.500,.410,.600,1.000,.034,4,.482,.525,0,0,,2024-2025
Corey Kispert,25,WAS,SF,20,0,544,.422,18.0,.391,.224,.109,.047,.010,.609,.573,.698,.381,.556,.000,.325,.814,.868,.005,1,.128,.333,2,0,,2024-2025
Max Christie,21,LAL,SG,26,5,536,.415,15.8,.525,.220,.186,.076,.042,.475,.500,.808,.318,.222,.200,.321,.581,.889,.102,10,.286,.375,2,0,,2024-2025
Naji Marshall,27,DAL,SF,22,7,535,.536,11.2,.696,.273,.320,.098,.005,.304,.637,.698,.597,.579,1.000,.305,.535,1.000,.062,10,.542,.313,1,0,,2024-2025
T.J. McConnell,32,IND,PG,27,0,534,.566,8.0,.943,.316,.352,.238,.037,.057,.587,.688,.581,.483,.444,.214,.333,.333,.000,0,.143,.500,1,0,,2024-2025
Bradley Beal,31,PHO,SG,16,16,533,.500,15.6,.583,.176,.171,.111,.125,.417,.595,.842,.568,.417,.444,.367,.533,.788,.019,4,.256,.348,0,0,,2024-2025
Daniel Gafford,26,DAL,C,26,12,531,.721,2.2,1.000,.727,.268,.005,.000,.000,.721,.752,.633,1.000,,,.735,,.322,50,,,0,0,,2024-2025
Grayson Allen,29,PHO,SG,22,1,531,.407,20.3,.275,.060,.170,.044,.000,.725,.480,.727,.484,.125,,.379,.833,.980,.011,2,.235,.419,0,0,,2024-2025
Aaron Wiggins,26,OKC,SG,26,8,529,.450,14.1,.540,.245,.225,.050,.020,.460,.491,.694,.333,.300,.250,.402,.585,.946,.040,6,.337,.419,0,0,,2024-2025
Dereck Lively II,20,DAL,C,22,15,529,.702,3.0,1.000,.614,.360,.026,.000,.000,.702,.786,.585,.333,,,.788,,.447,45,,,0,0,,2024-2025
Duncan Robinson,30,MIA,SF,23,12,520,.422,19.0,.321,.147,.147,.023,.005,.679,.500,.594,.438,.400,.000,.385,.829,.895,.014,2,.203,.400,0,0,,2024-2025
Julian Strawther,22,DEN,SG,25,0,516,.468,15.9,.497,.181,.234,.070,.012,.503,.541,.677,.475,.417,.500,.395,.674,.912,.018,3,.105,.667,0,0,,2024-2025
Nic Claxton,25,BRK,C,21,13,516,.622,4.7,.972,.538,.336,.091,.007,.028,.633,.779,.458,.462,.000,.250,.682,1.000,.224,29,.500,.500,0,0,,2024-2025
Gabe Vincent,28,LAL,PG,27,4,515,.364,18.9,.381,.127,.119,.093,.042,.619,.444,.533,.429,.364,.400,.315,.750,.783,.000,0,.288,.286,0,0,,2024-2025
Quentin Grimes,24,DAL,SG,25,9,515,.469,17.2,.419,.200,.106,.050,.063,.581,.552,.688,.353,.375,.600,.409,.676,1.000,.031,5,.290,.444,0,0,,2024-2025
Kyshawn George,21,WAS,SG,20,6,514,.333,19.1,.346,.183,.092,.052,.020,.654,.509,.679,.286,.375,.333,.240,.852,.917,.026,4,.200,.200,0,0,,2024-2025
Scoot Henderson,20,POR,PG,20,3,513,.388,12.7,.663,.352,.179,.082,.051,.337,.446,.536,.229,.563,.400,.273,.224,.833,.015,2,.182,.417,3,1,,2024-2025
Caris LeVert,30,CLE,SF,21,0,512,.530,13.8,.524,.375,.089,.042,.018,.476,.568,.619,.467,.429,.333,.488,.620,.795,.054,7,.325,.577,0,0,,2024-2025
Nicolas Batum,36,LAC,PF,28,1,511,.374,21.3,.198,.055,.099,.000,.044,.802,.389,.600,.222,,.500,.370,.571,1.000,.011,1,.479,.457,0,0,,2024-2025
Trey Murphy III,24,NOP,SF,15,13,511,.430,17.2,.448,.199,.158,.054,.036,.552,.535,.727,.314,.417,.625,.344,.736,.905,.063,14,.164,.350,0,0,,2024-2025
Ben Simmons,28,BRK,PG,21,15,510,.591,3.9,1.000,.538,.430,.032,.000,.000,.591,.720,.475,.000,,,.527,,.086,7,,,0,0,,2024-2025
Jeremiah Robinson-Earl,24,NOP,PF,26,4,509,.438,12.5,.575,.386,.111,.046,.033,.425,.523,.644,.176,.286,.600,.323,.696,.952,.033,4,.538,.371,0,0,,2024-2025
Isaiah Joe,25,OKC,SG,24,9,509,.413,22.4,.218,.045,.050,.084,.039,.782,.538,.875,.667,.333,.429,.379,.857,.906,.011,2,.193,.593,0,0,,2024-2025
A.J. Green,25,MIL,SG,24,3,507,.478,24.8,.088,.007,.015,.022,.044,.912,.500,.000,.000,.667,.667,.476,.833,.966,.000,0,.274,.618,1,1,,2024-2025
Brandon Clarke,28,MEM,PF,27,17,505,.613,6.7,.897,.432,.348,.116,.000,.103,.676,.821,.556,.500,,.063,.798,1.000,.084,12,.813,.077,0,0,,2024-2025
CJ McCollum,33,NOP,PG,15,15,504,.436,15.6,.561,.182,.182,.139,.057,.439,.522,.686,.471,.436,.375,.325,.366,.675,.000,0,.089,.455,0,0,,2024-2025
Scottie Barnes,23,TOR,PF,15,15,501,.461,14.6,.627,.174,.257,.112,.083,.373,.550,.738,.516,.519,.300,.311,.422,.786,.054,11,.100,.222,1,0,,2024-2025
Kevin Porter Jr.,24,LAC,SG,25,1,499,.413,14.3,.723,.140,.238,.213,.132,.277,.482,.727,.446,.440,.355,.231,.268,.533,.038,7,.077,.400,0,0,,2024-2025
Jarace Walker,21,IND,PF,28,1,498,.425,16.8,.441,.220,.118,.055,.047,.559,.482,.500,.400,.571,.500,.380,.741,.963,.063,6,.338,.500,0,0,,2024-2025
Jonathan Mogbo,23,TOR,PF,28,4,497,.465,7.7,.829,.481,.240,.078,.031,.171,.495,.661,.258,.300,.250,.318,.660,1.000,.194,22,.409,.444,1,0,,2024-2025
Patrick Williams,23,CHI,PF,18,17,491,.365,16.7,.453,.226,.119,.050,.057,.547,.361,.528,.158,.250,.222,.368,.577,.969,.050,3,.207,.444,0,0,,2024-2025
Jonas Valančiūnas,32,WAS,C,25,6,489,.557,7.8,.939,.316,.363,.156,.104,.061,.583,.776,.506,.485,.409,.154,.681,1.000,.066,14,.077,.000,0,0,,2024-2025
Terance Mann,28,LAC,SG,23,11,484,.438,12.8,.633,.289,.180,.125,.039,.367,.494,.676,.261,.438,.400,.340,.650,1.000,.070,8,.468,.500,0,0,,2024-2025
Isaac Okoro,24,CLE,SG,23,16,483,.495,14.8,.430,.374,.056,.000,.000,.570,.500,.525,.333,,,.492,.652,1.000,.065,5,.574,.486,0,0,,2024-2025
De'Andre Hunter,27,ATL,SF,17,2,483,.478,15.1,.543,.181,.216,.116,.030,.457,.500,.667,.440,.407,.286,.453,.683,.958,.052,11,.340,.417,1,0,,2024-2025
Grant Williams,26,CHO,PF,16,7,479,.439,17.9,.398,.154,.154,.057,.033,.602,.551,.737,.579,.143,.250,.365,.815,1.000,.024,3,.203,.267,0,0,,2024-2025
Simone Fontecchio,29,DET,SF,26,0,475,.398,19.3,.338,.128,.128,.030,.053,.662,.511,.647,.353,.750,.429,.341,.652,1.000,.015,2,.295,.192,2,0,,2024-2025
Moussa Diabaté,23,CHO,C,25,4,475,.594,2.6,1.000,.813,.141,.047,.000,.000,.594,.635,.556,.000,,,.737,,.281,16,,,0,0,,2024-2025
Jusuf Nurkić,30,PHO,C,19,19,475,.452,12.4,.630,.281,.304,.044,.000,.370,.553,.711,.439,.333,,.280,.638,.929,.111,12,.100,.400,0,0,,2024-2025
Ja Morant,25,MEM,PG,17,17,475,.449,12.1,.702,.272,.301,.099,.029,.298,.508,.676,.451,.259,.375,.309,.289,.800,.029,6,.185,.333,3,0,,2024-2025
Sam Hauser,27,BOS,PF,21,2,471,.437,22.4,.166,.073,.033,.040,.020,.834,.760,.818,.400,1.000,.667,.373,.789,.957,.007,1,.302,.421,0,0,,2024-2025
Ty Jerome,27,CLE,SG,26,2,467,.537,14.6,.596,.223,.234,.106,.032,.404,.598,.548,.636,.650,.500,.447,.284,.647,.000,0,.197,.467,1,0,,2024-2025
Sam Merrill,28,CLE,SG,23,1,465,.375,22.8,.125,.090,.014,.000,.021,.875,.667,.769,.000,,.667,.333,.833,1.000,.000,0,.222,.250,0,0,,2024-2025
Ziaire Williams,23,BRK,SF,21,7,459,.403,12.6,.585,.390,.151,.025,.019,.415,.495,.629,.208,.500,.000,.273,.652,1.000,.119,14,.470,.290,2,0,,2024-2025
Ron Holland,19,DET,SF,28,1,453,.466,12.6,.615,.331,.223,.054,.007,.385,.626,.735,.485,.625,.000,.211,.596,1.000,.081,9,.474,.185,2,0,,2024-2025
Chris Boucher,32,TOR,PF,25,0,452,.449,14.1,.520,.306,.138,.066,.010,.480,.618,.700,.481,.538,.500,.266,.619,1.000,.102,17,.436,.341,0,0,,2024-2025
Paul George,34,PHI,PF,14,14,442,.437,18.3,.543,.085,.141,.111,.206,.457,.509,.882,.429,.545,.390,.352,.200,.563,.015,1,.176,.188,1,0,,2024-2025
Tidjane Salaün,19,CHO,PF,23,8,434,.322,19.2,.330,.174,.113,.026,.017,.670,.395,.550,.231,.000,.500,.286,.533,.955,.052,6,.234,.278,0,0,,2024-2025
Andre Jackson Jr.,23,MIL,SG,24,16,432,.410,14.6,.494,.289,.145,.060,.000,.506,.439,.542,.333,.200,,.381,.556,1.000,.108,4,.571,.417,0,0,,2024-2025
Andre Drummond,31,PHI,C,21,13,431,.520,4.4,.937,.654,.268,.008,.008,.063,.546,.602,.441,.000,.000,.125,.662,.000,.213,24,.500,.250,2,0,,2024-2025
Keon Johnson,22,BRK,SG,25,6,428,.342,17.3,.375,.230,.112,.020,.013,.625,.404,.486,.235,.333,.500,.305,.609,.966,.072,6,.358,.353,0,0,,2024-2025
Mason Plumlee,34,PHO,C,25,7,423,.557,3.2,1.000,.543,.414,.043,.000,.000,.557,.816,.276,.000,,,.744,,.243,15,,,0,0,,2024-2025
Trayce Jackson-Davis,24,GSW,C,25,18,422,.606,3.0,.992,.576,.417,.000,.000,.008,.611,.697,.491,,,.000,.850,,.394,48,1.000,.000,0,0,,2024-2025
Jaime Jaquez Jr.,23,MIA,SF,20,1,421,.420,9.5,.745,.306,.401,.032,.006,.255,.479,.646,.381,.200,.000,.250,.411,.900,.025,2,.550,.227,0,0,,2024-2025
Wendell Carter Jr.,25,ORL,C,16,16,419,.476,12.8,.598,.378,.110,.073,.037,.402,.694,.806,.667,.333,.333,.152,.765,1.000,.244,19,.394,.231,0,0,,2024-2025
Dean Wade,28,CLE,PF,19,10,418,.344,21.4,.146,.115,.021,.010,.000,.854,.571,.727,.000,.000,,.305,1.000,1.000,.021,2,.427,.286,0,0,,2024-2025
Miles Bridges,26,CHO,PF,14,14,416,.426,13.5,.558,.355,.147,.030,.025,.442,.527,.671,.276,.333,.200,.299,.638,1.000,.102,18,.310,.444,0,0,,2024-2025
Aaron Gordon,29,DEN,PF,14,13,412,.527,10.6,.674,.457,.140,.054,.023,.326,.575,.661,.444,.286,.333,.429,.580,.833,.155,18,.286,.500,0,0,,2024-2025
Jay Huff,26,MEM,C,27,1,410,.515,17.5,.359,.263,.054,.024,.018,.641,.700,.795,.667,.250,.000,.411,.857,1.000,.180,26,.308,.364,0,0,,2024-2025
Jeremy Sochan,21,SAS,PF,14,11,409,.528,7.1,.855,.535,.226,.063,.031,.145,.581,.729,.306,.500,.200,.217,.759,1.000,.182,25,.304,.286,0,0,,2024-2025
Jordan Clarkson,32,UTA,SG,16,2,405,.403,17.0,.539,.053,.296,.146,.044,.461,.477,.727,.459,.433,.444,.316,.264,.567,.000,0,.084,.375,3,0,,2024-2025
KJ Martin,24,PHI,PF,21,4,404,.647,6.9,.800,.553,.235,.000,.012,.200,.706,.766,.550,,1.000,.412,.771,1.000,.259,21,.647,.545,0,0,,2024-2025
Ajay Mitchell,22,OKC,SG,26,0,402,.479,10.9,.726,.256,.368,.068,.034,.274,.494,.567,.442,.750,.000,.438,.452,.929,.000,0,.281,.333,0,0,,2024-2025
Dalano Banton,25,POR,PG,24,0,400,.422,14.0,.573,.296,.196,.045,.035,.427,.465,.593,.282,.444,.429,.365,.302,.839,.040,7,.176,.467,0,0,,2024-2025
Kevon Looney,28,GSW,C,24,5,394,.519,4.1,1.000,.567,.317,.048,.067,.000,.519,.678,.333,.200,.286,,.519,,.087,9,,,0,0,,2024-2025
Lindy Waters III,27,GSW,SG,22,8,394,.382,20.6,.293,.081,.098,.065,.049,.707,.444,.500,.500,.250,.500,.356,.688,.903,.033,4,.264,.348,0,0,,2024-2025
Shake Milton,28,BRK,SG,23,0,390,.458,15.1,.550,.167,.233,.133,.017,.450,.530,.550,.500,.500,1.000,.370,.257,1.000,.000,0,.315,.235,1,0,,2024-2025
Cam Reddish,25,LAL,SF,20,8,388,.472,14.6,.453,.321,.113,.019,.000,.547,.625,.824,.167,.000,,.345,.467,1.000,.113,5,.483,.429,0,0,,2024-2025
Jonathan Isaac,27,ORL,PF,23,0,386,.441,14.7,.483,.331,.042,.093,.017,.517,.596,.769,.400,.182,.000,.295,.471,1.000,.169,18,.574,.343,0,0,,2024-2025
Neemias Queta,25,BOS,C,23,5,386,.631,3.6,.976,.619,.310,.048,.000,.024,.646,.712,.500,.750,,.000,.792,,.393,29,.500,.000,0,0,,2024-2025
Julian Phillips,21,CHI,SF,27,2,385,.440,15.9,.385,.284,.092,.000,.009,.615,.619,.710,.400,,.000,.328,.769,1.000,.083,8,.672,.400,0,0,,2024-2025
Jalen Smith,24,CHI,C,25,1,384,.456,15.8,.442,.320,.075,.027,.020,.558,.569,.617,.636,.250,.000,.366,.649,1.000,.061,9,.146,.417,1,1,,2024-2025
Ryan Dunn,22,PHO,SF,22,9,378,.426,17.5,.369,.148,.148,.057,.016,.631,.622,.833,.556,.286,.500,.312,.750,1.000,.057,7,.532,.317,0,0,,2024-2025
Johnny Juzang,23,UTA,SG,22,0,377,.402,20.9,.276,.063,.087,.087,.039,.724,.457,.625,.273,.455,.600,.380,.625,.914,.008,1,.304,.429,0,0,,2024-2025
Jamal Shead,22,TOR,PG,26,0,376,.395,15.9,.581,.137,.242,.169,.032,.419,.444,.529,.367,.571,.000,.327,.500,.824,.016,1,.115,.333,3,0,,2024-2025
Marcus Smart,30,MEM,PG,17,6,373,.365,18.3,.394,.066,.263,.044,.022,.606,.426,.556,.389,.333,.667,.325,.435,.815,.000,0,.277,.174,2,0,,2024-2025
Kyle Lowry,38,PHI,PG,17,10,368,.368,22.1,.235,.044,.132,.000,.059,.765,.438,1.000,.333,,.250,.346,.571,.944,.000,0,.154,.500,0,0,,2024-2025
Andrew Nembhard,25,IND,SG,14,14,366,.452,13.8,.721,.192,.125,.269,.135,.279,.507,.950,.385,.393,.214,.310,.474,1.000,.000,0,.310,.333,0,0,,2024-2025
Dejounte Murray,28,NOP,PG,11,11,361,.368,14.4,.661,.178,.207,.178,.098,.339,.409,.548,.389,.419,.176,.288,.191,.529,.006,1,.136,.125,0,0,,2024-2025
Cameron Payne,30,NYK,PG,21,0,360,.428,18.3,.391,.130,.159,.072,.029,.609,.444,.667,.318,.400,.250,.417,.417,.657,.000,0,.095,.500,0,0,,2024-2025
Moses Moody,22,GSW,SG,23,4,358,.420,17.3,.406,.159,.174,.051,.022,.594,.500,.636,.542,.143,.000,.366,.714,.933,.014,2,.305,.480,0,0,,2024-2025
Alex Caruso,30,OKC,SG,18,0,358,.385,15.9,.413,.279,.106,.029,.000,.587,.535,.621,.364,.333,,.279,.609,.941,.038,4,.279,.353,0,0,,2024-2025
Trey Lyles,29,SAC,PF,18,2,353,.363,19.3,.275,.165,.088,.011,.011,.725,.440,.533,.375,.000,.000,.333,.818,1.000,.044,4,.212,.357,0,0,,2024-2025
Luke Kornet,29,BOS,C,21,3,347,.643,2.6,1.000,.786,.196,.018,.000,.000,.643,.705,.455,.000,,,.750,,.321,17,,,0,0,,2024-2025
Matas Buzelis,20,CHI,SF,27,0,346,.372,14.2,.481,.302,.116,.054,.008,.519,.403,.487,.267,.286,.000,.343,.760,1.000,.116,13,.672,.311,0,0,,2024-2025
Kyle Anderson,31,GSW,PF,24,0,346,.417,14.4,.661,.096,.383,.104,.078,.339,.461,.636,.523,.250,.222,.333,.514,.923,.043,4,.410,.375,3,0,,2024-2025
Jamison Battle,23,TOR,SF,25,0,344,.481,20.1,.250,.093,.093,.056,.009,.750,.630,.600,.700,.667,.000,.432,.882,.971,.019,0,.469,.395,0,0,,2024-2025
Garrison Mathews,28,ATL,SG,19,1,343,.434,21.9,.162,.061,.061,.030,.010,.838,.375,.500,.000,1.000,.000,.446,.667,1.000,.000,0,.373,.581,0,0,,2024-2025
Gary Payton II,32,GSW,SG,26,4,341,.535,9.4,.693,.436,.257,.000,.000,.307,.700,.818,.500,,,.161,.735,1.000,.158,15,.484,.267,0,0,,2024-2025
Zach Collins,27,SAS,C,24,4,341,.476,11.3,.657,.381,.238,.029,.010,.343,.551,.675,.400,.000,1.000,.333,.842,1.000,.076,6,.306,.273,1,0,,2024-2025
Vasilije Micić,31,CHO,PG,16,7,340,.341,16.2,.585,.171,.146,.146,.122,.415,.333,.476,.278,.278,.267,.353,.208,.500,.000,0,.039,.500,0,0,,2024-2025
Dalen Terry,22,CHI,SG,25,0,337,.500,10.9,.635,.473,.135,.000,.027,.365,.574,.629,.400,,.500,.370,.556,1.000,.054,4,.370,.500,0,0,,2024-2025
Oso Ighodaro,22,PHO,PF,21,2,336,.617,5.4,1.000,.417,.367,.217,.000,.000,.617,.960,.409,.308,,,.730,,.267,16,,,0,0,,2024-2025
Donovan Clingan,20,POR,C,20,7,335,.527,5.3,.860,.731,.108,.022,.000,.140,.563,.632,.200,.000,,.308,.622,1.000,.280,20,.231,.667,0,0,,2024-2025
Isaiah Hartenstein,26,OKC,C,11,10,334,.577,6.8,.962,.385,.365,.192,.019,.038,.600,.725,.526,.550,.000,.000,.800,,.221,20,.000,,0,0,,2024-2025
Brice Sensabaugh,21,UTA,SF,20,0,332,.459,19.0,.344,.090,.156,.082,.016,.656,.548,.636,.579,.400,.500,.413,.391,.909,.008,1,.338,.444,1,0,,2024-2025
Bogdan Bogdanović,32,ATL,SG,13,0,332,.406,19.6,.336,.141,.063,.070,.063,.664,.535,.667,.125,.556,.625,.341,.783,.966,.000,0,.259,.409,0,0,,2024-2025
Kyle Kuzma,29,WAS,PF,12,12,330,.420,12.7,.680,.204,.331,.105,.039,.320,.488,.649,.433,.474,.143,.276,.517,.750,.022,4,.172,.300,0,0,,2024-2025
Zach Edey,22,MEM,C,16,10,329,.619,5.7,.898,.508,.356,.025,.008,.102,.623,.817,.333,.667,1.000,.583,.636,1.000,.263,30,.167,.500,0,0,,2024-2025
Herbert Jones,26,NOP,SF,10,10,324,.454,14.7,.546,.227,.206,.041,.072,.454,.566,.727,.300,.750,.714,.318,.667,1.000,.010,1,.477,.333,1,0,,2024-2025
Seth Curry,34,CHO,SG,25,5,321,.463,19.4,.453,.032,.105,.126,.189,.547,.512,.667,.400,.417,.611,.423,.682,.773,.000,0,.385,.500,0,0,,2024-2025
Jaden Hardy,22,DAL,SG,22,2,320,.391,15.1,.556,.218,.173,.120,.045,.444,.459,.690,.348,.313,.167,.305,.324,.944,.045,5,.254,.333,1,0,,2024-2025
Noah Clowney,20,BRK,PF,18,1,320,.381,18.2,.314,.212,.085,.017,.000,.686,.432,.560,.200,.000,,.358,.875,.966,.076,6,.309,.280,1,0,,2024-2025
Luke Kennard,28,MEM,SG,16,0,319,.438,20.9,.292,.022,.124,.101,.045,.708,.385,1.000,.364,.222,.500,.460,.700,.966,.000,0,.286,.500,0,0,,2024-2025
Tre Mann,23,CHO,PG,13,0,319,.435,13.6,.627,.273,.205,.099,.050,.373,.455,.455,.515,.375,.375,.400,.174,.542,.006,1,.217,.385,0,0,,2024-2025
Jordan Hawkins,22,NOP,SG,12,3,319,.368,18.6,.481,.090,.105,.135,.150,.519,.406,.500,.286,.389,.450,.333,.731,.870,.030,2,.145,.400,0,0,,2024-2025
Jericho Sims,26,NYK,C,25,2,318,.667,2.1,1.000,.697,.303,.000,.000,.000,.667,.783,.400,,,,.773,,.667,18,,,0,0,,2024-2025
Devin Vassell,24,SAS,SG,12,1,309,.481,17.5,.532,.104,.136,.188,.104,.468,.524,.813,.381,.586,.313,.431,.674,.710,.045,7,.222,.625,1,0,,2024-2025
Kyle Filipowski,21,UTA,C,17,8,306,.518,12.0,.602,.289,.313,.000,.000,.398,.660,.792,.538,,,.303,.667,1.000,.133,10,.455,.467,0,0,,2024-2025
Isaiah Collier,20,UTA,PG,18,1,302,.311,14.8,.608,.203,.257,.095,.054,.392,.422,.600,.421,.143,.250,.138,.316,.750,.014,1,.276,.250,2,0,,2024-2025
Cody Williams,20,UTA,SG,16,7,299,.269,15.6,.448,.224,.179,.045,.000,.552,.367,.533,.250,.000,,.189,.727,1.000,.045,2,.595,.182,0,0,,2024-2025
Reed Sheppard,20,HOU,PG,25,0,297,.353,18.5,.441,.137,.078,.176,.049,.559,.422,.643,.375,.278,.400,.298,.368,.882,.010,0,.193,.273,0,0,,2024-2025
Eric Gordon,36,PHI,SG,17,1,290,.341,17.3,.427,.268,.159,.000,.000,.573,.429,.545,.231,,,.277,.600,1.000,.012,0,.149,.286,2,0,,2024-2025
Nick Richards,27,CHO,C,12,8,289,.597,3.4,.987,.688,.260,.039,.000,.013,.605,.698,.400,.333,,.000,.674,,.312,22,1.000,.000,0,0,,2024-2025
Ben Sheppard,23,IND,SG,14,5,288,.414,18.5,.286,.129,.129,.014,.014,.714,.500,.556,.444,1.000,.000,.380,.700,1.000,.000,0,.640,.375,0,0,,2024-2025
Delon Wright,32,MIL,PG,18,2,287,.321,17.3,.396,.189,.189,.019,.000,.604,.381,.600,.100,1.000,,.281,.125,1.000,.000,0,.250,.500,0,0,,2024-2025
Cole Anthony,24,ORL,PG,26,0,286,.380,16.0,.554,.149,.240,.132,.033,.446,.433,.611,.483,.063,.750,.315,.241,.706,.008,0,.167,.111,1,0,,2024-2025
Drew Eubanks,27,UTA,C,21,0,284,.567,5.8,.955,.358,.522,.075,.000,.045,.578,.750,.457,.600,,.333,.784,.000,.254,14,.667,.500,0,0,,2024-2025
Jett Howard,21,ORL,SF,27,0,282,.370,22.1,.230,.100,.060,.010,.060,.770,.565,.600,.333,1.000,.667,.312,.615,.833,.020,2,.273,.381,2,0,,2024-2025
Gary Harris,30,ORL,SG,17,2,282,.400,20.2,.233,.050,.150,.017,.017,.767,.500,.667,.556,.000,.000,.370,.857,1.000,.017,1,.522,.292,0,0,,2024-2025
Jose Alvarado,26,NOP,PG,11,7,282,.396,18.5,.406,.079,.178,.109,.040,.594,.390,.375,.222,.636,.500,.400,.375,.625,.000,0,.200,.417,0,0,,2024-2025
Nikola Jović,21,MIA,PF,15,8,279,.467,14.2,.500,.217,.261,.022,.000,.500,.587,.700,.500,.500,,.348,.704,1.000,.033,2,.370,.529,0,0,,2024-2025
Ja'Kobe Walter,20,TOR,SG,14,5,275,.361,14.8,.546,.231,.185,.056,.074,.454,.475,.480,.550,.500,.250,.224,.500,1.000,.009,0,.449,.318,0,0,,2024-2025
Daniel Theis,32,NOP,C,19,7,270,.426,12.0,.689,.311,.246,.115,.016,.311,.500,.632,.400,.429,.000,.263,.857,1.000,.098,4,.263,.000,0,0,,2024-2025
Kris Murray,24,POR,SF,21,0,267,.475,12.0,.588,.375,.200,.000,.013,.413,.574,.667,.375,,1.000,.333,.556,.909,.150,11,.606,.400,0,0,,2024-2025
Jordan Miller,25,LAC,SF,17,0,266,.440,10.5,.720,.260,.390,.070,.000,.280,.514,.692,.436,.286,,.250,.541,1.000,.030,3,.250,.286,0,0,,2024-2025
Chet Holmgren,22,OKC,C,10,10,265,.505,11.8,.667,.360,.171,.108,.027,.333,.568,.750,.211,.417,1.000,.378,.667,1.000,.153,17,.189,.429,0,0,,2024-2025
Talen Horton-Tucker,24,CHI,SG,22,0,264,.527,12.9,.563,.411,.116,.027,.009,.438,.603,.609,.615,.667,.000,.429,.316,.857,.027,3,.204,.600,0,0,,2024-2025
Marcus Sasser,24,DET,PG,19,0,260,.533,16.5,.543,.185,.141,.120,.098,.457,.640,.824,.462,.545,.667,.405,.406,.824,.000,0,.214,.333,0,0,,2024-2025
Monte Morris,29,PHO,PG,21,0,258,.435,17.0,.518,.047,.224,.141,.106,.482,.523,1.000,.474,.417,.556,.341,.478,1.000,.000,0,.512,.429,0,0,,2024-2025
Pat Connaughton,32,MIL,SG,15,0,255,.371,17.3,.371,.214,.143,.014,.000,.629,.500,.667,.300,.000,,.295,.923,.923,.014,1,.250,.182,0,0,,2024-2025
Malaki Branham,21,SAS,SG,20,0,251,.440,15.2,.570,.190,.180,.130,.070,.430,.474,.842,.222,.308,.429,.395,.481,.941,.020,1,.140,.333,0,0,,2024-2025
Maxi Kleber,33,DAL,PF,15,2,251,.333,11.4,.667,.259,.296,.074,.037,.333,.389,.571,.125,.500,1.000,.222,.714,1.000,.074,2,.778,.143,0,0,,2024-2025
Blake Wesley,21,SAS,SG,21,0,247,.459,9.1,.730,.568,.108,.027,.027,.270,.556,.619,.375,.500,.000,.200,.667,.750,.095,7,.350,.286,0,0,,2024-2025
Pelle Larsson,23,MIA,SG,15,0,245,.540,12.7,.540,.397,.143,.000,.000,.460,.676,.680,.667,,,.379,.826,1.000,.032,2,.345,.500,0,0,,2024-2025
Quenton Jackson,26,IND,PG,15,7,242,.520,10.6,.680,.467,.147,.013,.053,.320,.588,.629,.545,1.000,.250,.375,.533,1.000,.053,3,.375,.444,0,0,,2024-2025
Malcolm Brogdon,32,WAS,PG,10,8,241,.510,11.7,.750,.317,.192,.135,.106,.250,.551,.697,.450,.571,.273,.385,.349,.900,.000,0,.077,.500,0,0,,2024-2025
Jabari Walker,22,POR,SF,21,1,233,.391,10.2,.703,.438,.188,.047,.031,.297,.489,.607,.333,.333,.000,.158,.682,1.000,.063,4,.316,.167,0,0,,2024-2025
Ricky Council IV,23,PHI,SF,19,0,230,.390,13.1,.610,.299,.260,.052,.000,.390,.489,.565,.500,.000,,.233,.435,1.000,.104,8,.100,.667,0,0,,2024-2025
Jamal Cain,25,NOP,SF,16,0,225,.455,15.0,.491,.218,.200,.055,.018,.509,.593,.833,.455,.333,.000,.321,.563,1.000,.018,1,.750,.286,0,0,,2024-2025
Rayan Rupert,20,POR,SG,21,0,223,.438,13.7,.547,.281,.219,.047,.000,.453,.543,.722,.214,1.000,,.310,.579,1.000,.016,1,.414,.333,0,0,,2024-2025
Kristaps Porziņģis,29,BOS,C,8,8,220,.470,16.5,.557,.183,.200,.113,.061,.443,.578,.762,.522,.538,.286,.333,.811,.941,.113,11,.059,.333,0,0,,2024-2025
Jared Butler,24,WAS,SG,19,0,212,.463,11.9,.737,.221,.368,.105,.042,.263,.529,.667,.457,.500,.500,.280,.189,1.000,.000,0,.120,.333,0,0,,2024-2025
Trendon Watford,24,BRK,PF,13,0,209,.443,11.2,.671,.316,.329,.025,.000,.329,.509,.640,.423,.000,,.308,.519,1.000,.000,0,.308,.250,0,0,,2024-2025
Kenrich Williams,30,OKC,PF,16,0,208,.571,16.8,.460,.222,.127,.063,.048,.540,.759,.786,.750,.500,1.000,.412,.818,1.000,.000,0,.147,.400,0,0,,2024-2025
Justin Champagnie,23,WAS,SF,8,5,207,.554,12.4,.585,.431,.123,.031,.000,.415,.711,.821,.375,.500,,.333,.630,1.000,.138,9,.370,.200,0,0,,2024-2025
Dru Smith,27,MIA,SG,11,0,205,.478,14.5,.522,.261,.196,.065,.000,.478,.458,.750,.222,.000,,.500,.455,.909,.000,0,.318,.571,0,0,,2024-2025
David Roddy,23,ATL,PF,14,1,204,.563,15.3,.500,.229,.229,.042,.000,.500,.708,.727,.727,.500,,.417,.882,.900,.021,1,.292,.714,0,0,,2024-2025
Josh Okogie,26,PHO,SG,15,1,203,.514,10.4,.667,.389,.236,.028,.014,.333,.563,.714,.294,1.000,.000,.417,.667,1.000,.097,7,.708,.412,0,0,,2024-2025
Larry Nance Jr.,32,ATL,PF,11,2,196,.627,15.0,.478,.224,.194,.045,.015,.522,.656,.667,.692,.667,.000,.600,.762,.952,.134,7,.400,.571,0,0,,2024-2025
Lonzo Ball,27,CHI,PG,11,0,195,.322,24.6,.153,.051,.034,.051,.017,.847,.444,1.000,.000,.333,.000,.300,.500,.800,.000,0,.100,.400,1,0,,2024-2025
Charles Bassey,24,SAS,C,18,0,194,.563,3.1,1.000,.578,.406,.016,.000,.000,.563,.541,.615,.000,,,.806,,.313,16,,,0,0,,2024-2025
Keaton Wallace,25,ATL,PG,12,1,194,.400,16.9,.527,.091,.255,.164,.018,.473,.483,.400,.571,.444,.000,.308,.357,.750,.036,2,.154,.500,1,0,,2024-2025
Jaxson Hayes,24,LAL,C,11,1,192,.722,2.3,1.000,.778,.194,.028,.000,.000,.722,.857,.286,.000,,,.692,,.528,18,,,0,0,,2024-2025
Ousmane Dieng,21,OKC,PF,16,0,186,.339,17.2,.390,.237,.085,.017,.051,.610,.478,.571,.200,.000,.667,.250,.818,1.000,.102,6,.389,.214,0,0,,2024-2025
Zion Williamson,24,NOP,PF,6,6,186,.452,5.7,.942,.394,.500,.038,.010,.058,.459,.659,.346,.000,.000,.333,.556,.500,.077,7,.000,,1,0,,2024-2025
Doug McDermott,33,SAC,SF,21,3,182,.431,22.7,.154,.062,.046,.015,.031,.846,.500,.750,.333,.000,.500,.418,1.000,1.000,.015,1,.309,.471,0,0,,2024-2025
Johnny Davis,22,WAS,SG,19,0,182,.474,11.5,.684,.351,.228,.088,.018,.316,.538,.650,.462,.200,1.000,.333,.714,1.000,.140,6,.222,.250,0,0,,2024-2025
Sandro Mamukelashvili,25,SAS,PF,19,0,182,.545,18.5,.309,.145,.127,.036,.000,.691,.765,.875,.571,1.000,,.447,.846,1.000,.073,4,.263,.300,0,0,,2024-2025
Paolo Banchero,22,ORL,PF,5,5,182,.495,12.9,.670,.340,.134,.113,.082,.330,.569,.697,.385,.364,.625,.344,.486,.545,.041,4,.094,.000,0,0,,2024-2025
Alec Burks,33,MIA,SG,12,0,181,.457,20.3,.304,.065,.109,.043,.087,.696,.429,.667,.200,.500,.500,.469,.500,1.000,.000,0,.531,.529,0,0,,2024-2025
Dillon Jones,23,OKC,SF,21,0,177,.345,16.5,.400,.236,.127,.036,.000,.600,.545,.615,.429,.500,,.212,.500,1.000,.000,0,.303,.200,0,0,,2024-2025
Mo Bamba,26,LAC,C,13,0,177,.423,13.7,.538,.288,.192,.038,.019,.462,.571,.733,.200,1.000,1.000,.250,.750,1.000,.154,6,.417,.200,0,0,,2024-2025
Joel Embiid,30,PHI,C,6,6,176,.411,14.6,.737,.168,.126,.274,.168,.263,.500,.563,.667,.500,.313,.160,.629,1.000,.011,1,.000,,0,0,,2024-2025
Johnny Furphy,20,IND,SG,17,0,173,.391,16.5,.391,.217,.152,.000,.022,.609,.389,.700,.000,,.000,.393,.857,1.000,.043,1,.500,.357,0,0,,2024-2025
Wendell Moore Jr.,23,DET,SG,12,0,171,.528,9.4,.750,.444,.222,.028,.056,.250,.593,.625,.500,1.000,.500,.333,.750,.667,.028,1,.556,.400,0,0,,2024-2025
John Konchar,28,MEM,SG,14,0,169,.500,21.1,.154,.115,.038,.000,.000,.846,1.000,1.000,1.000,,,.409,.750,1.000,.038,1,.545,.500,0,0,,2024-2025
Jaylen Nowell,25,NOP,SG,8,0,168,.356,14.5,.630,.110,.315,.164,.041,.370,.391,.500,.348,.500,.000,.296,.278,1.000,.000,0,.222,.500,0,0,,2024-2025
Aaron Holiday,28,HOU,PG,17,0,166,.471,21.5,.255,.039,.098,.078,.039,.745,.538,1.000,.200,.750,.500,.447,.429,.824,.000,0,.132,.800,0,0,,2024-2025
Christian Koloko,24,LAL,C,17,0,166,.583,5.1,.917,.625,.250,.000,.042,.083,.636,.733,.333,,1.000,.000,.714,,.458,9,.500,.000,0,0,,2024-2025
Trey Jemison,25,NOP,C,16,0,166,.469,4.1,1.000,.563,.344,.063,.031,.000,.469,.611,.273,.500,.000,,.733,,.219,6,,,0,0,,2024-2025
Vit Krejci,24,ATL,PG,14,0,165,.308,15.5,.462,.256,.179,.026,.000,.538,.444,.500,.429,.000,,.190,.625,1.000,.051,2,.286,.000,0,0,,2024-2025
Kevin Love,36,MIA,PF,14,4,165,.369,17.2,.417,.202,.167,.024,.024,.583,.371,.353,.429,.000,.500,.367,.462,.944,.000,0,.204,.300,1,0,,2024-2025
Tyrese Martin,25,BRK,SG,11,2,165,.473,19.9,.255,.127,.091,.036,.000,.745,.500,.714,.400,.000,,.463,.429,1.000,.000,0,.317,.385,0,0,,2024-2025
Steven Adams,31,HOU,C,15,0,161,.600,3.3,1.000,.640,.320,.040,.000,.000,.600,.625,.625,.000,,,.533,,.080,2,,,0,0,,2024-2025
Jordan McLaughlin,28,SAC,PG,21,0,159,.368,18.7,.421,.105,.184,.079,.053,.579,.375,.500,.286,.333,.500,.364,.500,.500,.000,0,.364,.250,1,0,,2024-2025
Dwight Powell,33,DAL,C,21,0,158,.800,2.2,1.000,.800,.200,.000,.000,.000,.800,1.000,.000,,,,.750,,.400,4,,,0,0,,2024-2025
Jock Landale,29,HOU,C,15,0,158,.447,7.4,.872,.404,.340,.085,.043,.128,.439,.474,.375,.500,.500,.500,.778,1.000,.149,7,.000,,0,0,,2024-2025
Robert Williams,27,POR,C,9,1,158,.738,2.8,.952,.786,.167,.000,.000,.048,.750,.818,.429,,,.500,.733,1.000,.333,13,1.000,.500,0,0,,2024-2025
Jordan Walsh,20,BOS,PF,19,1,157,.290,19.7,.226,.194,.032,.000,.000,.774,.571,.667,.000,,,.208,.750,1.000,.065,2,.417,.200,0,0,,2024-2025
Hunter Tyson,24,DEN,PF,17,0,157,.469,17.3,.406,.219,.063,.063,.063,.594,.692,1.000,.000,.500,.500,.316,.778,.833,.094,2,.368,.429,0,0,,2024-2025
Paul Reed,25,DET,C,14,0,155,.558,9.0,.788,.442,.212,.115,.019,.212,.610,.826,.273,.333,1.000,.364,.680,1.000,.192,9,.182,.500,0,0,,2024-2025
Tre Jones,25,SAS,PG,9,0,154,.313,13.0,.594,.281,.219,.094,.000,.406,.368,.667,.143,.000,,.231,.857,1.000,.000,0,.462,.167,0,0,,2024-2025
Isaac Jones,24,SAC,PF,17,0,153,.652,5.0,.913,.478,.413,.022,.000,.087,.690,.773,.632,.000,,.250,.793,1.000,.391,17,.500,.500,0,0,,2024-2025
Kai Jones,24,LAC,C,19,0,152,.750,3.0,1.000,.750,.150,.100,.000,.000,.750,.867,.667,.000,,,.800,,.650,12,,,0,0,,2024-2025
Marvin Bagley III,25,WAS,C,18,1,151,.529,7.3,.853,.471,.309,.074,.000,.147,.586,.750,.429,.200,,.200,.441,1.000,.206,13,.200,.000,0,0,,2024-2025
Craig Porter Jr.,24,CLE,PG,16,0,151,.581,11.9,.645,.452,.097,.065,.032,.355,.650,.786,.000,.500,1.000,.455,.692,1.000,.097,3,.182,.500,0,0,,2024-2025
Taj Gibson,39,CHO,C,14,8,151,.471,5.3,.941,.500,.324,.118,.000,.059,.469,.706,.182,.250,,.500,.667,1.000,.118,4,1.000,.500,0,0,,2024-2025
Josh Richardson,31,MIA,SG,8,0,150,.289,18.5,.421,.105,.184,.026,.105,.579,.313,.500,.286,.000,.250,.273,1.000,1.000,.000,0,.227,.200,0,0,,2024-2025
Anthony Gill,32,WAS,PF,20,0,149,.500,11.9,.647,.324,.294,.000,.029,.353,.591,.727,.500,,.000,.333,.769,1.000,.029,1,.333,.250,0,0,,2024-2025
Xavier Tillman Sr.,26,BOS,C,17,1,147,.241,15.9,.448,.103,.310,.034,.000,.552,.308,1.000,.111,.000,,.188,.500,1.000,.000,0,.438,.143,0,0,,2024-2025
Elfrid Payton,30,NOP,PG,7,3,144,.500,8.0,.978,.217,.543,.174,.043,.022,.511,.400,.600,.375,.500,.000,.174,,.000,0,.000,,0,0,,2024-2025
Bruno Fernando,26,TOR,C,16,2,143,.542,4.1,1.000,.583,.333,.042,.042,.000,.542,.679,.438,.000,.000,,.654,,.146,7,,,0,0,,2024-2025
Alex Len,31,SAC,C,21,2,142,.542,8.2,.833,.417,.333,.042,.042,.167,.650,.900,.500,.000,.000,.000,.769,,.208,5,.750,.000,0,0,,2024-2025
Antonio Reeves,24,NOP,SG,15,0,140,.400,15.1,.492,.262,.169,.015,.046,.508,.531,.588,.455,1.000,.333,.273,.706,.778,.015,1,.424,.143,0,0,,2024-2025
Patty Mills,36,UTA,PG,9,0,138,.355,21.6,.226,.065,.032,.065,.065,.774,.571,.500,1.000,.500,.500,.292,.500,.857,.000,0,.208,.400,0,0,,2024-2025
Bones Hyland,24,LAC,PG,12,0,137,.411,21.0,.288,.082,.110,.041,.055,.712,.333,.500,.250,.000,.500,.442,.286,.522,.014,1,.115,.667,0,0,,2024-2025
Dario Šarić,30,DEN,C,10,3,136,.300,14.8,.525,.225,.250,.000,.050,.475,.333,.556,.100,,.500,.263,.857,1.000,.000,0,.158,.333,0,0,,2024-2025
Ausar Thompson,22,DET,SF,8,3,136,.431,9.8,.724,.293,.379,.052,.000,.276,.500,.588,.500,.000,,.250,.667,1.000,.224,12,.688,.273,0,0,,2024-2025
Aaron Nesmith,25,IND,SF,6,6,136,.528,11.1,.694,.361,.194,.111,.028,.306,.520,.769,.286,.250,.000,.545,.846,1.000,.083,2,.273,.667,0,0,,2024-2025
DeAndre Jordan,36,DEN,C,13,0,133,.577,2.5,1.000,.654,.346,.000,.000,.000,.577,.765,.222,,,,.533,,.385,8,,,0,0,,2024-2025
Thomas Bryant,27,2TM,C,12,0,131,.455,12.3,.455,.364,.030,.061,.000,.545,.533,.500,1.000,.500,,.389,.750,1.000,.030,1,.167,.333,0,0,,2024-2025
Thomas Bryant,27,MIA,C,10,0,115,.429,16.6,.393,.321,.036,.036,.000,.607,.545,.556,1.000,.000,,.353,.667,1.000,.000,0,.176,.333,0,0,,2024-2025
Thomas Bryant,27,IND,C,2,0,16,.600,7.9,.800,.600,.000,.200,.000,.200,.500,.333,,1.000,,1.000,1.000,1.000,.200,1,.000,,0,0,,2024-2025
Rob Dillingham,20,MIN,PG,14,0,126,.451,13.9,.588,.275,.196,.078,.039,.412,.467,.643,.400,.250,.000,.429,.214,.444,.000,0,.190,.500,0,0,,2024-2025
Reggie Jackson,34,PHI,PG,11,0,124,.415,20.1,.341,.122,.146,.049,.024,.659,.357,.400,.333,.500,.000,.444,.400,.833,.000,0,.111,.667,1,0,,2024-2025
Kobe Bufkin,21,ATL,SG,10,0,124,.383,14.2,.596,.255,.191,.106,.043,.404,.500,.417,.778,.200,.500,.211,.429,1.000,.000,0,.316,.167,1,0,,2024-2025
Olivier-Maxence Prosper,22,DAL,PF,17,0,121,.353,11.8,.647,.324,.206,.059,.059,.353,.364,.727,.000,.000,.000,.333,.500,1.000,.118,3,.750,.444,0,0,,2024-2025
Nick Smith Jr.,20,CHO,SG,13,0,121,.333,18.4,.458,.083,.188,.125,.063,.542,.364,.500,.444,.333,.000,.308,.500,.875,.000,0,.192,.400,0,0,,2024-2025
De'Anthony Melton,26,GSW,SG,6,2,121,.407,18.2,.352,.130,.185,.037,.000,.648,.474,.286,.700,.000,,.371,.444,.923,.037,2,.114,.750,0,0,,2024-2025
KJ Simpson,22,CHO,PG,9,0,120,.300,16.0,.500,.250,.075,.125,.050,.500,.450,.500,.667,.200,.500,.150,.333,1.000,.050,2,.150,.000,0,0,,2024-2025
Precious Achiuwa,25,NYK,PF,6,1,120,.500,6.3,.857,.571,.214,.071,.000,.143,.542,.688,.333,.000,,.250,.769,1.000,.286,7,.750,.333,0,0,,2024-2025
Enrique Freeman,24,IND,PF,16,1,113,.474,8.5,.737,.474,.263,.000,.000,.263,.571,.667,.400,,,.200,.875,1.000,.158,2,.800,.250,0,0,,2024-2025
Tyler Kolek,23,NYK,PG,17,0,112,.421,18.7,.395,.105,.158,.105,.026,.605,.400,.250,.333,.500,1.000,.435,.167,1.000,.000,0,.217,.600,1,0,,2024-2025
Micah Potter,26,UTA,C,6,1,112,.400,19.8,.200,.150,.050,.000,.000,.800,.500,.667,.000,,,.375,1.000,1.000,.050,1,.563,.111,0,0,,2024-2025
Jaylon Tyson,22,CLE,SG,14,1,108,.444,11.4,.593,.407,.185,.000,.000,.407,.563,.545,.600,,,.273,.333,1.000,.111,2,.636,.286,0,0,,2024-2025
Colby Jones,22,SAC,SG,18,0,102,.364,15.0,.591,.091,.364,.091,.045,.409,.308,1.000,.250,.000,.000,.444,.500,1.000,.000,0,.222,.000,0,0,,2024-2025
Caleb Houstan,22,ORL,SF,18,0,99,.308,22.1,.154,.038,.077,.000,.038,.846,.500,1.000,.000,,1.000,.273,.500,1.000,.000,0,.364,.250,0,0,,2024-2025
Ariel Hukporti,22,NYK,C,12,0,99,.643,3.1,1.000,.714,.214,.071,.000,.000,.643,.700,.667,.000,,,1.000,,.286,4,,,0,0,,2024-2025
Josh Minott,22,MIN,SF,13,0,95,.607,12.1,.571,.429,.143,.000,.000,.429,.875,.833,1.000,,,.250,.714,1.000,.214,6,.500,.333,0,0,,2024-2025
Day'Ron Sharpe,23,BRK,C,6,0,91,.429,8.0,.743,.600,.114,.029,.000,.257,.500,.429,.750,1.000,,.222,.538,1.000,.114,3,.333,.333,0,0,,2024-2025
Adem Bona,21,PHI,C,14,0,90,.615,1.4,1.000,.923,.077,.000,.000,.000,.615,.583,1.000,,,,.500,,.385,3,,,0,0,,2024-2025
Jae Crowder,34,SAC,SF,6,2,89,.353,20.3,.294,.000,.176,.059,.059,.706,.600,,.333,1.000,1.000,.250,.667,1.000,.000,0,.583,.286,0,0,,2024-2025
Khris Middleton,33,MIL,SF,4,0,85,.259,17.4,.556,.111,.148,.222,.074,.444,.267,.000,.000,.500,.500,.250,.250,.667,.000,0,.250,.333,0,0,,2024-2025
Mark Williams,23,CHO,C,6,3,84,.641,4.2,1.000,.538,.333,.128,.000,.000,.641,.952,.154,.600,,,.760,,.385,14,,,0,0,,2024-2025
Isaiah Jackson,23,IND,C,5,1,84,.609,1.9,1.000,.783,.217,.000,.000,.000,.609,.611,.600,,,,.857,,.304,6,,,0,0,,2024-2025
Duop Reath,28,POR,C,13,0,83,.385,19.7,.269,.192,.038,.000,.038,.731,.429,.600,.000,,.000,.368,.333,.857,.000,0,.211,.500,0,0,,2024-2025
Pacome Dadiet,19,NYK,SG,12,0,82,.300,20.0,.300,.050,.100,.050,.100,.700,.167,.000,.000,.000,.500,.357,1.000,1.000,.000,0,.429,.167,0,0,,2024-2025
Cam Whitmore,20,HOU,SF,9,0,82,.400,13.6,.580,.340,.160,.060,.020,.420,.655,.824,.250,.667,1.000,.048,.526,.000,.060,3,.143,.000,0,0,,2024-2025
Drew Peterson,25,BOS,PF,7,0,81,.333,22.6,.133,.067,.000,.000,.067,.867,.500,.000,,,1.000,.308,.000,1.000,.000,0,.385,.400,0,0,,2024-2025
Svi Mykhailiuk,27,UTA,SF,6,2,81,.370,21.9,.185,.148,.037,.000,.000,.815,.600,.750,.000,,,.318,.333,.857,.037,1,.182,.250,0,0,,2024-2025
Jeff Dowtin,27,PHI,PG,8,0,80,.316,16.5,.579,.158,.158,.105,.158,.421,.455,.667,.333,1.000,.000,.125,.400,1.000,.000,0,.125,.000,0,0,,2024-2025
Zeke Nnaji,24,DEN,PF,16,0,79,.435,11.2,.652,.348,.261,.000,.043,.348,.667,.875,.333,,1.000,.000,.800,,.261,4,.375,.000,0,0,,2024-2025
Isaiah Wong,24,CHO,SG,5,0,78,.429,12.2,.714,.286,.250,.143,.036,.286,.450,.375,.571,.500,.000,.375,.444,.333,.036,1,.250,.000,1,0,,2024-2025
Tristan Thompson,33,CLE,PF,10,0,76,.542,5.5,.958,.542,.292,.083,.042,.042,.565,.692,.571,.000,.000,.000,.692,,.125,3,.000,,0,0,,2024-2025
Taylor Hendricks,21,UTA,PF,3,3,75,.222,18.8,.333,.056,.167,.111,.000,.667,.167,.000,.333,.000,,.250,1.000,1.000,.056,1,.583,.429,0,0,,2024-2025
Ryan Rollins,22,MIL,PG,11,1,72,.400,16.0,.520,.080,.280,.120,.040,.480,.308,.500,.429,.000,.000,.500,.000,.833,.000,0,.417,.400,0,0,,2024-2025
Kelly Olynyk,33,TOR,C,5,0,72,.357,13.5,.679,.250,.250,.036,.143,.321,.368,.714,.000,1.000,.250,.333,.571,.667,.000,0,.111,1.000,0,0,,2024-2025
Kel'el Ware,20,MIA,C,10,0,69,.400,11.6,.720,.240,.320,.080,.080,.280,.444,.500,.375,.500,.500,.286,.750,1.000,.200,5,.286,.000,0,0,,2024-2025
Immanuel Quickley,25,TOR,PG,3,3,68,.381,14.5,.619,.143,.310,.119,.048,.381,.385,.333,.308,.800,.000,.375,.900,.500,.000,0,.063,.000,0,0,,2024-2025
Torrey Craig,34,CHI,SF,6,1,67,.500,21.6,.182,.136,.045,.000,.000,.818,1.000,1.000,1.000,,,.389,.750,.857,.000,0,.333,.333,0,0,,2024-2025
Cory Joseph,33,ORL,PG,15,0,63,.333,24.1,.222,.056,.056,.111,.000,.778,.250,.000,.000,.500,,.357,.000,.600,.000,0,.071,.000,1,0,,2024-2025
Jae'Sean Tate,29,HOU,SF,11,0,61,.529,7.9,.824,.412,.294,.118,.000,.176,.643,.857,.600,.000,,.000,.667,,.000,0,.333,.000,0,0,,2024-2025
Armel Traoré,22,LAL,SF,8,0,61,.278,10.8,.611,.444,.167,.000,.000,.389,.455,.500,.333,,,.000,.800,,.111,2,.714,.000,0,0,,2024-2025
DaQuan Jeffries,27,CHO,SG,3,0,61,.650,13.9,.500,.350,.150,.000,.000,.500,.700,.714,.667,,,.600,1.000,1.000,.050,0,.300,.667,0,0,,2024-2025
Patrick Baldwin Jr.,22,WAS,SF,12,0,57,.474,16.6,.421,.263,.158,.000,.000,.579,.500,.800,.000,,,.455,1.000,1.000,.211,4,.182,.500,0,0,,2024-2025
Cam Spencer,24,MEM,SG,4,0,54,.538,16.4,.538,.154,.077,.231,.077,.462,.571,1.000,1.000,.333,.000,.500,.750,1.000,.000,0,.000,,0,0,,2024-2025
Jevon Carter,29,CHI,PG,11,0,53,.304,19.4,.304,.130,.130,.043,.000,.696,.429,.333,.667,.000,,.250,.333,.750,.000,0,.125,.500,0,0,,2024-2025
Chris Duarte,27,CHI,SG,12,0,50,.500,17.8,.333,.222,.111,.000,.000,.667,.667,.500,1.000,,,.417,.750,.800,.000,0,.083,1.000,0,0,,2024-2025
Kobe Brown,25,LAC,PF,7,0,47,.450,9.8,.700,.300,.400,.000,.000,.300,.571,.667,.500,,,.167,.375,1.000,.100,2,.167,.000,0,0,,2024-2025
Moses Brown,25,IND,C,9,0,46,.650,3.3,1.000,.650,.250,.100,.000,.000,.650,.846,.400,.000,,,.615,,.300,6,,,0,0,,2024-2025
Luka Garza,26,MIN,C,9,0,46,.560,11.3,.680,.320,.240,.120,.000,.320,.706,.625,.833,.667,,.250,.833,1.000,.080,2,.000,,0,0,,2024-2025
Orlando Robinson,24,SAC,C,7,0,46,.500,11.0,.667,.417,.250,.000,.000,.333,.625,.800,.333,,,.250,.800,1.000,.000,0,.250,.000,0,0,,2024-2025
Matt Ryan,27,NYK,SF,9,0,45,.286,18.5,.333,.143,.095,.048,.048,.667,.429,1.000,.000,.000,.000,.214,1.000,1.000,.000,0,.429,.167,0,0,,2024-2025
Pat Spencer,28,GSW,PG,9,0,45,.375,9.8,.813,.125,.563,.063,.063,.188,.462,.000,.556,1.000,.000,.000,.500,,.000,0,.000,,0,0,,2024-2025
Vince Williams Jr.,24,MEM,SG,3,0,45,.368,14.2,.579,.263,.316,.000,.000,.421,.545,.600,.500,,,.125,.167,1.000,.053,1,.000,,1,0,,2024-2025
Trey Alexander,21,DEN,SG,9,0,44,.250,18.5,.500,.083,.167,.083,.167,.500,.333,.000,.000,1.000,.500,.167,.500,1.000,.000,0,.167,1.000,0,0,,2024-2025
Terrence Shannon Jr. ,24,MIN,SG,9,0,44,.500,9.1,.750,.417,.250,.000,.083,.250,.556,.800,.333,,.000,.333,.600,1.000,.167,2,.667,.500,0,0,,2024-2025
Luke Travers,23,CLE,SG,6,0,42,.429,10.8,.571,.571,.000,.000,.000,.429,.750,.750,,,,.000,1.000,,.429,3,1.000,.000,0,0,,2024-2025
Yuki Kawamura,23,MEM,PG,14,0,41,.267,22.6,.267,.067,.000,.133,.067,.733,.500,.000,,.500,1.000,.182,.000,.000,.000,0,.091,.000,0,0,,2024-2025
Jalen Pickett,25,DEN,SG,5,0,41,.600,23.3,.200,.000,.000,.000,.200,.800,1.000,,,,1.000,.500,.000,.500,.000,0,.250,.000,0,0,,2024-2025
Adam Flagler,25,OKC,SG,11,0,40,.250,25.5,.050,.000,.000,.000,.050,.950,.000,,,,.000,.263,,.800,.000,0,.105,.000,0,0,,2024-2025
Jeff Green,38,HOU,PF,7,0,40,.538,17.4,.385,.231,.077,.077,.000,.615,.800,1.000,.000,1.000,,.375,.500,1.000,.154,2,.250,.500,0,0,,2024-2025
Jaden Springer,22,BOS,SG,9,0,39,.200,10.2,.700,.200,.400,.100,.000,.300,.286,.500,.250,.000,,.000,.000,,.100,1,.667,.000,0,0,,2024-2025
Karlo Matković,23,NOP,PF,5,0,39,.400,1.7,1.000,.800,.200,.000,.000,.000,.400,.500,.000,,,,.500,,.200,0,,,0,0,,2024-2025
Bol Bol,25,PHO,PF,7,0,37,.600,15.0,.667,.067,.333,.133,.133,.333,.800,1.000,.800,1.000,.500,.200,.750,1.000,.067,1,.400,.000,0,0,,2024-2025
Damion Lee,32,PHO,SG,4,0,37,.286,19.8,.357,.000,.143,.143,.071,.643,.600,,1.000,.500,.000,.111,1.000,1.000,.000,0,.556,.000,0,0,,2024-2025
MarJon Beauchamp,24,MIL,SF,11,0,35,.375,15.9,.500,.250,.125,.125,.000,.500,.500,.750,.000,.500,,.250,.250,1.000,.125,1,.125,1.000,0,0,,2024-2025
Garrett Temple,38,TOR,SG,9,0,35,.286,13.6,.571,.286,.286,.000,.000,.429,.250,.000,.500,,,.333,.000,1.000,.000,0,.333,.000,0,0,,2024-2025
Tyler Smith,20,MIL,PF,10,0,34,.615,16.8,.385,.154,.231,.000,.000,.615,1.000,1.000,1.000,,,.375,.800,.667,.154,2,.375,.333,0,0,,2024-2025
Baylor Scheierman,24,BOS,SG,5,0,34,.100,18.6,.400,.100,.200,.100,.000,.600,.250,1.000,.000,.000,,.000,1.000,,.000,0,.167,.000,0,0,,2024-2025
Vlatko Čančar,27,DEN,PF,4,0,34,.571,8.8,.714,.571,.143,.000,.000,.286,.600,.500,1.000,,,.500,1.000,1.000,.286,2,.500,1.000,0,0,,2024-2025
Sidy Cissoko,20,SAS,SF,11,0,33,.444,14.3,.556,.222,.222,.000,.111,.444,.200,.500,.000,,.000,.750,.000,1.000,.000,0,.500,1.000,0,0,,2024-2025
PJ Dozier,28,MIN,SG,8,0,33,.667,24.7,.000,.000,.000,.000,.000,1.000,,,,,,.667,,1.000,.000,0,.333,1.000,0,0,,2024-2025
D.J. Carton,24,TOR,SG,4,0,33,.143,13.6,.571,.143,.429,.000,.000,.429,.250,1.000,.000,,,.000,1.000,,.000,0,.333,.000,0,0,,2024-2025
E.J. Liddell,24,CHI,PF,6,0,31,.625,23.0,.250,.000,.125,.125,.000,.750,1.000,,1.000,1.000,,.500,1.000,1.000,.000,0,.000,,0,0,,2024-2025
Gui Santos,22,GSW,PF,7,0,30,.400,15.0,.400,.200,.200,.000,.000,.600,.500,1.000,.000,,,.333,1.000,1.000,.200,1,.333,1.000,0,0,,2024-2025
Maxwell Lewis,22,LAL,SF,7,0,29,.333,12.6,1.000,.167,.167,.167,.500,.000,.333,1.000,1.000,.000,.000,,.500,,.000,0,,,0,0,,2024-2025
TyTy Washington Jr.,23,PHO,PG,3,0,27,.500,14.6,.500,.000,.500,.000,.000,.500,.333,,.333,,,.667,1.000,1.000,.000,0,.667,.500,0,0,,2024-2025
Joe Ingles,37,MIN,SF,7,0,26,.000,25.0,.000,.000,.000,.000,.000,1.000,,,,,,.000,,,.000,0,.500,.000,0,0,,2024-2025
Dariq Whitehead,20,BRK,SF,3,0,26,.545,23.6,.091,.091,.000,.000,.000,.909,.000,.000,,,,.600,,1.000,.000,0,.200,.000,0,0,,2024-2025
Jazian Gortman,21,DAL,PG,8,0,25,.455,16.0,.636,.091,.182,.273,.091,.364,.429,1.000,.000,.333,1.000,.500,.333,1.000,.000,0,.500,.500,0,0,,2024-2025
JD Davison,22,BOS,PG,5,0,24,.400,17.4,.400,.400,.000,.000,.000,.600,.500,.500,,,,.333,.000,1.000,.000,0,.000,,0,0,,2024-2025
Colin Castleton,24,MEM,C,8,0,22,.250,14.3,.500,.000,.500,.000,.000,.500,.500,,.500,,,.000,.000,,.000,0,1.000,.000,0,0,,2024-2025
Jacob Toppin,24,NYK,SF,7,0,21,.333,20.2,.333,.000,.000,.333,.000,.667,1.000,,,1.000,,.000,.000,,.000,0,.000,,0,0,,2024-2025
Malevy Leons,25,OKC,SF,6,0,21,.000,15.3,.500,.000,.500,.000,.000,.500,.000,,.000,,,.000,,,.000,0,1.000,.000,0,0,,2024-2025
Jack McVeigh,28,HOU,PF,6,0,21,.273,21.9,.273,.000,.091,.091,.091,.727,.333,,.000,1.000,.000,.250,.000,1.000,.000,0,.375,.333,0,0,,2024-2025
Brandon Williams,25,DAL,PG,5,0,21,.222,8.3,.778,.556,.222,.000,.000,.222,.286,.200,.500,,,.000,.500,,.000,0,.000,,0,0,,2024-2025
Markieff Morris,35,DAL,PF,4,0,21,.222,18.5,.667,.111,.000,.333,.222,.333,.167,.000,,.333,.000,.333,.000,1.000,.000,0,.000,,0,0,,2024-2025
Adama Sanogo,22,CHI,C,4,0,21,.571,2.1,1.000,.714,.286,.000,.000,.000,.571,.600,.500,,,,.500,,.143,0,,,0,0,,2024-2025
JT Thor,22,CLE,PF,4,0,21,.875,14.9,.625,.125,.250,.125,.125,.375,.800,1.000,.500,1.000,1.000,1.000,1.000,1.000,.000,0,.333,1.000,0,0,,2024-2025
Liam Robbins,25,MIL,C,5,0,20,.667,10.5,.667,.333,.333,.000,.000,.333,1.000,1.000,1.000,,,.000,1.000,,.333,1,.000,,0,0,,2024-2025
Richaun Holmes,31,WAS,PF,3,0,20,.500,6.5,.900,.600,.200,.000,.100,.100,.556,.667,.500,,.000,.000,.800,,.300,3,1.000,.000,0,0,,2024-2025
Taze Moore,26,POR,SG,2,0,20,.200,19.1,.600,.200,.300,.100,.000,.400,.167,.500,.000,.000,,.250,.000,1.000,.100,1,.000,,1,0,,2024-2025
Bronny James,20,LAL,SG,7,0,18,.125,16.7,.500,.125,.250,.125,.000,.500,.250,.000,.000,1.000,,.000,.000,,.000,0,.000,,0,0,,2024-2025
Branden Carlson,25,OKC,C,5,0,18,.143,20.5,.286,.000,.286,.000,.000,.714,.500,,.500,,,.000,1.000,,.000,0,.200,.000,0,0,,2024-2025
Cam Christie,19,LAC,SG,1,0,18,.286,18.6,.429,.143,.143,.000,.143,.571,.333,.000,1.000,,.000,.250,.000,1.000,.143,1,.250,.000,0,0,,2024-2025
Stanley Umude,25,MIL,SG,6,0,17,.333,24.6,.000,.000,.000,.000,.000,1.000,,,,,,.333,,1.000,.000,0,.333,1.000,0,0,,2024-2025
Lester Quiñones,24,PHI,SG,4,0,17,.500,12.0,.625,.500,.000,.125,.000,.375,.800,1.000,,.000,,.000,.250,,.000,0,.000,,0,0,,2024-2025
Oscar Tshiebwe,25,UTA,PF,1,0,16,,,,,,,,,,,,,,,,,,0,,,0,0,,2024-2025
Jalen Hood-Schifino,21,LAL,SG,2,0,14,1.000,15.6,1.000,.000,.000,1.000,.000,.000,1.000,,,1.000,,,.000,,.000,0,,,0,0,,2024-2025
Trentyn Flowers,19,LAC,SF,1,0,14,.444,9.1,.778,.222,.444,.111,.000,.222,.571,.500,.500,1.000,,.000,.500,,.111,1,.500,.000,0,0,,2024-2025
Kessler Edwards,24,DAL,SF,7,0,13,.000,24.6,.000,.000,.000,.000,.000,1.000,,,,,,.000,,,.000,0,.333,.000,0,0,,2024-2025
Mason Jones,26,SAC,SG,3,0,13,.000,26.0,.000,.000,.000,.000,.000,1.000,,,,,,.000,,,.000,0,.000,,0,0,,2024-2025
Daishen Nix,22,MIN,PG,3,0,13,.000,24.8,.000,.000,.000,.000,.000,1.000,,,,,,.000,,,.000,0,.000,,0,0,,2024-2025
Cole Swider,25,DET,SF,2,0,13,.000,25.4,.000,.000,.000,.000,.000,1.000,,,,,,.000,,,.000,0,.200,.000,0,0,,2024-2025
Jared Rhoden,25,CHO,SG,4,0,12,.250,11.5,.750,.375,.125,.125,.125,.250,.333,.333,1.000,.000,.000,.000,.000,,.000,0,.500,.000,0,0,,2024-2025
Keshad Johnson,23,MIA,SF,2,0,12,.500,14.4,.500,.500,.000,.000,.000,.500,1.000,1.000,,,,.000,1.000,,.500,1,.000,,0,0,,2024-2025
PJ Hall,22,DEN,C,5,0,11,.400,11.7,.600,.400,.200,.000,.000,.400,.667,.500,1.000,,,.000,1.000,,.200,1,.000,,0,0,,2024-2025
AJ Johnson,20,MIL,SG,5,0,11,.500,6.2,.833,.667,.167,.000,.000,.167,.400,.500,.000,,,1.000,.500,1.000,.000,0,1.000,1.000,0,0,,2024-2025
Dominick Barlow,21,ATL,SF,2,0,11,.000,11.6,1.000,.000,.000,1.000,.000,.000,.000,,,.000,,,,,.000,0,,,0,0,,2024-2025
Jalen Bridges,23,PHO,SF,2,0,11,.000,24.9,.000,.000,.000,.000,.000,1.000,,,,,,.000,,,.000,0,.500,.000,0,0,,2024-2025
Mouhamed Gueye,22,ATL,PF,2,0,11,.250,14.7,.500,.250,.250,.000,.000,.500,.500,1.000,.000,,,.000,1.000,,.250,1,.000,,0,0,,2024-2025
Cui Yongxi,21,BRK,SG,5,0,10,.143,12.2,.571,.429,.143,.000,.000,.429,.250,.333,.000,,,.000,1.000,,.000,0,.667,.000,0,0,,2024-2025
James Johnson,37,IND,PF,3,0,10,.500,11.7,.750,.500,.000,.000,.250,.250,.667,1.000,,,.000,.000,.500,,.000,0,.000,,0,0,,2024-2025
Jeenathan Williams,25,HOU,SG,3,0,10,.750,13.4,.500,.500,.000,.000,.000,.500,1.000,1.000,,,,.500,1.000,1.000,.000,0,.000,,0,0,,2024-2025
Justin Edwards,21,PHI,SF,2,0,9,.667,8.7,.667,.667,.000,.000,.000,.333,1.000,1.000,,,,.000,.500,,.000,0,1.000,.000,0,0,,2024-2025
Tristen Newton,23,IND,SG,5,0,8,.167,16.8,.500,.167,.167,.167,.000,.500,.333,1.000,.000,.000,,.000,.000,,.000,0,.000,,0,0,,2024-2025
David Duke Jr.,25,SAS,SG,1,0,8,.250,11.8,.750,.250,.500,.000,.000,.250,.333,1.000,.000,,,.000,.000,,.000,0,.000,,0,0,,2024-2025
Quincy Olivari,23,LAL,PG,1,0,8,.333,25.6,.000,.000,.000,.000,.000,1.000,,,,,,.333,,1.000,.000,0,.333,.000,0,0,,2024-2025
Reece Beekman,23,2TM,PG,3,0,8,1.000,3.3,1.000,.000,1.000,.000,.000,.000,1.000,,1.000,,,,1.000,,.000,0,,,0,0,,2024-2025
Reece Beekman,23,GSW,PG,2,0,4,1.000,3.3,1.000,.000,1.000,.000,.000,.000,1.000,,1.000,,,,1.000,,.000,0,,,0,0,,2024-2025
Reece Beekman,23,BRK,PG,1,0,4,,,,,,,,,,,,,,,,,,0,,,0,0,,2024-2025
Alex Ducas,24,OKC,SG,4,0,7,.000,19.4,.333,.000,.000,.333,.000,.667,.000,,,.000,,.000,,,.000,0,1.000,.000,0,0,,2024-2025
Trevelin Queen,27,ORL,SG,3,0,7,.333,10.8,.667,.333,.333,.000,.000,.333,.000,.000,.000,,,1.000,,1.000,.000,0,.000,,0,0,,2024-2025
Harrison Ingram,22,SAS,SF,1,0,7,.000,21.8,1.000,.000,.000,.000,1.000,.000,.000,,,,.000,,,,.000,0,,,0,0,,2024-2025
Riley Minix,24,SAS,SF,1,0,7,.000,30.4,.000,.000,.000,.000,.000,1.000,,,,,,.000,,,.000,0,.000,,0,0,,2024-2025
Chris Livingston,21,MIL,SF,3,0,6,.500,0.6,1.000,1.000,.000,.000,.000,.000,.500,.500,,,,,.000,,.500,1,,,0,0,,2024-2025
Justin Minaya,25,POR,SF,1,0,6,,,,,,,,,,,,,,,,,,0,,,0,0,,2024-2025
Daniss Jenkins,23,DET,PG,2,0,5,.000,26.6,.000,.000,.000,.000,.000,1.000,,,,,,.000,,,.000,0,.000,,0,0,,2024-2025
Ulrich Chomche,19,TOR,PF,1,0,5,1.000,10.5,1.000,.000,.000,1.000,.000,.000,1.000,,,1.000,,,1.000,,.000,0,,,0,0,,2024-2025
Isaiah Crawford,23,SAC,SF,1,0,5,,,,,,,,,,,,,,,,,,0,,,0,0,,2024-2025
Mac McClung,26,ORL,SG,1,0,5,,,,,,,,,,,,,,,,,,0,,,0,0,,2024-2025
James Wiseman,23,IND,C,1,0,5,.500,14.1,.750,.000,.500,.000,.250,.250,.667,,1.000,,.000,.000,1.000,,.000,0,.000,,0,0,,2024-2025
Spencer Jones,23,DEN,SF,2,0,4,.000,23.1,.000,.000,.000,.000,.000,1.000,,,,,,.000,,,.000,0,1.000,.000,0,0,,2024-2025
Alondes Williams,25,DET,SG,1,0,4,1.000,13.5,.500,.500,.000,.000,.000,.500,1.000,1.000,,,,1.000,.000,1.000,.000,0,.000,,0,0,,2024-2025
Jaylen Martin,21,BRK,SF,2,0,3,1.000,23.2,.000,.000,.000,.000,.000,1.000,,,,,,1.000,,1.000,.000,0,1.000,1.000,0,0,,2024-2025
Collin Gillespie,25,PHO,PG,1,0,3,.500,15.2,.500,.000,.500,.000,.000,.500,.000,,.000,,,1.000,,1.000,.000,0,1.000,1.000,0,0,,2024-2025
Bryce McGowens,22,POR,SG,1,0,3,.500,15.8,.500,.000,.500,.000,.000,.500,1.000,,1.000,,,.000,1.000,,.000,0,.000,,0,0,,2024-2025
Alex Reese,25,OKC,PF,1,0,2,1.000,0.0,1.000,1.000,.000,.000,.000,.000,1.000,1.000,,,,,.000,,.000,0,,,0,0,,2024-2025
League Average,,,,,,,.464,14.3,.576,.242,.200,.085,.049,.424,.541,.688,.445,.432,.396,.360,.542,.829,.059,,.241,.384,,,,2024-2025
