Player,Age,Team,Pos,G,GS,MP,FG,FGA,FG%,3P,3PA,3P%,2P,2PA,2P%,eFG%,FT,FTA,FT%,ORB,DRB,TRB,AST,STL,BLK,TOV,PF,PTS,Awards,Year
Giannis Antetokounmpo,30,MIL,PF,23,23,35.2,12.8,20.8,.614,0.1,0.7,.176,12.7,20.1,.630,.617,7.0,11.4,.615,2.0,9.5,11.5,6.1,0.6,1.6,3.3,2.3,32.7,,2024-2025
Nikola Jokić,29,DEN,C,22,22,37.2,11.8,21.0,.564,2.2,4.5,.500,9.6,16.5,.581,.617,5.2,6.5,.803,3.6,9.4,13.0,9.8,1.8,0.7,3.8,2.0,31.0,,2024-2025
Shai Gilgeous-Alexander,26,OKC,PG,26,26,34.5,10.7,20.8,.513,2.1,6.2,.335,8.6,14.7,.588,.563,7.0,8.1,.867,0.8,4.7,5.4,6.3,2.0,1.0,2.7,2.2,30.5,,2024-2025
LaMelo Ball,23,CHO,PG,20,20,33.7,10.5,24.8,.421,4.5,13.1,.344,6.0,11.7,.509,.512,5.0,6.0,.840,0.9,4.4,5.3,7.5,1.4,0.2,4.3,4.0,30.4,,2024-2025
Paolo Banchero,22,ORL,PF,5,5,36.4,9.6,19.4,.495,2.2,6.4,.344,7.4,13.0,.569,.552,7.6,11.8,.644,2.4,6.4,8.8,5.6,0.6,0.8,2.2,2.6,29.0,,2024-2025
Luka Dončić,25,DAL,PG,20,20,37.0,10.1,21.9,.459,3.6,10.0,.355,6.5,11.9,.546,.540,5.3,6.9,.766,0.7,7.9,8.6,8.2,2.1,0.5,3.5,2.8,28.9,,2024-2025
Jayson Tatum,26,BOS,PF,25,25,36.4,9.3,20.5,.453,3.8,10.5,.359,5.5,10.0,.552,.545,6.0,7.4,.801,0.5,8.5,9.0,5.5,1.2,0.5,2.8,2.6,28.3,,2024-2025
Anthony Davis,31,LAL,C,26,26,35.3,10.0,18.9,.527,0.7,2.3,.300,9.3,16.6,.559,.546,6.9,8.8,.786,2.7,9.0,11.7,3.3,1.3,2.2,2.2,2.0,27.5,,2024-2025
Kevin Durant,36,PHO,PF,16,16,35.8,9.5,18.2,.522,2.6,6.1,.418,6.9,12.1,.575,.593,4.8,5.9,.811,0.2,6.5,6.7,3.8,0.6,1.3,3.1,1.6,26.4,,2024-2025
De'Aaron Fox,27,SAC,PG,28,28,37.2,9.6,20.1,.480,2.0,6.3,.326,7.6,13.8,.550,.531,4.9,6.0,.805,1.1,3.9,5.0,6.1,1.7,0.3,3.5,2.7,26.2,,2024-2025
Anthony Edwards,23,MIN,SG,26,26,35.8,9.1,20.1,.453,4.3,10.1,.424,4.8,10.0,.483,.559,3.4,4.2,.807,0.6,4.8,5.4,4.0,1.4,0.6,3.1,1.9,25.9,,2024-2025
Damian Lillard,34,MIL,PG,22,22,36.4,7.9,17.6,.450,3.5,9.3,.371,4.5,8.3,.538,.548,6.5,7.0,.916,0.5,4.0,4.5,7.5,1.0,0.2,3.0,1.9,25.7,,2024-2025
Devin Booker,28,PHO,SG,26,26,36.6,8.0,18.2,.439,2.7,7.7,.345,5.3,10.5,.507,.512,6.5,7.2,.899,1.2,2.5,3.7,6.4,1.1,0.3,2.3,2.2,25.1,,2024-2025
Tyrese Maxey,24,PHI,PG,18,18,36.9,8.7,21.3,.410,2.9,9.3,.317,5.8,12.0,.481,.479,4.7,5.6,.832,0.2,3.4,3.7,5.0,2.1,0.3,2.3,2.6,25.1,,2024-2025
Karl-Anthony Towns,29,NYK,C,25,25,34.5,8.8,16.4,.535,2.4,5.1,.461,6.4,11.3,.569,.607,5.1,6.0,.841,3.0,11.2,14.2,3.4,0.9,1.0,2.6,3.4,25.0,,2024-2025
Cam Thomas,23,BRK,SG,17,17,33.4,8.1,17.5,.461,2.9,7.4,.389,5.2,10.1,.515,.544,5.7,6.6,.866,0.4,2.9,3.2,3.4,0.7,0.1,2.8,2.0,24.7,,2024-2025
Jalen Brunson,28,NYK,PG,27,27,34.3,8.3,17.1,.485,2.7,6.2,.431,5.6,10.9,.515,.563,5.3,6.4,.822,0.4,2.5,3.0,7.7,0.7,0.1,2.4,2.2,24.6,,2024-2025
Victor Wembanyama,21,SAS,C,22,22,32.5,8.8,18.5,.477,3.1,9.1,.343,5.7,9.4,.607,.561,3.7,4.2,.871,1.9,8.2,10.1,3.9,1.2,3.5,3.6,2.1,24.5,,2024-2025
Franz Wagner,23,ORL,SF,25,25,33.2,8.8,18.9,.465,2.0,6.4,.321,6.8,12.6,.538,.519,4.8,5.4,.881,0.9,4.7,5.6,5.7,1.7,0.5,2.4,2.3,24.4,,2024-2025
Tyler Herro,25,MIA,SG,24,24,34.9,8.4,17.6,.476,4.2,10.1,.413,4.2,7.5,.561,.595,3.2,3.7,.875,0.3,5.0,5.3,4.8,0.8,0.1,2.5,1.6,24.1,,2024-2025
Cade Cunningham,23,DET,PG,24,24,36.3,9.0,19.8,.457,2.5,6.4,.386,6.6,13.4,.491,.519,3.3,4.3,.784,1.1,6.3,7.3,9.6,0.8,0.9,4.5,2.8,23.9,,2024-2025
Kyrie Irving,32,DAL,SG,24,24,35.3,8.9,17.6,.504,3.1,6.6,.468,5.8,11.0,.525,.591,3.0,3.5,.880,1.1,3.6,4.7,5.3,1.2,0.3,2.2,2.3,23.9,,2024-2025
Norman Powell,31,LAC,SG,21,21,32.5,8.3,16.5,.503,3.9,8.0,.485,4.4,8.5,.520,.620,3.3,3.9,.841,0.3,3.0,3.2,2.6,1.1,0.1,2.0,2.0,23.7,,2024-2025
Jaylen Brown,28,BOS,SF,22,22,35.4,8.3,18.8,.440,2.4,7.2,.333,5.9,11.6,.506,.504,4.6,6.2,.750,1.4,4.5,5.9,4.6,1.2,0.4,2.7,2.5,23.6,,2024-2025
RJ Barrett,24,TOR,SG,24,24,34.3,8.6,19.0,.455,2.0,5.7,.350,6.6,13.3,.500,.508,4.3,5.9,.725,0.9,5.8,6.8,6.1,0.8,0.5,3.5,2.6,23.5,,2024-2025
Donovan Mitchell,28,CLE,SG,26,26,31.9,8.3,18.6,.448,3.7,9.2,.404,4.6,9.4,.492,.549,2.9,3.7,.800,0.5,4.2,4.7,4.5,1.6,0.3,2.1,2.2,23.3,,2024-2025
Zion Williamson,24,NOP,PF,6,6,31.0,7.8,17.3,.452,0.3,1.0,.333,7.5,16.3,.459,.462,6.7,10.0,.667,2.7,5.3,8.0,5.3,0.7,1.2,3.7,3.0,22.7,,2024-2025
LeBron James,40,LAL,SF,25,25,35.0,8.6,17.8,.486,2.0,5.6,.362,6.6,12.1,.545,.544,3.3,4.4,.748,1.0,6.9,7.9,9.0,0.7,0.6,4.0,1.2,22.6,,2024-2025
Zach LaVine,29,CHI,SF,24,24,33.3,8.0,15.8,.505,3.3,7.7,.435,4.7,8.2,.571,.611,3.0,3.7,.809,0.2,4.3,4.5,4.2,0.8,0.3,2.8,1.8,22.3,,2024-2025
James Harden,35,LAC,PG,27,27,33.8,6.3,16.1,.392,2.9,8.3,.354,3.4,7.9,.432,.483,6.6,7.4,.894,0.6,5.8,6.4,8.3,1.6,0.6,4.6,1.9,22.2,,2024-2025
Brandon Ingram,27,NOP,SF,18,18,33.1,8.6,18.5,.465,2.4,6.4,.374,6.2,12.1,.514,.530,2.6,3.1,.855,0.9,4.6,5.6,5.2,0.9,0.6,3.8,2.5,22.2,,2024-2025
Stephen Curry,36,GSW,PG,21,21,30.6,7.2,16.2,.443,4.0,9.9,.409,3.1,6.3,.496,.567,3.5,3.8,.925,0.5,4.6,5.0,6.4,1.3,0.5,3.1,1.0,22.0,,2024-2025
DeMar DeRozan,35,SAC,SF,23,23,35.5,8.0,16.5,.487,0.7,2.1,.306,7.4,14.4,.514,.507,5.3,6.1,.858,0.5,3.4,3.9,4.0,1.6,0.5,1.7,2.0,22.0,,2024-2025
Jaren Jackson Jr.,25,MEM,C,26,26,27.9,7.8,15.0,.518,1.8,5.0,.366,5.9,10.0,.595,.579,4.4,5.3,.820,1.3,4.5,5.8,1.5,1.5,1.7,2.0,3.2,21.8,,2024-2025
Trae Young,26,ATL,PG,27,27,36.1,6.6,16.9,.390,2.6,8.2,.320,4.0,8.7,.457,.468,5.7,6.5,.881,0.6,3.3,3.9,12.2,1.3,0.1,4.6,2.1,21.6,,2024-2025
Brandon Miller,22,CHO,SF,22,22,34.4,7.5,18.5,.406,3.9,11.0,.353,3.6,7.5,.485,.511,2.7,3.0,.894,1.0,4.2,5.2,3.5,1.1,0.8,2.9,2.7,21.5,,2024-2025
Domantas Sabonis,28,SAC,C,26,26,36.1,8.2,13.2,.626,1.0,2.3,.443,7.2,10.8,.665,.665,3.9,4.8,.815,3.3,9.7,13.0,6.2,0.8,0.5,3.0,3.5,21.4,,2024-2025
Jalen Williams,23,OKC,SG,26,26,32.2,8.3,16.9,.494,2.0,5.2,.378,6.4,11.7,.546,.552,2.7,3.3,.812,0.9,5.0,5.9,5.1,1.9,0.8,2.3,2.7,21.3,,2024-2025
Ja Morant,25,MEM,PG,17,17,27.9,7.2,16.0,.449,1.5,4.8,.309,5.7,11.2,.508,.494,5.4,6.5,.829,0.8,3.8,4.6,8.1,1.2,0.4,3.7,1.8,21.2,,2024-2025
CJ McCollum,33,NOP,PG,15,15,33.6,8.1,18.7,.436,2.7,8.2,.325,5.5,10.5,.522,.507,1.9,2.8,.690,0.7,3.1,3.8,3.9,1.2,0.4,1.7,2.5,20.9,,2024-2025
Nikola Vučević,34,CHI,C,27,27,31.8,8.4,14.1,.592,2.2,4.6,.480,6.2,9.6,.645,.669,2.0,2.3,.857,1.9,7.8,9.7,3.3,0.7,0.8,1.8,2.4,20.9,,2024-2025
Jordan Poole,25,WAS,SG,23,23,31.0,6.7,15.5,.435,3.2,8.1,.398,3.5,7.4,.476,.539,3.9,4.5,.856,0.3,2.1,2.4,5.1,1.7,0.5,3.5,3.5,20.6,,2024-2025
Scottie Barnes,23,TOR,PF,15,15,33.4,7.4,16.1,.461,1.9,6.0,.311,5.5,10.1,.550,.519,3.6,4.9,.730,1.9,6.1,8.1,7.3,1.2,0.8,3.5,2.1,20.3,,2024-2025
Joel Embiid,30,PHI,C,6,6,29.3,6.5,15.8,.411,0.7,4.2,.160,5.8,11.7,.500,.432,6.7,7.0,.952,1.5,6.2,7.7,3.8,0.3,1.0,3.3,2.5,20.3,,2024-2025
Darius Garland,25,CLE,PG,26,26,30.2,7.2,14.9,.485,2.8,6.8,.418,4.4,8.1,.540,.580,3.0,3.2,.939,0.5,2.0,2.4,6.5,1.0,0.3,2.5,2.4,20.3,,2024-2025
Julius Randle,30,MIN,PF,26,26,32.9,6.9,14.3,.483,1.7,4.7,.358,5.2,9.6,.544,.542,4.7,5.7,.819,1.8,4.9,6.7,3.9,0.8,0.2,2.7,2.6,20.2,,2024-2025
Pascal Siakam,30,IND,PF,28,28,34.5,7.7,14.6,.526,1.9,4.4,.426,5.8,10.3,.568,.589,2.9,3.7,.786,1.8,5.2,7.0,3.5,0.9,0.3,1.5,2.9,20.1,,2024-2025
De'Andre Hunter,27,ATL,SF,17,2,28.4,6.5,13.6,.478,2.8,6.2,.453,3.7,7.4,.500,.582,3.9,4.5,.868,0.6,3.5,4.1,1.3,0.8,0.1,1.3,2.5,19.8,,2024-2025
Jalen Johnson,23,ATL,SF,26,26,36.7,7.8,15.6,.501,1.5,4.4,.342,6.3,11.2,.564,.549,2.6,3.5,.747,1.7,8.4,10.1,5.4,1.4,1.2,3.3,2.0,19.7,,2024-2025
Jalen Green,22,HOU,SG,27,27,32.6,6.6,16.4,.405,2.5,7.8,.318,4.1,8.6,.485,.481,3.8,4.3,.872,0.5,4.1,4.7,2.6,1.1,0.3,2.7,1.8,19.5,,2024-2025
Jimmy Butler,35,MIA,PF,19,19,32.6,6.4,11.6,.552,0.5,1.5,.357,5.9,10.2,.580,.575,6.1,7.7,.782,2.7,3.4,6.1,5.0,1.3,0.4,1.4,1.1,19.4,,2024-2025
Cameron Johnson,28,BRK,PF,26,26,32.6,6.2,12.7,.489,3.3,7.6,.431,3.0,5.2,.575,.618,3.5,4.0,.874,0.7,3.7,4.5,3.1,0.8,0.5,1.1,1.9,19.2,,2024-2025
Kristaps Porziņģis,29,BOS,C,8,8,27.5,6.8,14.4,.470,2.1,6.4,.333,4.6,8.0,.578,.543,3.5,4.4,.800,1.6,5.5,7.1,1.6,0.8,1.5,0.8,2.0,19.1,,2024-2025
Lauri Markkanen,27,UTA,PF,21,21,31.8,5.8,12.9,.452,2.6,6.8,.385,3.2,6.0,.528,.554,4.7,5.3,.884,1.7,4.9,6.6,2.2,0.7,0.1,1.5,1.7,19.0,,2024-2025
Alperen Sengun,22,HOU,C,27,27,31.2,7.3,15.3,.481,0.4,1.5,.250,7.0,13.8,.505,.493,3.7,4.9,.765,3.3,7.2,10.6,5.3,1.2,1.0,2.2,2.7,18.8,,2024-2025
Trey Murphy III,24,NOP,SF,15,13,34.1,6.3,14.7,.430,2.8,8.1,.344,3.5,6.6,.535,.525,3.3,3.7,.875,0.8,3.6,4.4,2.3,1.1,0.7,1.7,2.3,18.7,,2024-2025
Jamal Murray,27,DEN,PG,20,20,36.1,6.8,15.9,.428,2.1,5.9,.356,4.7,10.0,.470,.494,3.0,3.7,.811,0.5,3.5,3.9,6.3,1.5,0.6,2.0,1.8,18.7,,2024-2025
Gradey Dick,21,TOR,SG,23,23,32.4,6.2,14.8,.416,2.6,7.5,.349,3.6,7.3,.485,.504,3.5,4.0,.890,0.7,2.7,3.4,2.0,0.8,0.3,1.7,2.3,18.5,,2024-2025
Evan Mobley,23,CLE,PF,25,25,30.4,7.0,12.5,.564,0.9,2.2,.411,6.1,10.2,.598,.601,3.4,4.2,.808,2.2,6.7,8.9,2.6,1.1,1.5,2.2,2.1,18.4,,2024-2025
Michael Porter Jr.,26,DEN,SF,25,25,35.1,7.2,14.0,.513,2.3,6.0,.387,4.9,8.0,.607,.595,1.7,2.5,.683,1.6,5.5,7.1,2.8,0.9,0.4,1.3,2.2,18.4,,2024-2025
Tyrese Haliburton,24,IND,PG,28,28,35.4,6.1,14.4,.427,3.1,8.7,.354,3.1,5.7,.538,.533,2.6,3.1,.839,0.7,2.7,3.4,8.7,1.3,0.6,2.0,1.6,18.0,,2024-2025
Dennis Schröder,31,2TM,PG,24,24,33.1,6.2,14.0,.442,2.4,6.4,.377,3.8,7.6,.497,.528,3.0,3.5,.880,0.2,2.8,2.9,6.5,1.1,0.2,2.6,2.4,17.9,,2024-2025
Dennis Schröder,31,BRK,PG,23,23,33.6,6.4,14.1,.452,2.5,6.5,.387,3.9,7.6,.509,.542,3.1,3.5,.889,0.2,2.8,3.0,6.6,1.1,0.2,2.6,2.4,18.4,,2024-2025
Dennis Schröder,31,GSW,PG,1,1,22.0,2.0,12.0,.167,0.0,4.0,.000,2.0,8.0,.250,.167,1.0,2.0,.500,0.0,2.0,2.0,5.0,0.0,0.0,4.0,2.0,5.0,,2024-2025
John Collins,27,UTA,PF,25,16,29.8,6.5,12.3,.529,1.4,3.3,.439,5.1,9.0,.562,.588,3.4,3.8,.895,2.2,5.9,8.1,2.5,1.1,0.9,2.5,2.9,17.9,,2024-2025
Coby White,24,CHI,SG,26,26,32.7,5.9,14.2,.417,3.2,8.7,.363,2.8,5.5,.503,.528,2.9,3.3,.872,0.4,3.2,3.6,4.5,1.2,0.2,2.3,2.5,17.9,,2024-2025
Andrew Wiggins,29,GSW,SF,22,22,28.5,6.0,12.9,.470,2.4,5.3,.453,3.6,7.5,.482,.564,3.3,4.2,.774,1.5,2.7,4.2,2.3,0.9,0.7,1.1,1.7,17.8,,2024-2025
Bradley Beal,31,PHO,SG,16,16,33.3,6.8,13.5,.500,2.1,5.6,.367,4.7,7.9,.595,.576,2.1,2.6,.810,0.7,3.4,4.1,3.1,1.1,0.8,2.3,2.9,17.7,,2024-2025
Anfernee Simons,25,POR,SG,24,24,31.0,6.2,14.8,.418,2.5,7.7,.332,3.6,7.1,.512,.504,2.8,3.1,.905,0.3,2.3,2.6,4.8,0.9,0.1,2.3,1.9,17.7,,2024-2025
Mikal Bridges,28,NYK,SF,27,27,38.3,7.3,14.7,.494,2.3,6.7,.346,4.9,8.0,.619,.573,0.6,0.9,.667,1.0,2.6,3.6,3.3,1.0,0.5,1.6,1.4,17.4,,2024-2025
Jaden Ivey,22,DET,SG,25,25,30.4,6.1,14.0,.436,1.9,5.1,.367,4.2,8.9,.475,.503,3.2,4.3,.731,1.3,2.8,4.1,4.2,1.0,0.4,3.0,2.4,17.3,,2024-2025
Austin Reaves,26,LAL,SG,22,22,33.7,5.9,13.4,.437,2.7,7.5,.360,3.2,6.0,.534,.537,2.9,3.5,.808,0.8,2.9,3.7,5.0,1.1,0.2,2.1,2.3,17.3,,2024-2025
Shaedon Sharpe,21,POR,SG,19,17,30.6,6.2,14.3,.434,1.7,6.3,.269,4.5,8.1,.562,.493,3.2,3.9,.811,0.8,2.8,3.6,2.6,0.7,0.2,1.8,1.7,17.3,,2024-2025
Derrick White,30,BOS,SG,26,26,34.5,5.9,13.0,.451,3.7,9.3,.394,2.2,3.8,.592,.591,1.9,2.3,.847,1.2,3.7,4.9,4.8,1.1,1.1,1.4,2.2,17.3,,2024-2025
Bennedict Mathurin,22,IND,SG,28,23,32.9,5.8,12.4,.465,1.5,4.0,.372,4.3,8.3,.511,.526,4.2,4.9,.854,1.2,5.0,6.2,1.8,0.8,0.4,2.1,2.5,17.2,,2024-2025
Paul George,34,PHI,PF,14,14,31.6,6.2,14.2,.437,2.3,6.5,.352,3.9,7.7,.509,.518,2.4,3.1,.791,0.6,4.6,5.3,5.1,1.9,0.5,2.8,2.3,17.1,,2024-2025
Collin Sexton,26,UTA,SG,26,24,27.8,5.8,12.0,.486,1.8,4.1,.439,4.0,7.8,.510,.561,3.4,3.8,.889,0.8,1.8,2.6,3.3,0.7,0.1,2.6,2.3,16.8,,2024-2025
OG Anunoby,27,NYK,PF,27,27,36.6,6.3,13.2,.473,2.1,6.0,.352,4.1,7.2,.574,.553,2.0,2.5,.809,1.1,3.9,5.0,2.0,1.6,1.1,1.3,2.5,16.7,,2024-2025
Devin Vassell,24,SAS,SG,12,1,25.8,6.2,12.8,.481,2.6,6.0,.431,3.6,6.8,.524,.581,1.7,2.1,.800,0.5,1.8,2.3,2.7,1.0,0.3,1.7,2.0,16.6,,2024-2025
Malik Beasley,28,DET,SG,28,8,28.7,5.8,13.4,.430,3.8,9.2,.411,2.0,4.1,.474,.572,1.1,1.5,.714,0.6,2.5,3.1,2.0,0.7,0.1,1.1,1.3,16.4,,2024-2025
Miles Bridges,26,CHO,PF,14,14,29.7,6.0,14.1,.426,1.9,6.2,.299,4.1,7.9,.527,.492,2.6,3.1,.837,0.9,5.9,6.8,3.1,0.5,0.4,1.4,1.4,16.4,,2024-2025
Chet Holmgren,22,OKC,C,10,10,26.5,5.6,11.1,.505,1.4,3.7,.378,4.2,7.4,.568,.568,3.8,4.9,.776,1.6,7.1,8.7,2.0,0.8,2.6,2.3,1.8,16.4,,2024-2025
Dejounte Murray,28,NOP,PG,11,11,32.8,5.8,15.8,.368,1.5,5.4,.288,4.3,10.5,.409,.417,3.2,3.7,.854,0.4,6.0,6.4,6.9,2.0,0.5,4.2,2.5,16.4,,2024-2025
Payton Pritchard,27,BOS,PG,27,0,28.7,5.6,11.5,.482,3.9,9.0,.434,1.7,2.6,.652,.651,1.4,1.6,.841,1.3,2.4,3.7,3.3,1.0,0.1,1.1,1.7,16.4,,2024-2025
Bam Adebayo,27,MIA,C,24,24,35.0,6.2,13.9,.443,1.0,2.9,.333,5.2,11.0,.472,.478,2.9,4.0,.726,2.5,7.7,10.3,5.1,1.5,0.8,1.8,2.0,16.2,,2024-2025
Keyonte George,21,UTA,PG,25,25,31.6,5.4,13.7,.394,2.7,7.8,.349,2.7,5.9,.453,.493,2.7,3.3,.807,0.5,2.9,3.4,5.7,0.7,0.2,3.3,1.8,16.2,,2024-2025
Malik Monk,26,SAC,SG,21,8,29.3,5.8,12.8,.455,2.4,6.5,.372,3.4,6.2,.542,.550,2.1,2.5,.849,0.2,3.4,3.6,5.0,0.8,0.6,1.5,2.3,16.2,,2024-2025
Jerami Grant,30,POR,PF,25,25,33.0,5.2,13.4,.390,2.6,6.8,.379,2.7,6.7,.401,.485,2.9,3.6,.820,0.5,3.2,3.7,2.4,1.0,1.0,1.4,2.4,16.0,,2024-2025
Jalen Suggs,23,ORL,PG,28,28,30.0,5.6,13.8,.405,2.2,7.1,.310,3.4,6.6,.508,.486,2.7,2.9,.915,0.7,3.5,4.2,3.9,1.5,1.0,2.9,2.8,16.0,,2024-2025
Kyle Kuzma,29,WAS,PF,12,12,27.5,6.3,15.1,.420,1.3,4.8,.276,5.0,10.3,.488,.464,1.8,2.7,.688,0.7,4.9,5.6,1.9,0.4,0.3,2.4,1.9,15.8,,2024-2025
Jakob Poeltl,29,TOR,C,26,25,32.1,6.6,11.2,.589,0.0,0.1,.000,6.6,11.2,.593,.589,2.3,3.4,.682,3.9,7.1,11.0,2.7,1.1,1.2,2.2,3.5,15.5,,2024-2025
Jonathan Kuminga,22,GSW,PF,24,10,25.3,5.8,13.1,.441,1.2,3.7,.315,4.6,9.4,.491,.486,2.5,4.2,.594,1.2,3.2,4.4,2.0,1.0,0.6,1.6,2.1,15.3,,2024-2025
Jared McCain,20,PHI,SG,23,8,25.7,5.5,11.9,.460,2.2,5.8,.383,3.3,6.1,.532,.553,2.1,2.4,.875,0.6,1.9,2.4,2.6,0.7,0.0,1.6,1.6,15.3,,2024-2025
Immanuel Quickley,25,TOR,PG,3,3,22.7,5.3,14.0,.381,2.0,5.3,.375,3.3,8.7,.385,.452,2.7,3.0,.889,0.3,1.7,2.0,4.0,0.7,0.0,1.3,2.3,15.3,,2024-2025
Fred VanVleet,30,HOU,PG,25,25,35.4,5.3,14.1,.377,2.4,7.8,.303,3.0,6.3,.468,.460,2.2,2.7,.809,0.6,3.6,4.2,6.1,1.5,0.5,1.4,2.4,15.2,,2024-2025
Jordan Clarkson,32,UTA,SG,16,2,25.3,5.2,12.9,.403,1.9,5.9,.316,3.3,6.9,.477,.476,2.8,3.5,.804,0.6,2.7,3.3,3.8,0.9,0.2,2.4,1.5,15.1,,2024-2025
Jeremy Sochan,21,SAS,PF,14,11,29.2,6.0,11.4,.528,0.4,1.6,.217,5.6,9.7,.581,.544,2.7,3.9,.691,3.0,5.4,8.4,2.8,1.1,0.7,1.9,2.6,15.1,,2024-2025
Ivica Zubac,27,LAC,C,28,28,32.2,6.8,11.1,.610,0.0,0.0,,6.8,11.1,.610,.610,1.6,2.9,.537,3.9,8.4,12.3,2.5,0.6,1.0,1.9,2.0,15.1,,2024-2025
Christian Braun,23,DEN,SG,24,24,34.3,5.7,10.0,.564,1.1,2.7,.406,4.6,7.4,.621,.618,2.5,3.3,.782,1.1,3.8,4.9,1.8,1.3,0.7,1.3,2.3,15.0,,2024-2025
Myles Turner,28,IND,C,26,26,31.6,5.3,11.3,.473,2.1,5.1,.409,3.3,6.2,.525,.565,2.3,3.1,.738,1.2,5.8,7.0,1.6,0.8,2.1,2.4,3.2,15.0,,2024-2025
Malcolm Brogdon,32,WAS,PG,10,8,24.1,5.3,10.4,.510,1.0,2.6,.385,4.3,7.8,.551,.558,3.3,3.8,.868,1.0,3.0,4.0,2.9,0.5,0.3,1.6,2.0,14.9,,2024-2025
Desmond Bane,26,MEM,SG,20,19,28.1,5.5,12.2,.449,1.8,5.5,.330,3.7,6.7,.545,.523,1.8,2.1,.833,0.9,5.0,5.9,4.6,1.0,0.5,2.2,2.6,14.5,,2024-2025
Deandre Ayton,26,POR,C,18,18,30.4,6.6,12.0,.551,0.3,1.1,.263,6.3,10.9,.579,.563,0.8,1.3,.609,2.9,7.3,10.2,1.4,0.9,0.9,1.8,2.4,14.3,,2024-2025
Klay Thompson,34,DAL,SF,23,23,27.7,5.1,12.3,.415,3.0,8.0,.383,2.1,4.4,.475,.539,1.0,1.2,.889,0.7,2.8,3.6,1.9,0.7,0.3,1.2,1.3,14.3,,2024-2025
Aaron Gordon,29,DEN,PF,14,13,29.4,4.9,9.2,.527,1.3,3.0,.429,3.6,6.2,.575,.597,3.1,3.9,.782,1.9,4.2,6.1,3.3,0.4,0.2,1.5,1.7,14.1,,2024-2025
Josh Hart,29,NYK,SG,26,26,36.8,5.5,9.2,.594,1.4,3.4,.404,4.1,5.8,.707,.669,1.8,2.2,.821,1.5,6.7,8.2,5.5,1.5,0.3,1.8,2.3,14.1,,2024-2025
Buddy Hield,32,GSW,SG,26,5,23.9,5.0,11.0,.453,3.2,7.5,.423,1.8,3.6,.516,.596,0.9,1.0,.923,0.6,2.8,3.4,1.3,0.9,0.3,1.3,2.0,14.1,,2024-2025
Tre Mann,23,CHO,PG,13,0,24.5,5.4,12.4,.435,1.8,4.6,.400,3.5,7.8,.455,.509,1.5,1.6,.905,0.9,2.0,2.9,3.0,0.5,0.3,1.9,1.8,14.1,,2024-2025
Tobias Harris,32,DET,PF,26,26,32.2,5.2,11.7,.439,1.5,4.4,.333,3.7,7.3,.503,.502,1.9,2.2,.845,1.1,5.8,6.9,2.4,0.8,0.9,1.2,2.0,13.7,,2024-2025
Jarrett Allen,26,CLE,C,27,27,29.7,5.5,7.9,.695,0.0,0.0,.000,5.5,7.9,.698,.695,2.6,3.6,.732,2.3,8.0,10.3,1.9,1.0,0.9,1.0,1.2,13.6,,2024-2025
Santi Aldama,24,MEM,PF,28,11,26.5,5.3,10.4,.514,1.8,4.5,.389,3.6,5.9,.610,.598,1.1,1.4,.775,1.6,5.9,7.5,3.0,0.9,0.5,1.3,1.1,13.5,,2024-2025
Moritz Wagner,27,ORL,C,29,1,19.4,4.8,8.6,.562,0.9,2.6,.360,3.9,6.0,.649,.616,2.7,3.8,.718,1.4,3.7,5.1,1.4,0.8,0.4,1.7,1.9,13.3,,2024-2025
Dillon Brooks,29,HOU,SF,27,27,31.4,4.9,11.4,.427,2.3,5.8,.389,2.6,5.6,.467,.526,1.1,1.3,.833,1.3,2.6,3.9,1.6,0.6,0.3,1.0,3.4,13.1,,2024-2025
Kelly Oubre Jr.,29,PHI,SF,24,21,31.9,5.0,11.1,.453,1.3,4.3,.308,3.7,6.8,.546,.513,1.7,2.3,.741,1.7,4.1,5.8,1.5,1.3,0.5,1.4,3.0,13.1,,2024-2025
Bobby Portis,29,MIL,PF,24,1,24.1,5.5,11.5,.478,1.2,3.3,.367,4.3,8.2,.523,.531,0.9,1.2,.724,1.8,5.9,7.7,1.7,0.5,0.6,1.2,1.5,13.1,,2024-2025
Dyson Daniels,21,ATL,SG,26,26,33.7,5.5,12.2,.447,1.1,3.8,.296,4.3,8.5,.514,.492,1.0,1.6,.610,1.7,3.4,5.1,3.3,2.9,0.9,1.8,2.8,13.0,,2024-2025
Ayo Dosunmu,25,CHI,SG,28,15,30.6,5.1,10.1,.500,1.4,4.1,.336,3.7,6.0,.613,.569,1.5,1.9,.808,0.6,3.3,3.9,4.6,0.8,0.5,1.3,2.3,13.0,,2024-2025
Bilal Coulibaly,20,WAS,SF,24,24,34.9,4.6,10.6,.437,1.2,3.8,.308,3.5,6.8,.509,.492,2.4,3.0,.795,1.5,4.0,5.5,3.4,1.5,0.8,2.1,2.6,12.8,,2024-2025
P.J. Washington,26,DAL,PF,21,20,32.8,4.6,10.2,.451,1.5,4.0,.386,3.1,6.3,.492,.526,2.0,2.7,.750,1.5,6.6,8.1,2.3,1.3,1.2,1.7,2.0,12.8,,2024-2025
Julian Champagnie,23,SAS,SF,27,26,29.5,4.3,10.1,.427,2.6,7.3,.355,1.7,2.9,.610,.555,1.3,1.5,.900,0.9,4.3,5.1,1.5,0.9,0.6,1.0,1.6,12.6,,2024-2025
Keldon Johnson,25,SAS,SF,24,0,25.5,4.7,10.3,.452,1.1,3.9,.290,3.5,6.5,.548,.506,2.1,2.8,.761,1.2,4.2,5.3,1.7,0.8,0.2,0.8,1.7,12.6,,2024-2025
Deni Avdija,24,POR,SF,27,12,26.4,4.1,9.3,.442,1.4,3.9,.368,2.7,5.4,.497,.520,2.9,3.6,.794,1.2,4.5,5.7,3.0,0.9,0.7,2.0,2.0,12.5,,2024-2025
Isaiah Hartenstein,26,OKC,C,11,10,30.4,5.5,9.5,.577,0.0,0.4,.000,5.5,9.1,.600,.577,1.5,2.5,.630,3.0,9.3,12.3,4.1,1.0,1.2,2.3,3.2,12.5,,2024-2025
Tyus Jones,28,PHO,PG,26,26,32.0,4.8,9.8,.486,2.3,5.5,.430,2.4,4.3,.558,.606,0.7,0.8,.850,0.6,2.0,2.6,6.9,1.0,0.1,1.1,1.1,12.5,,2024-2025
D'Angelo Russell,28,LAL,PG,26,10,26.5,4.5,10.9,.413,2.0,5.9,.333,2.5,5.0,.508,.504,1.5,1.8,.851,0.3,2.5,2.8,4.7,0.9,0.2,1.8,1.9,12.5,,2024-2025
Jordan Hawkins,22,NOP,SG,12,3,26.6,4.1,11.1,.368,1.9,5.8,.333,2.2,5.3,.406,.455,2.3,2.6,.903,0.4,3.2,3.6,1.2,0.3,0.4,1.2,1.0,12.4,,2024-2025
Jrue Holiday,34,BOS,PG,24,24,30.6,4.4,10.1,.438,1.8,5.5,.323,2.6,4.5,.578,.527,1.7,1.9,.889,1.1,3.0,4.1,4.0,0.8,0.4,1.4,1.4,12.3,,2024-2025
Caris LeVert,30,CLE,SF,21,0,24.4,4.2,8.0,.530,1.9,3.8,.488,2.4,4.2,.568,.646,2.0,2.9,.683,0.5,2.4,2.9,4.2,1.0,0.5,1.3,1.3,12.3,,2024-2025
Keegan Murray,24,SAC,PF,27,27,36.3,4.8,11.3,.426,1.7,5.5,.304,3.1,5.8,.541,.500,1.0,1.2,.844,2.4,5.3,7.7,1.5,0.7,0.9,1.0,3.0,12.3,,2024-2025
Brandon Boston Jr.,23,NOP,SG,25,10,27.4,4.5,10.4,.435,1.4,4.0,.343,3.2,6.4,.491,.500,1.7,2.1,.827,0.7,2.9,3.6,3.2,1.5,0.2,1.5,1.8,12.1,,2024-2025
Rui Hachimura,26,LAL,PF,22,22,33.2,4.5,9.4,.478,1.5,3.4,.432,3.0,6.0,.504,.556,1.7,2.1,.804,1.8,3.7,5.5,1.7,1.0,0.6,1.0,2.0,12.1,,2024-2025
Herbert Jones,26,NOP,SF,10,10,32.4,4.4,9.7,.454,1.4,4.4,.318,3.0,5.3,.566,.526,1.9,2.4,.792,1.1,2.7,3.8,2.3,1.8,0.4,1.8,2.9,12.1,,2024-2025
Daniel Gafford,26,DAL,C,26,12,20.4,5.1,7.0,.721,0.0,0.0,,5.1,7.0,.721,.721,1.8,2.8,.667,2.7,3.7,6.4,1.3,0.5,1.2,1.0,2.5,12.0,,2024-2025
Josh Giddey,22,CHI,PG,27,27,27.1,4.5,10.0,.452,1.2,3.7,.327,3.3,6.3,.527,.513,1.6,2.3,.710,1.2,5.2,6.4,6.9,1.0,0.4,2.7,1.5,11.9,,2024-2025
Jabari Smith Jr.,21,HOU,PF,27,27,30.7,4.1,9.4,.439,1.8,4.9,.364,2.4,4.6,.520,.533,1.8,2.1,.857,1.7,4.9,6.6,1.1,0.3,0.9,0.7,2.4,11.9,,2024-2025
Ochai Agbaji,24,TOR,SG,28,26,31.0,4.7,8.9,.528,1.8,4.1,.447,2.9,4.8,.597,.631,0.6,0.9,.667,0.9,3.2,4.1,1.9,1.0,0.5,0.8,2.4,11.8,,2024-2025
Naji Marshall,27,DAL,SF,22,7,24.3,4.7,8.8,.536,0.8,2.7,.305,3.9,6.1,.637,.582,1.5,1.7,.868,1.1,2.4,3.5,2.3,1.0,0.1,1.5,1.5,11.8,,2024-2025
Naz Reid,25,MIN,C,26,0,24.5,4.3,9.7,.442,1.7,4.9,.346,2.6,4.8,.540,.530,1.6,1.8,.875,0.6,4.6,5.2,1.6,0.7,0.8,1.2,2.3,11.8,,2024-2025
Amen Thompson,22,HOU,SF,27,2,27.0,4.5,8.1,.553,0.3,1.1,.290,4.1,7.0,.596,.573,2.5,3.6,.694,2.2,4.6,6.9,2.1,1.1,1.0,1.8,2.4,11.8,,2024-2025
Jonas Valančiūnas,32,WAS,C,25,6,19.6,4.7,8.5,.557,0.1,0.5,.154,4.6,8.0,.583,.561,2.2,2.4,.918,2.2,5.4,7.6,2.2,0.3,0.8,1.8,1.6,11.8,,2024-2025
Terry Rozier,30,MIA,PG,22,12,28.7,4.1,10.3,.398,1.9,5.3,.350,2.2,5.0,.450,.489,1.7,1.9,.902,0.7,3.2,3.9,3.1,0.6,0.4,1.5,1.5,11.7,,2024-2025
Bogdan Bogdanović,32,ATL,SG,13,0,25.5,4.0,9.8,.406,2.2,6.5,.341,1.8,3.3,.535,.520,1.4,1.5,.947,0.7,2.7,3.4,2.2,0.9,0.3,1.7,2.5,11.6,,2024-2025
Russell Westbrook,36,DEN,PG,25,6,25.5,4.1,9.9,.417,1.2,3.6,.333,2.9,6.3,.465,.478,2.2,3.5,.625,0.9,3.2,4.1,6.5,1.6,0.6,2.5,2.5,11.6,,2024-2025
Stephon Castle,20,SAS,PG,26,17,27.0,4.0,10.7,.375,1.1,4.2,.269,2.9,6.5,.444,.428,2.4,3.3,.733,0.7,1.8,2.5,3.8,0.9,0.4,1.9,1.7,11.5,,2024-2025
Jaylen Wells,21,MEM,SG,28,23,24.4,4.1,8.9,.464,1.8,4.5,.402,2.3,4.4,.528,.566,1.4,1.7,.809,0.9,2.4,3.3,1.7,0.4,0.2,1.2,1.8,11.5,,2024-2025
Tari Eason,23,HOU,PF,24,0,22.8,4.4,9.2,.475,1.0,3.0,.315,3.4,6.2,.554,.527,1.5,2.0,.755,2.1,4.2,6.3,1.0,1.9,1.0,0.8,2.5,11.3,,2024-2025
T.J. McConnell,32,IND,PG,27,0,19.8,5.1,9.0,.566,0.1,0.5,.214,5.0,8.5,.587,.572,0.9,1.2,.758,0.6,1.9,2.5,4.2,1.3,0.3,1.6,1.1,11.3,,2024-2025
Onyeka Okongwu,24,ATL,C,25,0,23.8,4.4,8.1,.542,0.4,1.6,.244,4.0,6.5,.617,.567,2.1,2.7,.779,2.5,4.1,6.6,1.4,0.7,0.7,0.8,2.2,11.3,,2024-2025
Brook Lopez,36,MIL,C,25,25,32.7,4.2,8.9,.475,1.8,5.0,.357,2.4,3.9,.629,.576,1.0,1.4,.706,1.2,3.7,4.9,1.6,1.0,2.1,1.2,2.5,11.2,,2024-2025
Alex Sarr,19,WAS,C,23,23,27.1,4.3,10.9,.392,1.3,4.5,.279,3.0,6.3,.473,.450,1.4,2.3,.635,2.1,4.3,6.4,2.1,0.7,1.9,1.5,2.8,11.2,,2024-2025
Justin Champagnie,23,WAS,SF,8,5,25.9,4.5,8.1,.554,1.1,3.4,.333,3.4,4.8,.711,.623,1.0,1.5,.667,2.6,4.0,6.6,1.4,1.4,0.6,0.9,2.3,11.1,,2024-2025
Zach Edey,22,MEM,C,16,10,20.6,4.6,7.4,.619,0.4,0.8,.583,4.1,6.6,.623,.648,1.5,2.3,.667,3.4,3.8,7.2,1.0,0.8,1.1,1.7,3.3,11.1,,2024-2025
Royce O'Neale,31,PHO,SF,26,7,26.2,3.9,8.5,.462,2.6,5.7,.463,1.3,2.8,.459,.615,0.6,0.8,.762,1.1,4.8,5.9,2.2,0.9,0.6,1.0,2.3,11.1,,2024-2025
Nick Richards,27,CHO,C,12,8,24.1,3.8,6.4,.597,0.0,0.1,.000,3.8,6.3,.605,.597,3.4,4.8,.707,2.8,6.3,9.1,1.4,0.5,1.5,1.7,2.7,11.1,,2024-2025
Duncan Robinson,30,MIA,SF,23,12,22.6,4.0,9.5,.422,2.5,6.4,.385,1.5,3.0,.500,.553,0.7,0.8,.833,0.3,1.9,2.2,2.2,0.5,0.1,1.0,2.1,11.1,,2024-2025
Harrison Barnes,32,SAS,PF,27,27,28.6,3.6,7.6,.480,1.5,3.5,.426,2.1,4.1,.527,.578,2.3,2.8,.803,1.6,2.5,4.1,1.7,0.3,0.2,0.7,0.9,11.0,,2024-2025
DaQuan Jeffries,27,CHO,SG,3,0,20.3,4.3,6.7,.650,2.0,3.3,.600,2.3,3.3,.700,.800,0.3,0.7,.500,1.0,2.7,3.7,1.0,0.3,0.3,0.7,1.3,11.0,,2024-2025
Corey Kispert,25,WAS,SF,20,0,27.2,4.1,9.6,.422,1.9,5.9,.325,2.2,3.8,.573,.521,1.0,1.2,.833,0.4,3.1,3.5,1.5,0.6,0.2,1.2,1.7,11.0,,2024-2025
Walker Kessler,23,UTA,C,20,20,29.4,4.7,6.6,.718,0.1,0.1,1.000,4.6,6.5,.713,.725,1.4,2.4,.583,4.0,6.7,10.6,1.6,0.5,2.9,1.5,2.1,10.9,,2024-2025
Grayson Allen,29,PHO,SG,22,1,24.1,3.4,8.3,.407,2.3,6.0,.379,1.1,2.3,.480,.544,1.8,2.2,.833,0.7,2.5,3.2,1.8,0.9,0.3,1.0,1.5,10.8,,2024-2025
Dorian Finney-Smith,31,BRK,PF,19,19,29.1,3.8,8.0,.474,2.5,5.5,.452,1.3,2.5,.521,.628,0.8,1.2,.652,1.5,2.8,4.3,1.6,0.9,0.6,0.9,2.8,10.8,,2024-2025
Zaccharie Risacher,19,ATL,SF,28,26,23.6,4.0,10.1,.394,1.2,4.3,.273,2.8,5.8,.485,.452,1.6,2.4,.682,1.1,2.2,3.4,1.1,0.9,0.7,1.1,2.1,10.8,,2024-2025
Obi Toppin,26,IND,PF,27,0,20.4,4.2,7.6,.549,1.3,3.7,.360,2.9,3.9,.726,.636,1.1,1.2,.879,0.7,3.4,4.1,1.8,0.8,0.4,0.7,1.6,10.8,,2024-2025
Jose Alvarado,26,NOP,PG,11,7,25.6,3.6,9.2,.396,2.2,5.5,.400,1.5,3.7,.390,.515,1.3,1.5,.824,0.5,1.6,2.2,4.5,1.5,0.3,1.3,2.4,10.7,,2024-2025
Scoot Henderson,20,POR,PG,20,3,25.7,3.8,9.8,.388,0.9,3.3,.273,2.9,6.5,.446,.434,2.2,2.8,.782,0.7,2.1,2.8,5.0,0.9,0.2,2.8,2.6,10.7,,2024-2025
Ty Jerome,27,CLE,SG,26,2,18.0,3.9,7.2,.537,1.3,2.9,.447,2.6,4.3,.598,.628,1.6,1.7,.911,0.5,1.5,2.0,3.5,1.3,0.0,1.2,1.5,10.7,,2024-2025
Miles McBride,24,NYK,PG,22,0,25.4,3.8,8.4,.449,2.1,5.0,.423,1.6,3.4,.486,.576,1.0,1.2,.846,0.6,2.0,2.6,3.0,0.9,0.2,1.0,1.6,10.7,,2024-2025
Amir Coffey,27,LAC,SG,27,8,24.6,3.8,7.5,.502,1.7,3.9,.434,2.1,3.6,.577,.616,1.3,1.6,.814,0.6,2.0,2.6,1.3,0.6,0.1,0.7,1.6,10.6,,2024-2025
Grant Williams,26,CHO,PF,16,7,29.9,3.4,7.7,.439,1.7,4.6,.365,1.7,3.1,.551,.549,1.9,2.3,.838,1.1,4.0,5.1,2.3,1.1,0.8,1.8,2.9,10.4,,2024-2025
Rudy Gobert,32,MIN,C,26,26,34.0,3.9,6.1,.635,0.0,0.0,,3.9,6.1,.635,.635,2.5,3.4,.742,3.3,7.5,10.7,1.9,0.8,1.4,1.6,2.8,10.3,,2024-2025
Dalton Knecht,23,LAL,SF,27,12,23.1,3.9,8.3,.464,1.9,5.0,.370,2.0,3.3,.607,.576,0.7,1.0,.714,0.6,3.0,3.6,1.1,0.5,0.0,0.6,1.5,10.3,,2024-2025
De'Anthony Melton,26,GSW,SG,6,2,20.2,3.7,9.0,.407,2.2,5.8,.371,1.5,3.2,.474,.528,0.8,1.3,.625,1.0,2.3,3.3,2.8,1.2,0.3,1.7,3.0,10.3,,2024-2025
Jaden McDaniels,24,MIN,PF,26,26,30.0,4.0,9.1,.445,1.3,3.9,.327,2.8,5.2,.533,.515,0.8,1.2,.710,1.2,3.0,4.3,1.8,1.3,0.8,1.0,2.9,10.2,,2024-2025
Scotty Pippen Jr.,24,MEM,PG,28,10,22.3,3.9,8.4,.466,0.9,2.9,.325,3.0,5.6,.538,.521,1.4,2.0,.684,0.6,2.9,3.5,5.1,1.0,0.4,2.0,2.5,10.2,,2024-2025
Clint Capela,30,ATL,C,28,28,23.0,4.5,7.8,.581,0.0,0.0,,4.5,7.8,.581,.581,1.0,1.9,.537,3.6,5.8,9.4,1.3,0.6,1.0,0.8,2.1,10.0,,2024-2025
Derrick Jones Jr.,27,LAC,SF,26,26,24.8,3.8,7.6,.505,1.2,2.8,.432,2.6,4.8,.548,.586,1.0,1.2,.871,1.2,2.1,3.3,0.9,1.3,0.3,1.0,2.1,10.0,,2024-2025
Mark Williams,23,CHO,C,6,3,14.0,4.2,6.5,.641,0.0,0.0,,4.2,6.5,.641,.641,1.7,2.3,.714,2.3,3.2,5.5,1.5,0.3,1.0,0.5,1.5,10.0,,2024-2025
Luguentz Dort,25,OKC,SF,26,26,29.3,3.3,8.2,.407,2.2,5.5,.392,1.2,2.7,.437,.537,1.1,1.3,.800,1.5,3.3,4.8,1.8,1.3,0.8,0.6,3.1,9.9,,2024-2025
Dalano Banton,25,POR,PG,24,0,16.7,3.5,8.3,.422,1.3,3.5,.365,2.2,4.8,.465,.500,1.5,2.3,.667,0.4,1.9,2.3,2.6,0.9,0.5,1.7,1.1,9.8,,2024-2025
Tim Hardaway Jr.,32,DET,SG,25,25,27.8,3.2,8.0,.405,1.9,5.4,.346,1.4,2.6,.531,.523,1.4,1.7,.857,0.2,1.9,2.1,1.6,0.4,0.0,0.7,1.4,9.8,,2024-2025
Kevin Huerter,26,SAC,SG,24,15,25.6,3.7,8.6,.432,1.8,5.8,.317,1.9,2.8,.672,.539,0.5,0.8,.684,0.4,3.1,3.5,2.0,1.0,0.5,1.1,2.3,9.8,,2024-2025
Larry Nance Jr.,32,ATL,PF,11,2,17.8,3.8,6.1,.627,1.9,3.2,.600,1.9,2.9,.656,.784,0.3,0.4,.750,1.2,2.4,3.5,1.5,0.9,0.4,0.4,1.5,9.8,,2024-2025
Nickeil Alexander-Walker,26,MIN,SG,26,2,23.8,3.5,7.0,.505,1.7,3.8,.434,1.9,3.2,.590,.624,1.0,1.3,.765,0.7,2.0,2.7,2.5,0.9,0.3,1.4,1.6,9.7,,2024-2025
Chris Boucher,32,TOR,PF,25,0,18.1,3.5,7.8,.449,1.0,3.8,.266,2.5,4.1,.618,.513,1.7,2.2,.750,1.4,3.2,4.6,0.6,0.5,0.8,0.6,1.4,9.7,,2024-2025
Chris Paul,39,SAS,PG,27,27,28.4,3.3,7.6,.434,1.8,4.9,.364,1.5,2.7,.562,.551,1.3,1.3,1.000,0.6,3.6,4.1,8.4,1.5,0.2,1.9,1.9,9.7,,2024-2025
Kevin Porter Jr.,24,LAC,SG,25,1,20.0,3.9,9.4,.413,0.6,2.6,.231,3.3,6.8,.482,.445,1.2,1.9,.638,0.7,3.0,3.6,3.0,1.0,0.3,2.2,1.6,9.6,,2024-2025
Patrick Williams,23,CHI,PF,18,17,27.3,3.2,8.8,.365,1.8,4.8,.368,1.4,4.0,.361,.465,1.4,1.6,.862,1.0,3.6,4.6,2.1,0.9,0.6,1.7,1.4,9.6,,2024-2025
Nic Claxton,25,BRK,C,21,13,24.6,4.2,6.8,.622,0.0,0.2,.250,4.2,6.6,.633,.626,1.0,2.0,.465,2.0,5.5,7.4,2.1,0.7,1.2,1.1,2.4,9.5,,2024-2025
Toumani Camara,24,POR,PF,27,27,30.6,3.4,8.0,.429,1.6,4.3,.371,1.9,3.7,.495,.528,0.8,1.1,.733,2.1,3.1,5.2,2.0,1.4,0.5,1.6,2.9,9.3,,2024-2025
Yves Missi,20,NOP,C,27,21,26.0,3.7,6.7,.552,0.0,0.0,,3.7,6.7,.552,.552,1.9,2.9,.646,3.9,4.7,8.6,1.2,0.7,1.2,1.1,2.2,9.3,,2024-2025
Andrew Nembhard,25,IND,SG,14,14,26.1,3.4,7.4,.452,0.6,2.1,.310,2.7,5.4,.507,.495,1.9,2.2,.871,0.2,2.1,2.4,4.7,0.9,0.0,1.6,1.7,9.3,,2024-2025
Jusuf Nurkić,30,PHO,C,19,19,25.0,3.2,7.1,.452,0.7,2.6,.280,2.5,4.5,.553,.504,2.2,3.2,.683,1.9,8.1,10.0,1.3,0.9,0.7,2.4,3.0,9.3,,2024-2025
Aaron Nesmith,25,IND,SF,6,6,22.7,3.2,6.0,.528,1.0,1.8,.545,2.2,4.2,.520,.611,1.8,2.2,.846,0.7,3.3,4.0,1.0,0.7,0.3,0.8,4.0,9.2,,2024-2025
Marcus Smart,30,MEM,PG,17,6,21.9,2.9,8.1,.365,1.6,4.9,.325,1.4,3.2,.426,.464,1.7,2.1,.829,0.8,1.6,2.5,3.9,1.3,0.4,2.0,1.7,9.2,,2024-2025
Julian Strawther,22,DEN,SG,25,0,20.6,3.2,6.8,.468,1.4,3.4,.395,1.8,3.4,.541,.567,1.4,1.7,.814,0.3,1.8,2.1,1.4,0.7,0.4,0.9,2.5,9.2,,2024-2025
Guerschon Yabusele,29,PHI,PF,24,10,23.8,3.3,7.0,.476,1.4,3.8,.374,1.9,3.2,.597,.577,1.1,1.8,.614,1.7,3.7,5.3,1.8,0.6,0.4,1.3,2.6,9.2,,2024-2025
Goga Bitadze,25,ORL,C,24,21,23.7,3.8,6.0,.634,0.0,0.5,.000,3.8,5.5,.692,.634,1.5,1.9,.778,2.9,5.0,7.8,2.0,0.8,1.6,1.5,2.5,9.1,,2024-2025
Jay Huff,26,MEM,C,27,1,15.2,3.2,6.2,.515,1.6,4.0,.411,1.6,2.2,.700,.647,1.1,1.5,.756,0.6,2.1,2.8,0.8,0.3,1.2,0.6,1.7,9.1,,2024-2025
Trentyn Flowers,19,LAC,SF,1,0,14.0,4.0,9.0,.444,0.0,2.0,.000,4.0,7.0,.571,.444,1.0,1.0,1.000,1.0,3.0,4.0,0.0,0.0,0.0,1.0,3.0,9.0,,2024-2025
Peyton Watson,22,DEN,SF,25,12,24.3,3.3,6.6,.494,0.8,2.2,.370,2.5,4.5,.554,.554,1.7,2.2,.764,1.0,2.3,3.3,1.2,0.8,0.9,0.8,2.1,9.0,,2024-2025
Jalen Wilson,24,BRK,PF,26,6,25.4,3.0,7.4,.404,1.4,4.2,.336,1.6,3.2,.494,.500,1.6,1.9,.840,1.0,2.3,3.3,1.8,0.5,0.0,0.9,2.3,9.0,,2024-2025
Draymond Green,34,GSW,PF,24,22,28.2,3.0,7.0,.431,1.5,3.7,.393,1.5,3.3,.474,.536,1.4,2.2,.642,0.9,5.0,6.0,5.6,1.0,0.9,2.5,3.3,8.9,,2024-2025
Al Horford,38,BOS,C,20,18,27.7,3.3,7.1,.461,2.1,5.2,.398,1.2,1.9,.632,.606,0.3,0.3,1.000,1.0,4.4,5.3,2.3,0.7,1.0,1.0,1.7,8.9,,2024-2025
Dereck Lively II,20,DAL,C,22,15,24.0,3.6,5.2,.702,0.0,0.0,,3.6,5.2,.702,.702,1.6,2.7,.610,3.0,4.7,7.7,2.4,0.5,1.6,1.3,2.9,8.9,,2024-2025
Gary Trent Jr.,26,MIL,SG,23,7,25.8,3.0,7.4,.404,2.0,5.0,.388,1.0,2.4,.436,.535,1.0,1.1,.880,0.1,1.8,2.0,1.0,0.9,0.0,0.5,2.3,8.9,,2024-2025
Aaron Wiggins,26,OKC,SG,26,8,20.3,3.5,7.7,.450,1.4,3.5,.402,2.0,4.2,.491,.543,0.6,0.7,.789,0.9,2.4,3.3,1.5,0.9,0.3,0.8,1.3,8.9,,2024-2025
Jalen Duren,21,DET,C,25,25,24.3,3.6,5.3,.684,0.0,0.0,,3.6,5.3,.684,.684,1.6,2.7,.582,3.1,6.0,9.1,2.3,0.5,1.2,2.0,3.2,8.8,,2024-2025
Quentin Grimes,24,DAL,SG,25,9,20.6,3.0,6.4,.469,1.5,3.7,.409,1.5,2.7,.552,.588,1.3,1.8,.711,0.6,3.0,3.6,1.5,0.8,0.2,1.2,1.8,8.8,,2024-2025
Jaime Jaquez Jr.,23,MIA,SF,20,1,21.1,3.3,7.9,.420,0.5,2.0,.250,2.8,5.9,.479,.452,1.7,2.4,.723,1.4,3.5,4.8,2.3,1.0,0.1,1.5,1.6,8.8,,2024-2025
Isaiah Joe,25,OKC,SG,24,9,21.2,3.1,7.5,.413,2.2,5.8,.379,0.9,1.6,.538,.561,0.4,0.5,.769,0.5,2.2,2.7,1.6,0.7,0.3,0.5,1.7,8.8,,2024-2025
Georges Niang,31,CLE,PF,27,1,20.8,3.4,7.1,.476,1.7,4.6,.363,1.7,2.5,.687,.594,0.4,0.5,.786,0.8,3.3,4.1,1.3,0.3,0.2,1.0,2.3,8.8,,2024-2025
Anthony Black,21,ORL,PG,29,1,24.3,3.1,7.3,.422,0.7,2.5,.264,2.4,4.8,.504,.467,1.9,2.6,.720,0.5,2.2,2.7,3.8,1.0,0.8,2.2,2.1,8.7,,2024-2025
Carlton Carrington,19,WAS,PG,25,17,29.3,3.2,8.4,.384,1.4,4.5,.321,1.8,4.0,.455,.469,0.8,1.0,.800,0.4,4.2,4.6,4.0,0.9,0.3,2.0,3.1,8.7,,2024-2025
Caleb Martin,29,PHI,SF,20,15,29.1,3.0,7.4,.405,0.8,2.6,.294,2.3,4.9,.464,.456,2.0,2.9,.672,1.4,3.3,4.6,2.3,1.0,0.5,1.8,1.7,8.7,,2024-2025
Cody Martin,29,CHO,SF,27,5,26.3,3.3,7.4,.445,1.2,3.7,.327,2.1,3.7,.566,.528,0.9,1.3,.686,1.1,3.6,4.7,2.2,1.1,0.7,1.1,2.0,8.7,,2024-2025
Sam Hauser,27,BOS,PF,21,2,22.4,3.1,7.2,.437,2.2,6.0,.373,0.9,1.2,.760,.593,0.1,0.1,1.000,0.9,2.7,3.5,1.0,0.9,0.2,0.4,1.2,8.6,,2024-2025
Ziaire Williams,23,BRK,SF,21,7,21.9,3.0,7.6,.403,0.9,3.1,.273,2.2,4.4,.495,.459,1.7,2.1,.795,1.0,3.3,4.4,1.1,1.0,0.3,0.9,2.7,8.6,,2024-2025
Mike Conley,37,MIN,PG,22,22,25.4,2.6,7.5,.343,1.9,5.2,.365,0.7,2.3,.294,.470,1.4,1.5,.909,0.5,2.4,3.0,4.6,1.5,0.3,1.4,1.6,8.5,,2024-2025
Donte DiVincenzo,28,MIN,SG,26,2,24.8,3.0,8.2,.362,2.1,6.4,.325,0.9,1.8,.489,.488,0.5,0.7,.778,0.3,2.8,3.2,3.4,1.2,0.2,1.7,1.5,8.5,,2024-2025
Jake LaRavia,23,MEM,PF,28,0,22.9,3.0,6.0,.494,0.9,2.2,.419,2.0,3.8,.538,.571,1.6,2.3,.719,1.4,3.2,4.5,3.4,0.9,0.6,1.5,2.2,8.5,,2024-2025
Jaylen Nowell,25,NOP,SG,8,0,21.0,3.3,9.1,.356,1.0,3.4,.296,2.3,5.8,.391,.411,0.9,1.4,.636,0.8,1.8,2.5,2.3,0.1,0.5,1.0,1.1,8.4,,2024-2025
Spencer Dinwiddie,31,DAL,PG,25,1,22.0,2.4,6.2,.394,1.3,3.6,.352,1.2,2.6,.453,.497,2.1,2.5,.855,0.2,1.7,1.9,3.2,0.8,0.3,0.8,1.5,8.3,,2024-2025
Trendon Watford,24,BRK,PF,13,0,16.1,2.7,6.1,.443,0.6,2.0,.308,2.1,4.1,.509,.494,2.3,2.7,.857,0.3,2.5,2.8,1.2,0.4,0.3,1.2,2.3,8.3,,2024-2025
Robert Williams,27,POR,C,9,1,17.6,3.4,4.7,.738,0.1,0.2,.500,3.3,4.4,.750,.750,1.3,1.4,.923,1.9,3.6,5.4,1.3,0.9,1.4,0.9,1.0,8.3,,2024-2025
Kentavious Caldwell-Pope,31,ORL,SG,28,28,30.4,2.8,7.1,.395,1.4,4.7,.303,1.4,2.4,.574,.495,1.1,1.3,.886,0.4,1.6,2.0,1.9,1.6,0.6,0.8,2.1,8.2,,2024-2025
Bones Hyland,24,LAC,PG,12,0,11.4,2.5,6.1,.411,1.9,4.3,.442,0.6,1.8,.333,.568,1.3,1.5,.833,0.3,0.8,1.1,1.2,0.9,0.3,1.3,1.3,8.2,,2024-2025
Brandin Podziemski,21,GSW,SG,25,8,24.5,3.2,8.1,.396,1.0,3.7,.258,2.2,4.4,.514,.455,0.9,1.2,.733,1.0,3.6,4.6,3.5,0.8,0.3,1.2,1.6,8.2,,2024-2025
A.J. Green,25,MIL,SG,24,3,21.1,2.7,5.7,.478,2.5,5.2,.476,0.3,0.5,.500,.695,0.2,0.3,.833,0.2,2.0,2.1,1.0,0.5,0.1,0.7,2.1,8.1,,2024-2025
Nikola Jović,21,MIA,PF,15,8,18.6,2.9,6.1,.467,1.1,3.1,.348,1.8,3.1,.587,.554,1.3,1.8,.741,0.5,3.2,3.7,1.3,0.9,0.1,0.5,1.4,8.1,,2024-2025
Tristan Da Silva,23,ORL,SF,25,18,23.7,3.0,7.3,.418,1.2,3.6,.337,1.8,3.7,.495,.500,0.7,1.0,.708,1.0,2.5,3.6,1.4,0.4,0.2,0.8,1.5,8.0,,2024-2025
Brice Sensabaugh,21,UTA,SF,20,0,16.6,2.8,6.1,.459,1.7,4.0,.413,1.2,2.1,.548,.594,0.7,0.8,.867,0.7,1.8,2.4,1.2,0.6,0.1,1.6,1.1,7.9,,2024-2025
Jalen Smith,24,CHI,C,25,1,15.4,2.7,5.9,.456,1.2,3.3,.366,1.5,2.6,.569,.558,1.3,1.7,.786,1.4,3.9,5.4,0.8,0.4,0.8,0.6,1.6,7.9,,2024-2025
Andre Drummond,31,PHI,C,21,13,20.5,3.1,6.0,.520,0.0,0.4,.125,3.1,5.7,.546,.524,1.5,2.6,.574,3.0,5.5,8.6,0.5,1.4,0.4,1.8,2.4,7.8,,2024-2025
Garrison Mathews,28,ATL,SG,19,1,18.1,2.3,5.2,.434,1.9,4.4,.446,0.3,0.8,.375,.621,1.4,1.6,.839,0.2,0.9,1.1,1.4,0.7,0.2,0.5,1.8,7.8,,2024-2025
Taurean Prince,30,MIL,SF,25,25,26.6,2.8,5.8,.479,1.9,3.6,.516,0.9,2.1,.415,.642,0.4,0.5,.846,0.6,3.5,4.2,1.8,0.8,0.2,1.1,2.0,7.8,,2024-2025
Day'Ron Sharpe,23,BRK,C,6,0,15.2,2.5,5.8,.429,0.3,1.5,.222,2.2,4.3,.500,.457,2.5,2.7,.938,2.0,2.7,4.7,0.8,1.2,0.3,1.3,1.8,7.8,,2024-2025
Ausar Thompson,22,DET,SF,8,3,17.0,3.1,7.3,.431,0.5,2.0,.250,2.6,5.3,.500,.466,1.0,1.9,.533,1.1,2.5,3.6,2.4,0.9,0.5,1.5,3.0,7.8,,2024-2025
Cameron Payne,30,NYK,PG,21,0,17.1,2.8,6.6,.428,1.7,4.0,.417,1.1,2.6,.444,.554,0.4,0.5,.818,0.3,1.5,1.8,3.2,0.6,0.4,0.5,2.0,7.7,,2024-2025
Brandon Clarke,28,MEM,PF,27,17,18.7,3.5,5.7,.613,0.0,0.6,.063,3.5,5.1,.676,.616,0.5,0.8,.591,1.7,3.5,5.2,1.0,0.8,0.4,0.5,2.0,7.6,,2024-2025
Noah Clowney,20,BRK,PF,18,1,17.8,2.5,6.6,.381,1.6,4.5,.358,0.9,2.1,.432,.504,1.0,1.3,.750,0.9,2.6,3.4,0.7,0.3,0.7,0.8,2.9,7.6,,2024-2025
Josh Green,24,CHO,SG,25,24,27.7,2.8,6.5,.423,1.5,3.5,.420,1.3,3.0,.427,.537,0.6,1.0,.600,1.0,1.6,2.6,1.6,0.9,0.4,0.9,3.0,7.6,,2024-2025
Luke Kennard,28,MEM,SG,16,0,19.9,2.4,5.6,.438,1.8,3.9,.460,0.6,1.6,.385,.601,0.9,1.1,.778,0.4,2.0,2.4,2.8,0.7,0.1,0.7,0.8,7.6,,2024-2025
Wendell Carter Jr.,25,ORL,C,16,16,26.2,2.4,5.1,.476,0.3,2.1,.152,2.1,3.1,.694,.506,2.2,2.9,.745,1.9,6.0,7.9,2.4,0.9,0.6,0.8,2.8,7.4,,2024-2025
Talen Horton-Tucker,24,CHI,SG,22,0,12.0,2.7,5.1,.527,1.0,2.2,.429,1.7,2.9,.603,.621,1.0,1.6,.657,0.5,1.5,2.0,1.5,0.3,0.2,0.5,1.0,7.4,,2024-2025
Moses Moody,22,GSW,SG,23,4,15.6,2.5,6.0,.420,1.3,3.6,.366,1.2,2.4,.500,.529,1.1,1.5,.714,0.4,1.4,1.9,0.9,0.3,0.3,0.8,1.1,7.4,,2024-2025
Kyshawn George,21,WAS,SG,20,6,25.7,2.6,7.7,.333,1.2,5.0,.240,1.4,2.7,.509,.412,1.0,1.4,.714,0.7,3.4,4.1,2.6,0.7,0.7,1.1,3.1,7.3,,2024-2025
Trayce Jackson-Davis,24,GSW,C,25,18,16.9,3.2,5.3,.606,0.0,0.0,.000,3.2,5.2,.611,.606,0.9,1.5,.605,1.7,3.2,4.8,2.0,0.3,0.7,0.8,1.2,7.3,,2024-2025
Sam Merrill,28,CLE,SG,23,1,20.2,2.3,6.3,.375,1.8,5.5,.333,0.5,0.8,.667,.521,0.7,0.7,.938,0.3,1.5,1.9,1.8,0.6,0.2,0.4,2.0,7.2,,2024-2025
Isaiah Wong,24,CHO,SG,5,0,15.6,2.4,5.6,.429,0.6,1.6,.375,1.8,4.0,.450,.482,1.8,2.8,.643,1.4,1.8,3.2,2.0,0.6,0.0,1.2,1.6,7.2,,2024-2025
Haywood Highsmith,28,MIA,SF,22,16,24.8,2.6,5.5,.475,1.3,3.1,.426,1.3,2.4,.538,.596,0.6,0.9,.684,0.8,2.2,3.0,1.1,1.1,0.8,0.7,2.0,7.1,,2024-2025
Ja'Kobe Walter,20,TOR,SG,14,5,19.6,2.8,7.7,.361,0.8,3.5,.224,2.0,4.2,.475,.412,0.7,1.1,.667,1.0,2.2,3.2,1.6,0.6,0.2,0.9,2.0,7.1,,2024-2025
Isaiah Jackson,23,IND,C,5,1,16.8,2.8,4.6,.609,0.0,0.0,,2.8,4.6,.609,.609,1.4,2.8,.500,2.2,3.4,5.6,1.0,0.6,1.6,1.0,2.8,7.0,,2024-2025
Khris Middleton,33,MIL,SF,4,0,21.3,1.8,6.8,.259,0.8,3.0,.250,1.0,3.8,.267,.315,2.8,3.0,.917,0.0,3.0,3.0,5.8,1.5,0.5,1.5,3.0,7.0,,2024-2025
Vasilije Micić,31,CHO,PG,16,7,21.3,2.6,7.7,.341,1.1,3.2,.353,1.5,4.5,.333,.415,0.6,0.8,.750,0.9,2.0,2.9,3.8,0.6,0.0,2.1,1.3,6.9,,2024-2025
Kyle Filipowski,21,UTA,C,17,8,18.0,2.5,4.9,.518,0.6,1.9,.303,1.9,2.9,.660,.578,1.2,2.0,.588,0.9,3.5,4.4,1.8,0.5,0.1,0.9,1.8,6.8,,2024-2025
Tyrese Martin,25,BRK,SG,11,2,15.0,2.4,5.0,.473,1.7,3.7,.463,0.6,1.3,.500,.645,0.4,0.5,.800,0.8,1.6,2.5,1.1,0.5,0.2,0.6,1.2,6.8,,2024-2025
Kelly Olynyk,33,TOR,C,5,0,14.4,2.0,5.6,.357,0.6,1.8,.333,1.4,3.8,.368,.411,2.2,2.8,.786,1.0,3.2,4.2,2.0,1.4,0.2,1.4,2.4,6.8,,2024-2025
Jeremiah Robinson-Earl,24,NOP,PF,26,4,19.6,2.6,5.9,.438,0.8,2.5,.323,1.8,3.4,.523,.507,0.9,1.0,.885,2.0,2.8,4.9,1.2,0.7,0.1,0.8,1.3,6.8,,2024-2025
Cason Wallace,21,OKC,SG,26,15,26.5,2.8,6.7,.422,1.0,3.3,.302,1.8,3.3,.540,.497,0.2,0.3,.857,1.3,2.3,3.6,2.1,1.7,0.7,0.6,2.0,6.8,,2024-2025
Kris Dunn,30,LAC,PG,28,17,22.7,2.8,6.2,.443,1.0,3.1,.326,1.8,3.1,.557,.523,0.2,0.4,.500,0.7,2.8,3.5,2.7,1.7,0.3,1.0,2.6,6.7,,2024-2025
Johnny Juzang,23,UTA,SG,22,0,17.1,2.3,5.8,.402,1.6,4.2,.380,0.7,1.6,.457,.539,0.5,0.6,.846,0.5,1.7,2.2,1.0,0.3,0.2,0.5,2.0,6.7,,2024-2025
KJ Martin,24,PHI,PF,21,4,19.2,2.6,4.0,.647,0.3,0.8,.412,2.3,3.2,.706,.688,1.1,1.4,.828,0.9,1.8,2.7,0.8,0.4,0.7,0.4,2.5,6.7,,2024-2025
Davion Mitchell,26,TOR,PG,27,13,26.8,2.5,6.3,.398,0.9,3.0,.293,1.6,3.3,.494,.468,0.8,1.1,.677,0.5,1.7,2.3,5.0,0.8,0.3,2.0,2.9,6.7,,2024-2025
Josh Okogie,26,PHO,SG,15,1,13.5,2.5,4.8,.514,0.7,1.6,.417,1.8,3.2,.563,.583,1.1,1.5,.696,1.3,1.7,2.9,0.5,0.9,0.3,0.7,1.0,6.7,,2024-2025
Elfrid Payton,30,NOP,PG,7,3,20.6,3.3,6.6,.500,0.0,0.1,.000,3.3,6.4,.511,.500,0.1,0.3,.500,0.7,2.7,3.4,6.9,1.4,0.4,2.9,1.4,6.7,,2024-2025
Quenton Jackson,26,IND,PG,15,7,16.1,2.6,5.0,.520,0.6,1.6,.375,2.0,3.4,.588,.580,0.8,1.1,.706,0.7,1.1,1.8,1.9,0.6,0.3,0.7,1.9,6.6,,2024-2025
Jordan Miller,25,LAC,SF,17,0,15.6,2.6,5.9,.440,0.4,1.6,.250,2.2,4.2,.514,.475,1.0,1.3,.773,1.0,1.1,2.1,1.2,0.4,0.2,0.9,1.1,6.6,,2024-2025
Isaac Okoro,24,CLE,SG,23,16,21.0,2.3,4.7,.495,1.3,2.7,.492,1.0,2.0,.500,.636,0.7,0.9,.714,0.9,1.3,2.3,1.7,0.7,0.4,0.4,2.0,6.6,,2024-2025
Keon Ellis,25,SAC,SG,26,4,21.0,2.1,4.5,.466,1.3,3.2,.410,0.8,1.3,.606,.612,1.0,1.2,.844,0.8,1.5,2.3,1.1,1.2,0.9,0.8,1.9,6.5,,2024-2025
Jaden Hardy,22,DAL,SG,22,2,14.5,2.4,6.0,.391,0.8,2.7,.305,1.5,3.4,.459,.459,1.0,1.1,.880,0.2,1.2,1.4,1.2,0.6,0.0,1.4,1.4,6.5,,2024-2025
Simone Fontecchio,29,DET,SF,26,0,18.3,2.0,5.1,.398,1.2,3.4,.341,0.9,1.7,.511,.511,1.2,1.5,.816,0.5,2.3,2.9,0.9,0.3,0.2,0.8,1.3,6.4,,2024-2025
Jaxson Hayes,24,LAL,C,11,1,17.5,2.4,3.3,.722,0.0,0.0,,2.4,3.3,.722,.722,1.6,2.1,.783,1.9,2.6,4.5,0.8,0.4,0.8,0.7,2.5,6.4,,2024-2025
Kevin Love,36,MIA,PF,14,4,11.8,2.2,6.0,.369,1.3,3.5,.367,0.9,2.5,.371,.476,0.7,1.1,.667,1.0,3.7,4.7,1.3,0.9,0.1,0.8,0.9,6.4,,2024-2025
Shake Milton,28,BRK,SG,23,0,17.0,2.4,5.2,.458,0.9,2.3,.370,1.5,2.9,.530,.542,0.8,1.0,.750,0.6,1.2,1.8,2.0,0.4,0.0,0.7,1.3,6.4,,2024-2025
Marcus Sasser,24,DET,PG,19,0,13.7,2.6,4.8,.533,0.9,2.2,.405,1.7,2.6,.640,.625,0.3,0.3,1.000,0.4,0.6,1.0,1.8,0.8,0.2,0.8,1.1,6.4,,2024-2025
Ron Holland,19,DET,SF,28,1,16.2,2.5,5.3,.466,0.4,2.0,.211,2.0,3.3,.626,.507,1.0,1.2,.794,0.6,2.5,3.1,0.7,0.5,0.2,1.0,1.6,6.3,,2024-2025
Terance Mann,28,LAC,SG,23,11,21.0,2.4,5.6,.438,0.7,2.0,.340,1.7,3.5,.494,.500,0.7,1.0,.667,1.0,2.0,3.1,1.7,1.0,0.2,0.6,2.0,6.3,,2024-2025
Max Christie,21,LAL,SG,26,5,20.6,1.9,4.5,.415,0.7,2.2,.321,1.2,2.4,.500,.492,1.8,2.1,.852,0.8,1.5,2.3,1.2,0.8,0.4,0.8,1.5,6.2,,2024-2025
Javonte Green,31,NOP,SG,26,12,22.7,2.2,5.0,.431,0.7,2.2,.304,1.5,2.8,.527,.496,1.2,1.7,.744,1.0,2.3,3.3,0.8,1.0,0.7,0.6,1.3,6.2,,2024-2025
Jonathan Isaac,27,ORL,PF,23,0,16.8,2.3,5.1,.441,0.8,2.7,.295,1.5,2.5,.596,.517,0.9,1.3,.690,1.7,2.9,4.6,0.2,0.9,1.4,0.4,1.4,6.2,,2024-2025
Malaki Branham,21,SAS,SG,20,0,12.6,2.2,5.0,.440,0.9,2.2,.395,1.4,2.9,.474,.525,0.9,1.0,.850,0.2,1.4,1.5,1.3,0.4,0.1,1.3,0.7,6.1,,2024-2025
Ryan Dunn,22,PHO,SF,22,9,17.2,2.4,5.5,.426,1.1,3.5,.312,1.3,2.0,.622,.525,0.2,0.5,.417,0.6,1.9,2.5,0.7,0.5,0.5,0.5,2.3,6.0,,2024-2025
Pelle Larsson,23,MIA,SG,15,0,16.3,2.3,4.2,.540,0.7,1.9,.379,1.5,2.3,.676,.627,0.7,1.3,.550,0.7,1.3,2.0,1.5,0.6,0.0,0.5,2.1,6.0,,2024-2025
Dariq Whitehead,20,BRK,SF,3,0,8.7,2.0,3.7,.545,2.0,3.3,.600,0.0,0.3,.000,.818,0.0,0.0,,0.0,1.0,1.0,0.3,0.7,0.3,1.0,0.3,6.0,,2024-2025
Isaiah Stewart,23,DET,C,27,3,21.4,2.4,4.3,.552,0.2,0.8,.238,2.2,3.5,.621,.573,1.1,1.2,.879,2.2,3.7,6.0,1.7,0.5,1.3,1.1,2.7,6.0,,2024-2025
James Wiseman,23,IND,C,1,0,5.0,2.0,4.0,.500,0.0,1.0,.000,2.0,3.0,.667,.500,2.0,2.0,1.000,0.0,1.0,1.0,0.0,0.0,0.0,0.0,0.0,6.0,,2024-2025
Jamison Battle,23,TOR,SF,25,0,13.8,2.1,4.3,.481,1.4,3.2,.432,0.7,1.1,.630,.644,0.4,0.4,.818,0.6,1.4,1.9,0.9,0.1,0.2,0.3,1.2,5.9,,2024-2025
Donovan Clingan,20,POR,C,20,7,16.8,2.5,4.7,.527,0.2,0.7,.308,2.3,4.0,.563,.548,0.8,1.1,.727,3.0,3.6,6.6,0.5,0.5,2.0,1.2,3.0,5.9,,2024-2025
Lindy Waters III,27,GSW,SG,22,8,17.9,2.1,5.6,.382,1.4,4.0,.356,0.7,1.6,.444,.508,0.2,0.2,.800,0.5,2.1,2.6,1.4,0.7,0.2,0.4,1.6,5.9,,2024-2025
Kenrich Williams,30,OKC,PF,16,0,13.0,2.3,3.9,.571,0.9,2.1,.412,1.4,1.8,.759,.683,0.5,0.5,1.000,0.8,2.1,2.8,0.9,0.6,0.3,0.2,1.8,5.9,,2024-2025
Jared Butler,24,WAS,SG,19,0,11.2,2.3,5.0,.463,0.4,1.3,.280,1.9,3.7,.529,.500,0.8,1.2,.727,0.3,0.7,1.0,2.6,0.4,0.1,0.8,1.3,5.8,,2024-2025
Alex Caruso,30,OKC,SG,18,0,19.9,2.2,5.8,.385,0.9,3.4,.279,1.3,2.4,.535,.466,0.4,0.5,.778,0.6,2.4,2.9,2.2,1.9,0.6,0.7,2.2,5.8,,2024-2025
Zach Collins,27,SAS,C,24,4,14.2,2.1,4.4,.476,0.5,1.5,.333,1.6,2.9,.551,.533,1.2,1.3,.875,1.2,2.2,3.3,1.8,0.5,0.5,0.9,2.2,5.8,,2024-2025
JT Thor,22,CLE,PF,4,0,5.3,1.8,2.0,.875,0.8,0.8,1.000,1.0,1.3,.800,1.063,1.5,1.5,1.000,0.3,0.5,0.8,0.0,0.5,0.8,0.5,1.0,5.8,,2024-2025
Precious Achiuwa,25,NYK,PF,6,1,20.0,2.3,4.7,.500,0.2,0.7,.250,2.2,4.0,.542,.518,0.8,1.7,.500,1.7,5.0,6.7,1.3,0.8,0.8,0.8,1.3,5.7,,2024-2025
Keon Johnson,22,BRK,SG,25,6,17.1,2.1,6.1,.342,1.2,3.8,.305,0.9,2.3,.404,.438,0.4,0.5,.750,0.5,2.3,2.8,1.1,0.5,0.3,1.0,2.3,5.7,,2024-2025
Cam Whitmore,20,HOU,SF,9,0,9.1,2.2,5.6,.400,0.1,2.3,.048,2.1,3.2,.655,.410,1.1,1.8,.625,0.4,0.9,1.3,0.4,0.1,0.1,0.3,1.0,5.7,,2024-2025
Jonathan Mogbo,23,TOR,PF,28,4,17.8,2.1,4.6,.465,0.3,0.8,.318,1.9,3.8,.495,.492,1.1,1.5,.698,2.0,2.6,4.6,1.8,0.9,0.4,0.9,1.9,5.6,,2024-2025
Ben Simmons,28,BRK,PG,21,15,24.3,2.6,4.4,.591,0.0,0.0,,2.6,4.4,.591,.591,0.4,0.6,.615,0.9,4.6,5.5,6.6,0.8,0.6,2.7,2.5,5.6,,2024-2025
Lonzo Ball,27,CHI,PG,11,0,17.7,1.7,5.4,.322,1.4,4.5,.300,0.4,0.8,.444,.449,0.6,0.6,1.000,0.4,2.8,3.2,3.7,1.0,0.6,1.0,1.3,5.5,,2024-2025
Ajay Mitchell,22,OKC,SG,26,0,15.5,2.2,4.5,.479,0.5,1.2,.438,1.6,3.3,.494,.538,0.6,0.7,.842,0.4,1.1,1.5,1.7,0.8,0.1,0.8,1.7,5.5,,2024-2025
Ben Sheppard,23,IND,SG,14,5,20.6,2.1,5.0,.414,1.4,3.6,.380,0.7,1.4,.500,.550,0.0,0.0,,0.4,1.8,2.2,1.2,0.4,0.4,0.4,2.6,5.5,,2024-2025
Dru Smith,27,MIA,SG,11,0,18.6,2.0,4.2,.478,1.0,2.0,.500,1.0,2.2,.458,.598,0.5,0.7,.750,0.9,1.9,2.8,1.6,1.4,0.5,1.0,1.9,5.5,,2024-2025
Jarace Walker,21,IND,PF,28,1,17.8,1.9,4.5,.425,1.0,2.5,.380,1.0,2.0,.482,.531,0.7,1.1,.613,0.4,3.1,3.5,1.5,1.1,0.3,1.4,1.6,5.5,,2024-2025
Trey Lyles,29,SAC,PF,18,2,19.6,1.8,5.1,.363,1.2,3.7,.333,0.6,1.4,.440,.484,0.6,0.8,.714,0.8,3.1,3.9,0.9,0.6,0.6,0.6,1.4,5.4,,2024-2025
Neemias Queta,25,BOS,C,23,5,16.8,2.3,3.7,.631,0.0,0.1,.000,2.3,3.6,.646,.631,0.8,1.0,.750,1.7,3.0,4.7,0.7,0.3,1.0,0.7,2.0,5.4,,2024-2025
Paul Reed,25,DET,C,14,0,11.1,2.1,3.7,.558,0.3,0.8,.364,1.8,2.9,.610,.596,1.0,1.2,.824,0.9,1.6,2.4,0.6,0.9,0.6,0.8,1.6,5.4,,2024-2025
David Roddy,23,ATL,PF,14,1,14.6,1.9,3.4,.563,0.7,1.7,.417,1.2,1.7,.708,.667,0.8,0.9,.846,0.3,2.6,2.9,1.4,0.4,0.2,0.9,0.8,5.4,,2024-2025
Kobe Bufkin,21,ATL,SG,10,0,12.4,1.8,4.7,.383,0.4,1.9,.211,1.4,2.8,.500,.426,1.3,1.8,.722,0.5,1.6,2.1,1.7,0.3,0.2,0.8,0.9,5.3,,2024-2025
Alec Burks,33,MIA,SG,12,0,15.1,1.8,3.8,.457,1.3,2.7,.469,0.5,1.2,.429,.620,0.5,0.7,.750,0.3,1.6,1.9,1.3,0.5,0.3,0.2,0.4,5.3,,2024-2025
Cam Spencer,24,MEM,SG,4,0,13.5,1.8,3.3,.538,0.8,1.5,.500,1.0,1.8,.571,.654,1.0,1.0,1.000,0.3,1.5,1.8,1.8,0.3,0.3,0.8,1.3,5.3,,2024-2025
Vince Williams Jr.,24,MEM,SG,3,0,15.0,2.3,6.3,.368,0.3,2.7,.125,2.0,3.7,.545,.395,0.3,1.3,.250,1.3,2.3,3.7,3.0,0.0,0.7,2.3,3.0,5.3,,2024-2025
Matas Buzelis,20,CHI,SF,27,0,12.8,1.8,4.8,.372,0.9,2.5,.343,0.9,2.3,.403,.461,0.8,1.0,.808,0.5,2.2,2.7,0.5,0.3,0.7,0.6,1.4,5.2,,2024-2025
Torrey Craig,34,CHI,SF,6,1,11.2,1.8,3.7,.500,1.2,3.0,.389,0.7,0.7,1.000,.659,0.3,0.3,1.000,0.5,1.7,2.2,0.5,0.2,0.2,0.0,1.7,5.2,,2024-2025
Kevon Looney,28,GSW,C,24,5,16.4,2.3,4.3,.519,0.0,0.0,,2.3,4.3,.519,.519,0.7,1.6,.436,3.4,4.1,7.5,1.8,0.8,0.3,0.6,2.4,5.2,,2024-2025
Dean Wade,28,CLE,PF,19,10,22.0,1.7,5.1,.344,1.3,4.3,.305,0.4,0.7,.571,.474,0.4,1.1,.400,0.9,3.9,4.8,1.3,1.0,0.4,0.3,1.5,5.2,,2024-2025
Kyle Anderson,31,GSW,PF,24,0,14.4,2.0,4.8,.417,0.5,1.6,.333,1.5,3.2,.461,.474,0.5,0.8,.650,0.5,2.5,2.9,2.3,0.8,0.5,0.5,1.1,5.1,,2024-2025
Cole Anthony,24,ORL,PG,26,0,11.0,1.8,4.7,.380,0.7,2.1,.315,1.1,2.6,.433,.450,0.9,1.2,.719,0.3,1.7,2.0,2.0,0.4,0.2,1.2,1.3,5.1,,2024-2025
Eric Gordon,36,PHI,SG,17,1,17.1,1.6,4.8,.341,0.8,2.8,.277,0.9,2.1,.429,.421,1.0,1.3,.773,0.2,0.8,0.9,1.3,0.6,0.3,0.8,0.8,5.1,,2024-2025
Kyle Lowry,38,PHI,PG,17,10,21.6,1.5,4.0,.368,1.1,3.1,.346,0.4,0.9,.438,.500,1.1,1.4,.783,0.4,1.6,2.0,2.8,1.1,0.4,0.8,1.9,5.1,,2024-2025
Cam Christie,19,LAC,SG,1,0,18.0,2.0,7.0,.286,1.0,4.0,.250,1.0,3.0,.333,.357,0.0,0.0,,1.0,2.0,3.0,0.0,2.0,0.0,1.0,0.0,5.0,,2024-2025
Ricky Council IV,23,PHI,SF,19,0,12.1,1.6,4.1,.390,0.4,1.6,.233,1.2,2.5,.489,.435,1.5,1.8,.824,0.5,1.4,1.9,0.8,0.3,0.2,0.3,0.7,5.0,,2024-2025
Monte Morris,29,PHO,PG,21,0,12.3,1.8,4.0,.435,0.7,2.0,.341,1.1,2.1,.523,.518,0.9,1.1,.783,0.3,1.1,1.4,1.6,0.4,0.1,0.5,0.6,5.0,,2024-2025
Svi Mykhailiuk,27,UTA,SF,6,2,13.5,1.7,4.5,.370,1.2,3.7,.318,0.5,0.8,.600,.500,0.5,0.7,.750,0.2,1.5,1.7,1.3,0.8,0.2,1.7,1.3,5.0,,2024-2025
Julian Phillips,21,CHI,SF,27,2,14.3,1.8,4.0,.440,0.8,2.5,.328,1.0,1.6,.619,.541,0.6,1.0,.654,0.8,1.3,2.1,0.4,0.7,0.3,0.4,1.5,5.0,,2024-2025
Alondes Williams,25,DET,SG,1,0,4.0,2.0,2.0,1.000,1.0,1.0,1.000,1.0,1.0,1.000,1.250,0.0,0.0,,0.0,0.0,0.0,1.0,0.0,0.0,0.0,0.0,5.0,,2024-2025
Pat Connaughton,32,MIL,SG,15,0,17.0,1.7,4.7,.371,0.9,2.9,.295,0.9,1.7,.500,.464,0.6,0.8,.750,0.5,2.5,3.0,1.7,0.2,0.3,0.7,1.3,4.9,,2024-2025
Marvin Bagley III,25,WAS,C,18,1,8.4,2.0,3.8,.529,0.1,0.6,.200,1.9,3.2,.586,.544,0.7,1.1,.632,1.4,1.3,2.8,0.3,0.3,0.3,0.6,0.7,4.8,,2024-2025
Seth Curry,34,CHO,SG,25,5,12.8,1.8,3.8,.463,0.9,2.1,.423,0.9,1.7,.512,.579,0.4,0.4,.818,0.4,1.0,1.4,0.4,0.5,0.2,0.3,1.1,4.8,,2024-2025
Tidjane Salaün,19,CHO,PF,23,8,18.9,1.6,5.0,.322,1.0,3.3,.286,0.7,1.7,.395,.417,0.7,1.0,.682,0.9,3.1,4.0,1.0,0.5,0.2,0.8,1.3,4.8,,2024-2025
Jamal Shead,22,TOR,PG,26,0,14.5,1.9,4.8,.395,0.7,2.0,.327,1.2,2.8,.444,.464,0.3,0.5,.750,0.2,0.8,1.0,2.9,0.5,0.1,1.3,1.9,4.8,,2024-2025
Taylor Hendricks,21,UTA,PF,3,3,25.0,1.3,6.0,.222,1.0,4.0,.250,0.3,2.0,.167,.306,1.0,1.3,.750,1.7,3.3,5.0,0.7,1.7,1.3,0.7,2.7,4.7,,2024-2025
Luke Kornet,29,BOS,C,21,3,16.5,1.7,2.7,.643,0.0,0.0,,1.7,2.7,.643,.643,1.3,1.6,.794,1.9,2.6,4.5,1.5,0.5,1.0,0.4,1.2,4.7,,2024-2025
Keaton Wallace,25,ATL,PG,12,1,16.2,1.8,4.6,.400,0.7,2.2,.308,1.2,2.4,.483,.473,0.3,0.3,1.000,0.2,1.3,1.5,1.8,0.8,0.5,1.0,1.1,4.7,,2024-2025
Charles Bassey,24,SAS,C,18,0,10.8,2.0,3.6,.563,0.0,0.0,,2.0,3.6,.563,.563,0.6,1.2,.524,1.6,2.5,4.1,0.5,0.3,1.2,0.7,1.3,4.6,,2024-2025
Sandro Mamukelashvili,25,SAS,PF,19,0,9.6,1.6,2.9,.545,0.9,2.0,.447,0.7,0.9,.765,.700,0.6,0.8,.733,0.6,2.3,2.9,0.4,0.2,0.3,0.5,0.6,4.6,,2024-2025
Gary Payton II,32,GSW,SG,26,4,13.1,2.1,3.9,.535,0.2,1.2,.161,1.9,2.7,.700,.559,0.2,0.4,.545,1.3,1.5,2.8,1.2,0.8,0.4,0.5,1.4,4.6,,2024-2025
Mo Bamba,26,LAC,C,13,0,13.6,1.7,4.0,.423,0.5,1.8,.250,1.2,2.2,.571,.481,0.7,1.0,.692,0.8,3.5,4.2,0.8,0.6,1.1,0.6,2.2,4.5,,2024-2025
Drew Eubanks,27,UTA,C,21,0,13.5,1.8,3.2,.567,0.0,0.1,.333,1.8,3.0,.578,.575,0.8,1.3,.630,1.1,2.9,4.0,1.2,0.2,0.7,0.8,1.2,4.5,,2024-2025
Kris Murray,24,POR,SF,21,0,12.7,1.8,3.8,.475,0.5,1.6,.333,1.3,2.2,.574,.544,0.4,1.0,.400,1.0,1.2,2.3,0.7,0.4,0.1,0.6,1.0,4.5,,2024-2025
Antonio Reeves,24,NOP,SG,15,0,9.3,1.7,4.3,.400,0.6,2.2,.273,1.1,2.1,.531,.469,0.4,0.5,.857,0.3,0.8,1.1,0.5,0.3,0.0,0.3,0.5,4.5,,2024-2025
Aaron Holiday,28,HOU,PG,17,0,9.8,1.4,3.0,.471,1.0,2.2,.447,0.4,0.8,.538,.637,0.5,0.6,.818,0.0,1.1,1.1,1.2,0.1,0.1,0.3,0.7,4.4,,2024-2025
Jamal Cain,25,NOP,SF,16,0,14.1,1.6,3.4,.455,0.6,1.8,.321,1.0,1.7,.593,.536,0.6,1.0,.625,0.9,1.9,2.8,0.6,0.5,0.4,0.4,1.3,4.3,,2024-2025
Wendell Moore Jr.,23,DET,SG,12,0,14.3,1.6,3.0,.528,0.3,0.8,.333,1.3,2.3,.593,.569,0.9,1.0,.917,0.8,2.3,3.1,1.2,0.7,0.3,0.7,1.1,4.3,,2024-2025
Reggie Jackson,34,PHI,PG,11,0,11.3,1.5,3.7,.415,1.1,2.5,.444,0.5,1.3,.357,.561,0.0,0.0,,0.1,0.7,0.8,2.0,0.5,0.3,0.6,0.8,4.2,,2024-2025
Dalen Terry,22,CHI,SG,25,0,13.5,1.5,3.0,.500,0.4,1.1,.370,1.1,1.9,.574,.568,0.9,1.1,.786,0.6,0.8,1.4,0.9,0.6,0.3,0.8,1.4,4.2,,2024-2025
Gabe Vincent,28,LAL,PG,27,4,19.1,1.6,4.4,.364,0.9,2.7,.315,0.7,1.7,.444,.462,0.1,0.3,.500,0.4,0.9,1.3,0.9,0.9,0.2,0.6,2.0,4.2,,2024-2025
Gary Harris,30,ORL,SG,17,2,16.6,1.4,3.5,.400,1.0,2.7,.370,0.4,0.8,.500,.542,0.2,0.4,.667,0.5,0.8,1.4,0.4,0.5,0.3,0.4,0.8,4.1,,2024-2025
Blake Wesley,21,SAS,SG,21,0,11.8,1.6,3.5,.459,0.2,1.0,.200,1.4,2.6,.556,.486,0.7,1.0,.714,0.3,0.6,0.9,2.0,0.4,0.1,1.0,0.6,4.1,,2024-2025
Thomas Bryant,27,2TM,C,12,0,10.9,1.3,2.8,.455,0.6,1.5,.389,0.7,1.3,.533,.561,0.9,0.9,1.000,0.7,2.5,3.2,0.4,0.1,0.8,0.2,0.8,4.0,,2024-2025
Thomas Bryant,27,MIA,C,10,0,11.5,1.2,2.8,.429,0.6,1.7,.353,0.6,1.1,.545,.536,1.1,1.1,1.000,0.6,2.6,3.2,0.4,0.1,0.9,0.2,0.9,4.1,,2024-2025
Thomas Bryant,27,IND,C,2,0,8.0,1.5,2.5,.600,0.5,0.5,1.000,1.0,2.0,.500,.700,0.0,0.0,,1.0,2.0,3.0,0.5,0.0,0.5,0.0,0.5,3.5,,2024-2025
Richaun Holmes,31,WAS,PF,3,0,6.7,1.7,3.3,.500,0.0,0.3,.000,1.7,3.0,.556,.500,0.7,0.7,1.000,0.7,1.0,1.7,0.0,0.0,0.7,0.7,0.3,4.0,,2024-2025
Oso Ighodaro,22,PHO,PF,21,2,16.0,1.8,2.9,.617,0.0,0.0,,1.8,2.9,.617,.617,0.5,0.6,.769,1.1,2.6,3.7,0.9,0.4,0.3,0.6,1.8,4.0,,2024-2025
Isaac Jones,24,SAC,PF,17,0,9.0,1.8,2.7,.652,0.1,0.2,.250,1.7,2.5,.690,.663,0.4,0.9,.467,0.5,1.1,1.6,0.1,0.1,0.5,0.5,1.3,4.0,,2024-2025
Mason Plumlee,34,PHO,C,25,7,16.9,1.6,2.8,.557,0.0,0.0,,1.6,2.8,.557,.557,0.9,1.7,.548,1.5,4.4,5.9,1.6,0.4,0.8,0.9,1.9,4.0,,2024-2025
Josh Richardson,31,MIA,SG,8,0,18.8,1.4,4.8,.289,0.8,2.8,.273,0.6,2.0,.313,.368,0.5,0.5,1.000,0.8,0.8,1.5,1.5,1.0,0.1,1.0,2.1,4.0,,2024-2025
Rob Dillingham,20,MIN,PG,14,0,9.0,1.6,3.6,.451,0.6,1.5,.429,1.0,2.1,.467,.539,0.0,0.0,,0.1,0.7,0.8,1.7,0.1,0.0,1.1,0.4,3.9,,2024-2025
Luka Garza,26,MIN,C,9,0,5.1,1.6,2.8,.560,0.2,0.9,.250,1.3,1.9,.706,.600,0.6,0.9,.625,0.4,0.8,1.2,0.1,0.1,0.0,0.3,0.4,3.9,,2024-2025
Jett Howard,21,ORL,SF,27,0,10.4,1.4,3.7,.370,0.9,2.9,.312,0.5,0.9,.565,.490,0.2,0.3,.857,0.4,0.7,1.1,0.4,0.2,0.2,0.3,0.9,3.9,,2024-2025
Doug McDermott,33,SAC,SF,21,3,8.7,1.3,3.1,.431,1.1,2.6,.418,0.2,0.5,.500,.608,0.1,0.2,.600,0.0,0.7,0.7,0.1,0.1,0.0,0.1,0.9,3.9,,2024-2025
KJ Simpson,22,CHO,PG,9,0,13.3,1.3,4.4,.300,0.3,2.2,.150,1.0,2.2,.450,.338,0.9,1.1,.800,1.0,0.7,1.7,2.0,0.6,0.2,1.0,1.4,3.9,,2024-2025
Damion Lee,32,PHO,SG,4,0,9.3,1.0,3.5,.286,0.3,2.3,.111,0.8,1.3,.600,.321,1.5,1.5,1.000,0.0,1.3,1.3,1.3,0.5,0.0,0.8,0.3,3.8,,2024-2025
Andre Jackson Jr.,23,MIL,SG,24,16,18.0,1.4,3.5,.410,0.7,1.8,.381,0.8,1.7,.439,.506,0.2,0.3,.500,0.8,2.3,3.1,1.4,0.8,0.3,1.3,2.6,3.7,,2024-2025
Tre Jones,25,SAS,PG,9,0,17.1,1.1,3.6,.313,0.3,1.4,.231,0.8,2.1,.368,.359,1.1,1.6,.714,0.6,1.6,2.1,3.1,0.6,0.2,0.6,1.4,3.7,,2024-2025
Jock Landale,29,HOU,C,15,0,10.5,1.4,3.1,.447,0.2,0.4,.500,1.2,2.7,.439,.479,0.7,1.3,.526,1.3,1.8,3.1,0.9,0.2,0.4,0.5,0.9,3.7,,2024-2025
Micah Potter,26,UTA,C,6,1,18.7,1.3,3.3,.400,1.0,2.7,.375,0.3,0.7,.500,.550,0.0,0.0,,1.8,4.3,6.2,0.8,0.2,0.5,0.8,1.2,3.7,,2024-2025
Reed Sheppard,20,HOU,PG,25,0,11.9,1.4,4.1,.353,0.7,2.3,.298,0.8,1.8,.422,.436,0.2,0.2,1.000,0.3,0.8,1.1,1.2,0.5,0.4,0.6,1.0,3.7,,2024-2025
Nicolas Batum,36,LAC,PF,28,1,18.3,1.2,3.3,.374,1.0,2.6,.370,0.3,0.6,.389,.522,0.3,0.4,.700,0.7,2.0,2.7,1.5,0.5,0.4,0.5,1.4,3.6,,2024-2025
Bruno Fernando,26,TOR,C,16,2,8.9,1.6,3.0,.542,0.0,0.0,,1.6,3.0,.542,.542,0.4,0.5,.750,1.3,1.8,3.1,1.1,0.3,0.6,0.9,1.6,3.6,,2024-2025
Patty Mills,36,UTA,PG,9,0,15.3,1.2,3.4,.355,0.8,2.7,.292,0.4,0.8,.571,.468,0.3,0.3,1.000,0.1,0.8,0.9,1.4,0.7,0.2,0.9,0.9,3.6,,2024-2025
Cam Reddish,25,LAL,SF,20,8,19.4,1.3,2.7,.472,0.5,1.5,.345,0.8,1.2,.625,.566,0.6,0.9,.706,0.5,1.5,2.0,0.8,1.1,0.3,0.5,1.8,3.6,,2024-2025
Johnny Davis,22,WAS,SG,19,0,9.6,1.4,3.0,.474,0.3,0.9,.333,1.1,2.1,.538,.526,0.4,0.6,.636,0.4,1.3,1.6,0.4,0.6,0.3,0.2,0.8,3.5,,2024-2025
Ousmane Dieng,21,OKC,PF,16,0,11.6,1.3,3.7,.339,0.6,2.3,.250,0.7,1.4,.478,.415,0.4,0.7,.636,0.6,2.1,2.6,0.8,0.7,0.3,0.3,1.1,3.5,,2024-2025
Rayan Rupert,20,POR,SG,21,0,10.6,1.3,3.0,.438,0.4,1.4,.310,0.9,1.7,.543,.508,0.4,0.6,.667,0.8,0.8,1.6,0.5,0.3,0.1,0.6,0.8,3.5,,2024-2025
Daniel Theis,32,NOP,C,19,7,14.2,1.4,3.2,.426,0.3,1.0,.263,1.1,2.2,.500,.467,0.5,0.6,.833,0.8,2.5,3.4,1.3,0.4,0.6,0.6,1.6,3.5,,2024-2025
Dario Šarić,30,DEN,C,10,3,13.6,1.2,4.0,.300,0.5,1.9,.263,0.7,2.1,.333,.363,0.5,0.6,.833,0.9,2.6,3.5,1.1,0.6,0.0,1.1,1.4,3.4,,2024-2025
Bol Bol,25,PHO,PF,7,0,5.3,1.3,2.1,.600,0.1,0.7,.200,1.1,1.4,.800,.633,0.6,0.9,.667,0.6,1.0,1.6,0.1,0.0,0.0,0.4,0.1,3.3,,2024-2025
Jae Crowder,34,SAC,SF,6,2,14.8,1.0,2.8,.353,0.5,2.0,.250,0.5,0.8,.600,.441,0.8,1.0,.833,1.0,1.8,2.8,0.7,0.5,0.0,0.7,1.7,3.3,,2024-2025
Moussa Diabaté,23,CHO,C,25,4,19.0,1.5,2.6,.594,0.0,0.0,,1.5,2.6,.594,.594,0.2,0.7,.353,3.5,3.9,7.4,0.7,0.7,0.9,0.9,1.9,3.3,,2024-2025
Moses Brown,25,IND,C,9,0,5.1,1.4,2.2,.650,0.0,0.0,,1.4,2.2,.650,.650,0.3,0.6,.600,0.4,1.0,1.4,0.0,0.2,0.1,0.7,0.7,3.2,,2024-2025
Isaiah Collier,20,UTA,PG,18,1,16.8,1.3,4.1,.311,0.2,1.6,.138,1.1,2.5,.422,.338,0.4,1.0,.444,0.1,1.6,1.7,3.2,0.9,0.2,2.2,1.7,3.2,,2024-2025
Johnny Furphy,20,IND,SG,17,0,10.2,1.1,2.7,.391,0.6,1.6,.393,0.4,1.1,.389,.511,0.4,0.4,1.000,0.6,0.8,1.4,0.4,0.4,0.3,0.5,1.0,3.2,,2024-2025
Josh Minott,22,MIN,SF,13,0,7.3,1.3,2.2,.607,0.2,0.9,.250,1.1,1.2,.875,.661,0.2,0.4,.600,0.2,1.0,1.2,0.5,0.5,0.3,0.4,0.9,3.1,,2024-2025
Nick Smith Jr.,20,CHO,SG,13,0,9.3,1.2,3.7,.333,0.6,2.0,.308,0.6,1.7,.364,.417,0.0,0.0,,0.1,0.8,0.8,0.8,0.3,0.1,0.2,0.6,3.1,,2024-2025
Cody Williams,20,UTA,SG,16,7,18.7,1.1,4.2,.269,0.4,2.3,.189,0.7,1.9,.367,.321,0.4,0.6,.600,0.5,1.8,2.3,1.2,0.4,0.3,0.7,1.3,3.1,,2024-2025
David Duke Jr.,25,SAS,SG,1,0,8.0,1.0,4.0,.250,0.0,1.0,.000,1.0,3.0,.333,.250,1.0,2.0,.500,0.0,0.0,0.0,2.0,0.0,0.0,0.0,1.0,3.0,,2024-2025
Collin Gillespie,25,PHO,PG,1,0,3.0,1.0,2.0,.500,1.0,1.0,1.000,0.0,1.0,.000,.750,0.0,0.0,,0.0,0.0,0.0,0.0,0.0,0.0,0.0,0.0,3.0,,2024-2025
Taze Moore,26,POR,SG,2,0,10.0,1.0,5.0,.200,0.5,2.0,.250,0.5,3.0,.167,.250,0.5,1.0,.500,2.0,2.0,4.0,0.5,1.0,0.0,1.0,0.0,3.0,,2024-2025
Quincy Olivari,23,LAL,PG,1,0,8.0,1.0,3.0,.333,1.0,3.0,.333,0.0,0.0,,.500,0.0,0.0,,0.0,0.0,0.0,0.0,0.0,0.0,1.0,0.0,3.0,,2024-2025
Oscar Tshiebwe,25,UTA,PF,1,0,16.0,0.0,0.0,,0.0,0.0,,0.0,0.0,,,3.0,4.0,.750,3.0,6.0,9.0,0.0,2.0,0.0,1.0,3.0,3.0,,2024-2025
Jabari Walker,22,POR,SF,21,1,11.1,1.2,3.0,.391,0.1,0.9,.158,1.0,2.1,.489,.414,0.5,0.6,.846,0.9,2.2,3.1,0.6,0.4,0.1,0.6,1.3,3.0,,2024-2025
Kobe Brown,25,LAC,PF,7,0,6.7,1.3,2.9,.450,0.1,0.9,.167,1.1,2.0,.571,.475,0.1,0.3,.500,0.7,1.6,2.3,0.6,0.1,0.0,0.0,0.7,2.9,,2024-2025
Drew Peterson,25,BOS,PF,7,0,11.6,0.7,2.1,.333,0.6,1.9,.308,0.1,0.3,.500,.467,0.9,1.0,.857,0.6,1.7,2.3,0.6,0.3,0.3,0.4,1.0,2.9,,2024-2025
Craig Porter Jr.,24,CLE,PG,16,0,9.4,1.1,1.9,.581,0.3,0.7,.455,0.8,1.3,.650,.661,0.2,0.3,.600,0.1,0.8,0.9,1.4,0.3,0.4,0.6,0.4,2.8,,2024-2025
Ryan Rollins,22,MIL,PG,11,1,6.5,0.9,2.3,.400,0.5,1.1,.500,0.4,1.2,.308,.520,0.5,0.5,.833,0.3,0.7,1.0,0.8,0.6,0.4,0.6,0.9,2.8,,2024-2025
Hunter Tyson,24,DEN,PF,17,0,9.2,0.9,1.9,.469,0.4,1.1,.316,0.5,0.8,.692,.563,0.7,0.8,.923,0.5,1.4,1.8,0.5,0.2,0.2,0.5,1.1,2.8,,2024-2025
Steven Adams,31,HOU,C,15,0,10.7,1.0,1.7,.600,0.0,0.0,,1.0,1.7,.600,.600,0.7,1.6,.417,1.5,1.9,3.5,1.0,0.3,0.1,1.3,1.1,2.7,,2024-2025
Tyler Kolek,23,NYK,PG,17,0,6.6,0.9,2.2,.421,0.6,1.4,.435,0.4,0.9,.400,.553,0.2,0.2,1.000,0.1,0.6,0.7,0.6,0.4,0.1,0.4,0.5,2.7,,2024-2025
John Konchar,28,MEM,SG,14,0,12.1,0.9,1.9,.500,0.6,1.6,.409,0.3,0.3,1.000,.673,0.2,0.3,.750,0.9,1.9,2.8,1.0,0.6,0.4,0.5,0.9,2.7,,2024-2025
Tristan Thompson,33,CLE,PF,10,0,7.6,1.3,2.4,.542,0.0,0.1,.000,1.3,2.3,.565,.542,0.1,1.0,.100,0.5,1.9,2.4,0.4,0.0,0.4,0.5,0.9,2.7,,2024-2025
TyTy Washington Jr.,23,PHO,PG,3,0,9.0,1.0,2.0,.500,0.7,1.0,.667,0.3,1.0,.333,.667,0.0,0.0,,0.0,0.3,0.3,1.3,0.7,0.0,0.3,0.0,2.7,,2024-2025
Delon Wright,32,MIL,PG,18,2,15.9,0.9,2.9,.321,0.5,1.8,.281,0.4,1.2,.381,.406,0.3,0.6,.500,0.6,1.2,1.8,1.6,0.7,0.3,0.4,0.6,2.7,,2024-2025
Taj Gibson,39,CHO,C,14,8,10.8,1.1,2.4,.471,0.1,0.1,.500,1.1,2.3,.469,.485,0.3,0.4,.667,1.5,1.7,3.2,0.5,0.4,0.2,0.6,1.3,2.6,,2024-2025
DeAndre Jordan,36,DEN,C,13,0,10.2,1.2,2.0,.577,0.0,0.0,,1.2,2.0,.577,.577,0.2,0.6,.250,1.1,2.8,3.9,1.0,0.3,0.4,0.8,1.2,2.5,,2024-2025
E.J. Liddell,24,CHI,PF,6,0,5.2,0.8,1.3,.625,0.5,1.0,.500,0.3,0.3,1.000,.813,0.3,0.3,1.000,0.2,0.7,0.8,0.5,0.2,0.2,0.3,1.3,2.5,,2024-2025
Chris Duarte,27,CHI,SG,12,0,4.2,0.8,1.5,.500,0.4,1.0,.417,0.3,0.5,.667,.639,0.5,0.7,.750,0.3,0.8,1.2,0.3,0.0,0.0,0.1,0.4,2.4,,2024-2025
Anthony Gill,32,WAS,PF,20,0,7.5,0.9,1.7,.500,0.2,0.6,.333,0.7,1.1,.591,.559,0.5,0.9,.556,0.3,1.0,1.3,0.3,0.3,0.1,0.3,0.6,2.4,,2024-2025
Jeff Green,38,HOU,PF,7,0,5.7,1.0,1.9,.538,0.4,1.1,.375,0.6,0.7,.800,.654,0.0,0.0,,0.0,0.6,0.6,0.1,0.3,0.0,0.3,0.3,2.4,,2024-2025
Trey Jemison,25,NOP,C,16,0,10.4,0.9,2.0,.469,0.0,0.0,,0.9,2.0,.469,.469,0.5,1.3,.381,1.4,1.4,2.8,0.6,0.4,0.4,0.6,1.7,2.4,,2024-2025
Dillon Jones,23,OKC,SF,21,0,8.4,0.9,2.6,.345,0.3,1.6,.212,0.6,1.0,.545,.409,0.2,0.4,.625,0.8,1.2,2.0,0.7,0.2,0.0,0.4,0.9,2.4,,2024-2025
Vit Krejci,24,ATL,PG,14,0,11.8,0.9,2.8,.308,0.3,1.5,.190,0.6,1.3,.444,.359,0.4,0.6,.556,0.5,1.3,1.8,1.4,0.5,0.3,0.6,1.6,2.4,,2024-2025
Kel'el Ware,20,MIA,C,10,0,6.9,1.0,2.5,.400,0.2,0.7,.286,0.8,1.8,.444,.440,0.2,0.2,1.000,0.2,1.4,1.6,0.1,0.3,0.5,0.4,0.6,2.4,,2024-2025
Vlatko Čančar,27,DEN,PF,4,0,8.5,1.0,1.8,.571,0.3,0.5,.500,0.8,1.3,.600,.643,0.0,0.0,,0.8,1.3,2.0,0.0,0.0,0.3,0.5,1.0,2.3,,2024-2025
Lester Quiñones,24,PHI,SG,4,0,4.3,1.0,2.0,.500,0.0,0.8,.000,1.0,1.3,.800,.500,0.3,0.3,1.000,0.8,0.3,1.0,0.3,0.0,0.0,1.0,0.0,2.3,,2024-2025
Orlando Robinson,24,SAC,C,7,0,6.6,0.9,1.7,.500,0.1,0.6,.250,0.7,1.1,.625,.542,0.4,0.9,.500,0.4,1.3,1.7,1.0,0.3,0.1,0.4,0.9,2.3,,2024-2025
Jeenathan Williams,25,HOU,SG,3,0,3.3,1.0,1.3,.750,0.3,0.7,.500,0.7,0.7,1.000,.875,0.0,0.0,,0.0,1.0,1.0,0.0,0.3,0.0,0.0,0.0,2.3,,2024-2025
Jordan McLaughlin,28,SAC,PG,21,0,7.6,0.7,1.8,.368,0.4,1.0,.364,0.3,0.8,.375,.474,0.5,0.7,.714,0.1,0.8,0.9,0.9,0.4,0.0,0.4,0.5,2.2,,2024-2025
Jae'Sean Tate,29,HOU,SF,11,0,5.5,0.8,1.5,.529,0.0,0.3,.000,0.8,1.3,.643,.529,0.5,0.8,.667,0.4,1.6,2.0,0.6,0.5,0.0,0.5,1.0,2.2,,2024-2025
Patrick Baldwin Jr.,22,WAS,SF,12,0,4.8,0.8,1.6,.474,0.4,0.9,.455,0.3,0.7,.500,.605,0.2,0.3,.500,0.3,0.8,1.0,0.1,0.2,0.2,0.2,0.3,2.1,,2024-2025
Kai Jones,24,LAC,C,19,0,8.0,0.8,1.1,.750,0.0,0.0,,0.8,1.1,.750,.750,0.5,0.6,.750,0.6,1.2,1.8,0.4,0.3,0.5,0.4,1.0,2.1,,2024-2025
Duop Reath,28,POR,C,13,0,6.4,0.8,2.0,.385,0.5,1.5,.368,0.2,0.5,.429,.519,0.0,0.0,,0.5,0.5,1.0,0.2,0.0,0.2,0.1,0.8,2.1,,2024-2025
Jaylon Tyson,22,CLE,SG,14,1,7.7,0.9,1.9,.444,0.2,0.8,.273,0.6,1.1,.563,.500,0.2,0.4,.500,0.7,1.0,1.7,0.8,0.3,0.0,0.4,1.3,2.1,,2024-2025
Ulrich Chomche,19,TOR,PF,1,0,5.0,1.0,1.0,1.000,0.0,0.0,,1.0,1.0,1.000,1.000,0.0,0.0,,0.0,1.0,1.0,0.0,0.0,0.0,0.0,0.0,2.0,,2024-2025
Jeff Dowtin,27,PHI,PG,8,0,10.0,0.8,2.4,.316,0.1,1.0,.125,0.6,1.4,.455,.342,0.4,0.5,.750,0.3,0.8,1.0,1.1,0.4,0.0,0.1,0.6,2.0,,2024-2025
Justin Edwards,21,PHI,SF,2,0,4.5,1.0,1.5,.667,0.0,0.5,.000,1.0,1.0,1.000,.667,0.0,0.5,.000,0.0,1.0,1.0,0.5,0.0,0.0,0.0,0.0,2.0,,2024-2025
Jalen Hood-Schifino,21,LAL,SG,2,0,7.0,0.5,0.5,1.000,0.0,0.0,,0.5,0.5,1.000,1.000,1.0,1.0,1.000,0.5,0.0,0.5,0.5,0.0,0.5,0.5,1.5,2.0,,2024-2025
Bryce McGowens,22,POR,SG,1,0,3.0,1.0,2.0,.500,0.0,1.0,.000,1.0,1.0,1.000,.500,0.0,0.0,,0.0,0.0,0.0,1.0,0.0,0.0,0.0,0.0,2.0,,2024-2025
Alex Reese,25,OKC,PF,1,0,2.0,1.0,1.0,1.000,0.0,0.0,,1.0,1.0,1.000,1.000,0.0,0.0,,1.0,0.0,1.0,0.0,0.0,0.0,0.0,0.0,2.0,,2024-2025
Adama Sanogo,22,CHI,C,4,0,5.3,1.0,1.8,.571,0.0,0.0,,1.0,1.8,.571,.571,0.0,0.0,,1.3,0.3,1.5,0.3,0.0,0.0,0.3,0.3,2.0,,2024-2025
Tyler Smith,20,MIL,PF,10,0,3.4,0.8,1.3,.615,0.3,0.8,.375,0.5,0.5,1.000,.731,0.1,0.2,.500,0.1,0.7,0.8,0.1,0.0,0.3,0.3,0.4,2.0,,2024-2025
Olivier-Maxence Prosper,22,DAL,PF,17,0,7.1,0.7,2.0,.353,0.2,0.7,.333,0.5,1.3,.364,.412,0.3,0.5,.556,0.6,1.1,1.7,0.4,0.2,0.1,0.1,0.4,1.9,,2024-2025
Jericho Sims,26,NYK,C,25,2,12.7,0.9,1.3,.667,0.0,0.0,,0.9,1.3,.667,.667,0.2,0.3,.571,1.3,2.4,3.7,0.6,0.2,0.4,0.6,1.4,1.9,,2024-2025
Ariel Hukporti,22,NYK,C,12,0,8.3,0.8,1.2,.643,0.0,0.0,,0.8,1.2,.643,.643,0.3,0.7,.500,0.3,1.5,1.8,0.5,0.0,0.7,0.8,1.2,1.8,,2024-2025
Christian Koloko,24,LAL,C,17,0,9.8,0.8,1.4,.583,0.0,0.1,.000,0.8,1.3,.636,.583,0.2,0.2,.750,0.8,1.5,2.2,0.2,0.3,0.4,0.3,1.3,1.8,,2024-2025
Matt Ryan,27,NYK,SF,9,0,5.0,0.7,2.3,.286,0.3,1.6,.214,0.3,0.8,.429,.357,0.0,0.0,,0.0,0.2,0.2,0.0,0.1,0.0,0.3,0.0,1.7,,2024-2025
MarJon Beauchamp,24,MIL,SF,11,0,3.2,0.5,1.5,.375,0.2,0.7,.250,0.4,0.7,.500,.438,0.4,0.4,1.000,0.2,0.6,0.8,0.1,0.1,0.0,0.6,0.3,1.6,,2024-2025
Jevon Carter,29,CHI,PG,11,0,4.8,0.6,2.1,.304,0.4,1.5,.250,0.3,0.6,.429,.391,0.0,0.0,,0.1,0.6,0.7,0.5,0.3,0.0,0.4,0.1,1.6,,2024-2025
Pacome Dadiet,19,NYK,SG,12,0,6.8,0.5,1.7,.300,0.4,1.2,.357,0.1,0.5,.167,.425,0.2,0.2,1.000,0.0,1.1,1.1,0.4,0.1,0.2,0.1,0.4,1.6,,2024-2025
Jazian Gortman,21,DAL,PG,8,0,3.1,0.6,1.4,.455,0.3,0.5,.500,0.4,0.9,.429,.545,0.1,0.3,.500,0.1,0.1,0.3,0.3,0.0,0.1,0.3,0.4,1.6,,2024-2025
Maxi Kleber,33,DAL,PF,15,2,16.7,0.6,1.8,.333,0.1,0.6,.222,0.5,1.2,.389,.370,0.3,0.4,.667,0.5,2.5,2.9,0.5,0.1,0.5,0.7,1.9,1.6,,2024-2025
Jalen Pickett,25,DEN,SG,5,0,8.2,0.6,1.0,.600,0.4,0.8,.500,0.2,0.2,1.000,.800,0.0,0.0,,0.2,0.8,1.0,1.6,0.2,0.0,0.4,1.2,1.6,,2024-2025
Dwight Powell,33,DAL,C,21,0,7.5,0.4,0.5,.800,0.0,0.0,,0.4,0.5,.800,.800,0.8,1.1,.708,0.6,1.0,1.6,0.6,0.3,0.4,0.2,1.2,1.6,,2024-2025
Pat Spencer,28,GSW,PG,9,0,5.0,0.7,1.8,.375,0.0,0.3,.000,0.7,1.4,.462,.375,0.2,0.2,1.000,0.4,0.3,0.8,1.3,0.6,0.0,0.4,0.4,1.6,,2024-2025
Adem Bona,21,PHI,C,14,0,6.4,0.6,0.9,.615,0.0,0.0,,0.6,0.9,.615,.615,0.4,0.4,.833,0.6,1.1,1.7,0.0,0.0,0.4,0.4,1.1,1.5,,2024-2025
Enrique Freeman,24,IND,PF,16,1,7.1,0.6,1.2,.474,0.1,0.3,.200,0.5,0.9,.571,.500,0.3,0.6,.556,0.2,0.6,0.8,0.4,0.1,0.1,0.3,0.9,1.5,,2024-2025
Jaylen Martin,21,BRK,SF,2,0,1.5,0.5,0.5,1.000,0.5,0.5,1.000,0.0,0.0,,1.500,0.0,0.0,,0.0,0.0,0.0,0.0,0.0,0.0,0.0,0.5,1.5,,2024-2025
Armel Traoré,22,LAL,SF,8,0,7.6,0.6,2.3,.278,0.0,0.9,.000,0.6,1.4,.455,.278,0.3,0.9,.286,0.1,1.6,1.8,0.1,0.5,0.3,0.3,0.8,1.5,,2024-2025
Adam Flagler,25,OKC,SG,11,0,3.6,0.5,1.8,.250,0.5,1.7,.263,0.0,0.1,.000,.375,0.0,0.0,,0.2,0.4,0.5,0.0,0.2,0.0,0.0,0.4,1.4,,2024-2025
AJ Johnson,20,MIL,SG,5,0,2.2,0.6,1.2,.500,0.2,0.2,1.000,0.4,1.0,.400,.583,0.0,0.0,,0.0,0.4,0.4,0.2,0.0,0.0,0.4,0.0,1.4,,2024-2025
Alex Len,31,SAC,C,21,2,6.8,0.6,1.1,.542,0.0,0.2,.000,0.6,1.0,.650,.542,0.1,0.3,.429,0.5,1.2,1.7,0.8,0.1,0.6,0.3,0.8,1.4,,2024-2025
Terrence Shannon Jr. ,24,MIN,SG,9,0,4.9,0.7,1.3,.500,0.1,0.3,.333,0.6,1.0,.556,.542,0.0,0.0,,0.0,0.2,0.2,0.6,0.2,0.1,0.3,0.1,1.4,,2024-2025
Colin Castleton,24,MEM,C,8,0,2.8,0.1,0.5,.250,0.0,0.3,.000,0.1,0.3,.500,.250,1.0,1.0,1.000,0.3,0.6,0.9,0.0,0.0,0.1,0.0,0.4,1.3,,2024-2025
Caleb Houstan,22,ORL,SF,18,0,5.5,0.4,1.4,.308,0.3,1.2,.273,0.1,0.2,.500,.423,0.1,0.1,1.000,0.1,0.4,0.5,0.1,0.0,0.1,0.1,0.3,1.3,,2024-2025
James Johnson,37,IND,PF,3,0,3.3,0.7,1.3,.500,0.0,0.3,.000,0.7,1.0,.667,.500,0.0,0.0,,0.0,0.7,0.7,0.7,0.0,0.3,1.0,0.0,1.3,,2024-2025
Jack McVeigh,28,HOU,PF,6,0,3.5,0.5,1.8,.273,0.3,1.3,.250,0.2,0.5,.333,.364,0.0,0.0,,0.2,0.5,0.7,0.2,0.0,0.2,0.2,0.2,1.3,,2024-2025
Markieff Morris,35,DAL,PF,4,0,5.3,0.5,2.3,.222,0.3,0.8,.333,0.3,1.5,.167,.278,0.0,0.0,,0.0,1.3,1.3,0.5,0.0,0.3,0.5,0.0,1.3,,2024-2025
Zeke Nnaji,24,DEN,PF,16,0,4.9,0.6,1.4,.435,0.0,0.5,.000,0.6,0.9,.667,.435,0.1,0.3,.200,0.1,0.3,0.4,0.3,0.1,0.1,0.1,0.4,1.3,,2024-2025
Luke Travers,23,CLE,SG,6,0,7.0,0.5,1.2,.429,0.0,0.5,.000,0.5,0.7,.750,.429,0.3,0.3,1.000,0.2,0.8,1.0,0.8,0.2,0.2,0.3,0.5,1.3,,2024-2025
JD Davison,22,BOS,PG,5,0,4.8,0.4,1.0,.400,0.2,0.6,.333,0.2,0.4,.500,.500,0.2,0.4,.500,0.0,0.4,0.4,0.2,0.2,0.0,1.2,0.2,1.2,,2024-2025
Jordan Walsh,20,BOS,PF,19,1,8.3,0.5,1.6,.290,0.3,1.3,.208,0.2,0.4,.571,.371,0.0,0.1,.000,0.4,0.7,1.1,0.2,0.3,0.3,0.2,0.6,1.2,,2024-2025
Brandon Williams,25,DAL,PG,5,0,4.2,0.4,1.8,.222,0.0,0.4,.000,0.4,1.4,.286,.222,0.4,0.6,.667,0.2,0.6,0.8,0.4,0.0,0.0,0.4,0.4,1.2,,2024-2025
Colby Jones,22,SAC,SG,18,0,5.7,0.4,1.2,.364,0.2,0.5,.444,0.2,0.7,.308,.455,0.0,0.0,,0.3,0.7,1.0,0.2,0.3,0.3,0.3,0.6,1.1,,2024-2025
Cory Joseph,33,ORL,PG,15,0,4.2,0.4,1.2,.333,0.3,0.9,.357,0.1,0.3,.250,.472,0.0,0.0,,0.2,0.5,0.7,0.7,0.2,0.1,0.2,0.3,1.1,,2024-2025
Xavier Tillman Sr.,26,BOS,C,17,1,8.6,0.4,1.7,.241,0.2,0.9,.188,0.2,0.8,.308,.293,0.1,0.1,.500,0.4,1.5,1.9,0.4,0.3,0.2,0.4,0.8,1.1,,2024-2025
Trey Alexander,21,DEN,SG,9,0,4.9,0.3,1.3,.250,0.1,0.7,.167,0.2,0.7,.333,.292,0.2,0.2,1.000,0.0,0.1,0.1,0.2,0.0,0.1,0.1,0.3,1.0,,2024-2025
Sidy Cissoko,20,SAS,SF,11,0,3.0,0.4,0.8,.444,0.3,0.4,.750,0.1,0.5,.200,.611,0.0,0.4,.000,0.2,0.5,0.7,0.5,0.0,0.0,0.1,0.4,1.0,,2024-2025
Mouhamed Gueye,22,ATL,PF,2,0,5.5,0.5,2.0,.250,0.0,1.0,.000,0.5,1.0,.500,.250,0.0,0.0,,0.0,1.0,1.0,0.0,0.0,0.0,0.5,0.0,1.0,,2024-2025
Keshad Johnson,23,MIA,SF,2,0,6.0,0.5,1.0,.500,0.0,0.5,.000,0.5,0.5,1.000,.500,0.0,0.0,,0.0,1.0,1.0,0.0,0.0,0.0,0.0,0.0,1.0,,2024-2025
Yuki Kawamura,23,MEM,PG,14,0,2.9,0.3,1.1,.267,0.1,0.8,.182,0.1,0.3,.500,.333,0.3,0.4,.667,0.0,0.1,0.1,0.6,0.1,0.0,0.3,0.3,1.0,,2024-2025
Trevelin Queen,27,ORL,SG,3,0,2.3,0.3,1.0,.333,0.3,0.3,1.000,0.0,0.7,.000,.500,0.0,0.0,,0.0,0.0,0.0,0.0,0.0,0.0,0.3,0.7,1.0,,2024-2025
Jared Rhoden,25,CHO,SG,4,0,3.0,0.5,2.0,.250,0.0,0.5,.000,0.5,1.5,.333,.250,0.0,0.0,,0.5,0.5,1.0,0.5,0.3,0.0,0.3,0.3,1.0,,2024-2025
Liam Robbins,25,MIL,C,5,0,4.0,0.4,0.6,.667,0.0,0.2,.000,0.4,0.4,1.000,.667,0.2,0.8,.250,0.4,0.2,0.6,0.0,0.0,0.0,0.0,0.6,1.0,,2024-2025
PJ Dozier,28,MIN,SG,8,0,4.1,0.3,0.4,.667,0.3,0.4,.667,0.0,0.0,,1.000,0.1,0.8,.167,0.1,0.5,0.6,0.6,0.1,0.0,0.1,0.4,0.9,,2024-2025
Gui Santos,22,GSW,PF,7,0,4.3,0.3,0.7,.400,0.1,0.4,.333,0.1,0.3,.500,.500,0.1,0.3,.500,0.3,0.7,1.0,0.3,0.0,0.1,0.3,0.6,0.9,,2024-2025
Branden Carlson,25,OKC,C,5,0,3.6,0.2,1.4,.143,0.0,1.0,.000,0.2,0.4,.500,.143,0.4,0.4,1.000,0.6,1.0,1.6,0.4,0.2,0.2,0.0,0.2,0.8,,2024-2025
D.J. Carton,24,TOR,SG,4,0,8.3,0.3,1.8,.143,0.0,0.8,.000,0.3,1.0,.250,.143,0.3,0.3,1.000,0.0,1.0,1.0,0.8,0.5,0.0,1.0,0.3,0.8,,2024-2025
PJ Hall,22,DEN,C,5,0,2.2,0.4,1.0,.400,0.0,0.4,.000,0.4,0.6,.667,.400,0.0,0.0,,0.0,0.2,0.2,0.0,0.0,0.0,0.0,0.2,0.8,,2024-2025
Karlo Matković,23,NOP,PF,5,0,7.8,0.4,1.0,.400,0.0,0.0,,0.4,1.0,.400,.400,0.0,0.0,,1.2,0.8,2.0,0.0,0.6,0.6,0.8,0.8,0.8,,2024-2025
Baylor Scheierman,24,BOS,SG,5,0,6.8,0.2,2.0,.100,0.0,1.2,.000,0.2,0.8,.250,.100,0.4,0.4,1.000,0.4,1.0,1.4,0.4,0.2,0.0,0.0,0.6,0.8,,2024-2025
Jaden Springer,22,BOS,SG,9,0,4.3,0.2,1.1,.200,0.0,0.3,.000,0.2,0.8,.286,.200,0.3,0.7,.500,0.4,0.8,1.2,0.3,0.3,0.0,0.1,0.4,0.8,,2024-2025
Reece Beekman,23,2TM,PG,3,0,2.7,0.3,0.3,1.000,0.0,0.0,,0.3,0.3,1.000,1.000,0.0,0.0,,0.3,0.0,0.3,0.3,0.3,0.0,0.3,0.3,0.7,,2024-2025
Reece Beekman,23,GSW,PG,2,0,2.0,0.5,0.5,1.000,0.0,0.0,,0.5,0.5,1.000,1.000,0.0,0.0,,0.5,0.0,0.5,0.5,0.5,0.0,0.0,0.5,1.0,,2024-2025
Reece Beekman,23,BRK,PG,1,0,4.0,0.0,0.0,,0.0,0.0,,0.0,0.0,,,0.0,0.0,,0.0,0.0,0.0,0.0,0.0,0.0,1.0,0.0,0.0,,2024-2025
Chris Livingston,21,MIL,SF,3,0,2.0,0.3,0.7,.500,0.0,0.0,,0.3,0.7,.500,.500,0.0,0.0,,0.3,0.3,0.7,0.3,0.3,0.0,0.3,0.0,0.7,,2024-2025
Cui Yongxi,21,BRK,SG,5,0,2.0,0.2,1.4,.143,0.0,0.6,.000,0.2,0.8,.250,.143,0.2,0.4,.500,0.0,0.4,0.4,0.0,0.0,0.0,0.0,0.0,0.6,,2024-2025
Bronny James,20,LAL,SG,7,0,2.6,0.1,1.1,.125,0.0,0.6,.000,0.1,0.6,.250,.125,0.3,0.3,1.000,0.1,0.0,0.1,0.3,0.1,0.1,0.0,0.3,0.6,,2024-2025
Maxwell Lewis,22,LAL,SF,7,0,4.1,0.3,0.9,.333,0.0,0.0,,0.3,0.9,.333,.333,0.0,0.0,,0.3,0.0,0.3,0.3,0.1,0.0,0.3,0.1,0.6,,2024-2025
Tristen Newton,23,IND,SG,5,0,1.6,0.2,1.2,.167,0.0,0.6,.000,0.2,0.6,.333,.167,0.2,0.2,1.000,0.0,0.0,0.0,0.2,0.0,0.0,0.2,0.4,0.6,,2024-2025
Garrett Temple,38,TOR,SG,9,0,3.9,0.2,0.8,.286,0.1,0.3,.333,0.1,0.4,.250,.357,0.0,0.0,,0.1,0.3,0.4,0.6,0.4,0.1,0.2,0.7,0.6,,2024-2025
Dominick Barlow,21,ATL,SF,2,0,5.5,0.0,0.5,.000,0.0,0.0,,0.0,0.5,.000,.000,0.5,1.0,.500,0.0,0.0,0.0,0.0,0.0,0.0,0.0,0.5,0.5,,2024-2025
Jalen Bridges,23,PHO,SF,2,0,5.5,0.0,1.0,.000,0.0,1.0,.000,0.0,0.0,,.000,0.5,1.0,.500,0.0,0.5,0.5,0.0,0.0,0.0,1.0,0.0,0.5,,2024-2025
Stanley Umude,25,MIL,SG,6,0,2.8,0.2,0.5,.333,0.2,0.5,.333,0.0,0.0,,.500,0.0,0.3,.000,0.0,0.5,0.5,0.2,0.0,0.2,0.0,0.0,0.5,,2024-2025
Malevy Leons,25,OKC,SF,6,0,3.5,0.0,0.3,.000,0.0,0.2,.000,0.0,0.2,.000,.000,0.3,0.7,.500,0.2,0.3,0.5,0.2,0.0,0.0,0.2,0.7,0.3,,2024-2025
Daishen Nix,22,MIN,PG,3,0,4.3,0.0,0.3,.000,0.0,0.3,.000,0.0,0.0,,.000,0.3,0.7,.500,0.0,1.3,1.3,1.0,0.0,0.0,1.3,0.3,0.3,,2024-2025
Jacob Toppin,24,NYK,SF,7,0,3.0,0.1,0.4,.333,0.0,0.3,.000,0.1,0.1,1.000,.333,0.0,0.0,,0.0,0.4,0.4,0.3,0.0,0.0,0.1,0.0,0.3,,2024-2025
Isaiah Crawford,23,SAC,SF,1,0,5.0,0.0,0.0,,0.0,0.0,,0.0,0.0,,,0.0,0.0,,0.0,1.0,1.0,0.0,0.0,0.0,0.0,1.0,0.0,,2024-2025
Alex Ducas,24,OKC,SG,4,0,1.8,0.0,0.8,.000,0.0,0.5,.000,0.0,0.3,.000,.000,0.0,0.0,,0.0,0.0,0.0,0.0,0.0,0.0,0.0,0.0,0.0,,2024-2025
Kessler Edwards,24,DAL,SF,7,0,1.9,0.0,0.4,.000,0.0,0.4,.000,0.0,0.0,,.000,0.0,0.0,,0.0,0.1,0.1,0.0,0.0,0.0,0.1,0.3,0.0,,2024-2025
Joe Ingles,37,MIN,SF,7,0,3.7,0.0,0.3,.000,0.0,0.3,.000,0.0,0.0,,.000,0.0,0.0,,0.3,0.0,0.3,1.3,0.0,0.0,0.1,0.7,0.0,,2024-2025
Harrison Ingram,22,SAS,SF,1,0,7.0,0.0,1.0,.000,0.0,0.0,,0.0,1.0,.000,.000,0.0,0.0,,0.0,1.0,1.0,0.0,0.0,0.0,0.0,1.0,0.0,,2024-2025
Daniss Jenkins,23,DET,PG,2,0,2.5,0.0,1.0,.000,0.0,1.0,.000,0.0,0.0,,.000,0.0,0.0,,0.0,0.0,0.0,0.0,0.0,0.0,0.0,0.5,0.0,,2024-2025
Mason Jones,26,SAC,SG,3,0,4.3,0.0,0.7,.000,0.0,0.7,.000,0.0,0.0,,.000,0.0,0.0,,0.3,1.0,1.3,2.3,0.0,0.0,0.0,0.3,0.0,,2024-2025
Spencer Jones,23,DEN,SF,2,0,2.0,0.0,0.5,.000,0.0,0.5,.000,0.0,0.0,,.000,0.0,0.0,,0.0,0.5,0.5,0.0,1.0,0.0,0.0,0.0,0.0,,2024-2025
Mac McClung,26,ORL,SG,1,0,5.0,0.0,0.0,,0.0,0.0,,0.0,0.0,,,0.0,0.0,,0.0,1.0,1.0,2.0,0.0,0.0,0.0,0.0,0.0,,2024-2025
Justin Minaya,25,POR,SF,1,0,6.0,0.0,0.0,,0.0,0.0,,0.0,0.0,,,0.0,0.0,,0.0,1.0,1.0,0.0,0.0,0.0,0.0,1.0,0.0,,2024-2025
Riley Minix,24,SAS,SF,1,0,7.0,0.0,1.0,.000,0.0,1.0,.000,0.0,0.0,,.000,0.0,0.0,,0.0,2.0,2.0,0.0,0.0,0.0,0.0,0.0,0.0,,2024-2025
Cole Swider,25,DET,SF,2,0,6.5,0.0,2.5,.000,0.0,2.5,.000,0.0,0.0,,.000,0.0,0.0,,0.0,1.0,1.0,0.5,0.0,0.0,0.0,0.5,0.0,,2024-2025
League Average,,,,,,,,,.464,,,.360,,,.541,.540,,,.777,,,,,,,,,,,2024-2025
