Player,Age,Team,Pos,G,GS,MP,PG%,SG%,SF%,PF%,C%,OnCourt,On-Off,BadPass,LostBall,Shoot,Off.,Shoot_1,Off._1,PGA,And1,Blkd,Awards,Year
De'Aaron Fox,27,SAC,PG,28,28,1042,94,6,0,0,0,2.1,-3.3,42,44,24,6,83,16,417,12,29,,2024-2025
Mikal Bridges,28,NYK,SF,27,27,1034,0,2,80,19,0,9.1,8.8,27,12,14,2,14,3,228,6,7,,2024-2025
Tyrese Haliburton,24,IND,PG,28,28,990,60,39,1,0,0,-2.6,-0.8,36,15,24,1,30,7,583,7,9,,2024-2025
OG Anunoby,27,NYK,PF,27,27,987,0,0,2,98,0,9.5,9.1,16,10,37,4,33,5,141,6,27,,2024-2025
Keegan Murray,24,SAC,PF,27,27,979,0,0,11,88,1,3.7,3.4,11,12,40,2,17,8,96,3,9,,2024-2025
Trae Young,26,ATL,PG,27,27,976,100,0,0,0,0,-0.6,7.3,96,22,31,2,57,9,756,8,24,,2024-2025
Pascal Siakam,30,IND,PF,28,28,967,0,0,27,69,3,0.7,10.1,11,20,30,7,52,3,233,15,16,,2024-2025
Josh Hart,29,NYK,SG,26,26,957,0,62,38,0,0,6.4,-3.7,24,13,35,1,30,4,353,10,10,,2024-2025
Jalen Johnson,23,ATL,SF,26,26,955,0,0,12,87,0,1.1,12.8,49,13,26,10,45,2,332,9,30,,2024-2025
Devin Booker,28,PHO,SG,26,26,951,1,32,60,8,0,-1.8,-6.7,22,23,20,7,67,8,426,9,27,,2024-2025
Domantas Sabonis,28,SAC,C,26,26,938,0,0,0,1,99,5.0,7.1,26,28,38,19,54,3,376,12,23,,2024-2025
Anthony Edwards,23,MIN,SG,26,26,931,1,70,28,1,0,4.2,3.5,34,32,21,4,55,2,256,16,20,,2024-2025
Jalen Brunson,28,NYK,PG,27,27,925,100,0,0,0,0,7.2,-0.3,41,20,20,3,71,22,480,21,24,,2024-2025
Bennedict Mathurin,22,IND,SG,28,23,921,0,26,73,1,0,-1.2,3.4,18,29,37,11,67,4,123,12,26,,2024-2025
Anthony Davis,31,LAL,C,26,26,918,0,0,0,4,96,-1.4,3.4,23,24,33,5,99,4,207,28,23,,2024-2025
James Harden,35,LAC,PG,27,27,912,50,50,0,0,0,4.5,6.2,63,39,17,14,79,3,517,12,28,,2024-2025
Jayson Tatum,26,BOS,PF,25,25,911,0,5,43,52,0,11.6,8.5,31,21,23,11,71,4,364,16,20,,2024-2025
Ivica Zubac,27,LAC,C,28,28,902,0,0,0,0,100,6.1,11.0,13,22,33,9,43,2,171,14,21,,2024-2025
Derrick White,30,BOS,SG,26,26,898,7,85,8,0,0,10.9,5.8,28,6,37,2,22,7,308,3,13,,2024-2025
Shai Gilgeous-Alexander,26,OKC,PG,26,26,897,100,0,0,0,0,15.6,11.8,39,18,35,2,79,1,413,14,21,,2024-2025
Fred VanVleet,30,HOU,PG,25,25,885,95,5,0,0,0,7.7,3.9,23,7,25,4,26,4,357,4,12,,2024-2025
Rudy Gobert,32,MIN,C,26,26,883,0,0,0,0,100,3.9,2.0,10,16,27,13,42,10,131,8,20,,2024-2025
Jalen Green,22,HOU,SG,27,27,879,15,84,2,0,0,2.9,-10.5,30,33,20,5,51,2,166,8,35,,2024-2025
Dyson Daniels,21,ATL,SG,26,26,877,0,67,33,0,0,-3.1,-1.6,32,11,33,3,19,7,204,2,14,,2024-2025
Michael Porter Jr.,26,DEN,SF,25,25,877,0,1,42,55,2,5.6,9.9,12,12,33,3,28,0,166,10,19,,2024-2025
LeBron James,40,LAL,SF,25,25,874,0,0,52,46,2,-6.1,-11.3,64,22,9,5,49,3,520,15,22,,2024-2025
Cade Cunningham,23,DET,PG,24,24,870,91,9,0,0,0,-2.1,3.9,60,36,28,6,48,2,561,12,33,,2024-2025
Ochai Agbaji,24,TOR,SG,28,26,867,12,79,10,0,0,-5.8,-1.8,7,8,44,4,13,1,133,5,15,,2024-2025
Karl-Anthony Towns,29,NYK,C,25,25,862,0,0,0,0,100,9.7,7.1,24,11,42,22,79,3,196,24,32,,2024-2025
Ayo Dosunmu,25,CHI,SG,28,15,858,12,59,29,0,0,-5.1,-8.6,21,8,37,2,21,3,316,5,27,,2024-2025
Nikola Vučević,34,CHI,C,27,27,858,0,0,0,0,100,-2.4,-1.1,21,12,42,8,34,3,223,13,13,,2024-2025
Julius Randle,30,MIN,PF,26,26,855,0,0,0,98,2,2.0,-3.7,23,26,30,15,68,0,259,10,30,,2024-2025
Kentavious Caldwell-Pope,31,ORL,SG,28,28,852,3,75,21,1,0,4.3,4.1,15,6,28,1,8,14,126,3,7,,2024-2025
Coby White,24,CHI,SG,26,26,850,38,59,4,0,0,-2.2,-0.5,29,15,30,6,33,3,296,6,18,,2024-2025
Dillon Brooks,29,HOU,SF,27,27,849,0,33,67,0,0,10.0,10.2,13,5,36,5,15,9,105,3,15,,2024-2025
Cameron Johnson,28,BRK,PF,26,26,848,0,2,24,54,20,-4.5,2.7,17,10,21,1,32,7,198,7,20,,2024-2025
Kyrie Irving,32,DAL,SG,24,24,848,21,72,7,0,0,5.4,-0.2,33,15,26,3,37,1,298,13,16,,2024-2025
Alperen Sengun,22,HOU,C,27,27,842,0,0,0,0,100,9.1,7.2,23,23,42,10,57,7,344,16,35,,2024-2025
Bam Adebayo,27,MIA,C,24,24,840,0,0,0,0,100,3.9,2.1,23,11,25,6,42,1,307,7,18,,2024-2025
Jalen Suggs,23,ORL,PG,28,28,839,93,8,0,0,0,-0.3,-7.6,41,23,36,7,29,17,256,7,12,,2024-2025
Jalen Williams,23,OKC,SG,26,26,838,0,0,51,48,2,11.1,-3.9,30,25,39,3,45,3,321,11,22,,2024-2025
Tobias Harris,32,DET,PF,26,26,837,0,0,0,96,3,-3.3,0.5,9,11,28,7,32,3,150,11,21,,2024-2025
Bilal Coulibaly,20,WAS,SF,24,24,837,0,11,75,14,0,-16.4,-6.0,29,13,19,3,37,1,194,8,20,,2024-2025
Tyler Herro,25,MIA,SG,24,24,837,37,59,4,0,0,2.5,-2.7,30,20,18,5,42,2,285,12,25,,2024-2025
Jakob Poeltl,29,TOR,C,26,25,835,0,0,0,0,100,-1.8,8.9,26,13,45,13,41,2,158,11,22,,2024-2025
Tyus Jones,28,PHO,PG,26,26,831,98,2,0,0,0,-2.4,-6.7,20,2,14,3,6,9,451,0,11,,2024-2025
Donovan Mitchell,28,CLE,SG,26,26,830,42,58,0,0,0,12.2,2.1,22,23,24,6,34,5,293,8,17,,2024-2025
Jabari Smith Jr.,21,HOU,PF,27,27,829,0,0,0,87,13,4.3,-5.7,10,7,32,2,25,1,76,5,16,,2024-2025
Franz Wagner,23,ORL,SF,25,25,829,0,0,47,53,0,7.7,12.4,27,21,30,4,61,9,343,9,30,,2024-2025
Toumani Camara,24,POR,PF,27,27,826,0,0,0,85,15,-7.5,4.4,18,13,35,8,14,26,134,2,11,,2024-2025
Jerami Grant,30,POR,PF,25,25,825,0,0,66,32,2,-11.9,-7.7,19,9,28,4,42,5,145,11,22,,2024-2025
RJ Barrett,24,TOR,SG,24,24,824,0,15,52,33,0,-3.9,3.1,48,28,36,2,73,6,343,13,37,,2024-2025
Christian Braun,23,DEN,SG,24,24,822,6,87,8,0,0,10.2,22.9,16,6,26,6,40,2,101,6,17,,2024-2025
Myles Turner,28,IND,C,26,26,821,0,0,0,0,100,-2.5,-0.4,22,17,46,17,44,0,95,11,11,,2024-2025
Nikola Jokić,29,DEN,C,22,22,819,0,0,0,0,100,10.3,23.6,45,29,16,5,54,2,506,13,25,,2024-2025
Brook Lopez,36,MIL,C,25,25,817,0,0,0,0,100,1.5,1.2,5,8,35,12,18,2,101,4,3,,2024-2025
DeMar DeRozan,35,SAC,SF,23,23,816,0,4,82,14,0,2.5,-0.7,18,15,24,4,80,8,226,27,15,,2024-2025
Giannis Antetokounmpo,30,MIL,PF,23,23,810,0,0,0,63,37,1.9,2.4,26,23,22,12,129,2,378,35,32,,2024-2025
Malik Beasley,28,DET,SG,28,8,803,32,63,5,0,0,0.7,10.2,19,7,13,2,13,2,134,2,9,,2024-2025
Jarrett Allen,26,CLE,C,27,27,802,0,0,0,0,100,9.6,-5.0,14,9,22,2,44,4,119,14,14,,2024-2025
Zach LaVine,29,CHI,SF,24,24,800,0,4,74,22,0,1.3,8.1,31,27,29,1,41,1,239,10,15,,2024-2025
Damian Lillard,34,MIL,PG,22,22,800,100,0,0,0,0,-1.7,-8.2,48,13,24,0,58,3,395,7,19,,2024-2025
Julian Champagnie,23,SAS,SF,27,26,797,0,19,53,28,0,1.2,8.6,17,6,30,2,17,0,93,3,12,,2024-2025
Dennis Schröder,31,2TM,PG,24,24,794,100,0,0,0,0,-2.9,8.6,39,14,24,5,27,14,394,7,25,,2024-2025
Dennis Schröder,31,BRK,PG,23,23,772,100,0,0,0,0,-1.0,11.0,38,12,23,4,26,14,381,7,24,,2024-2025
Dennis Schröder,31,GSW,PG,1,1,22,100,0,0,0,0,-72.0,-75.6,1,2,1,1,1,0,13,0,1,,2024-2025
Keyonte George,21,UTA,PG,25,25,791,92,8,0,0,0,-11.7,-4.8,45,23,15,4,38,9,349,9,23,,2024-2025
Darius Garland,25,CLE,PG,26,26,785,100,0,0,0,0,8.7,-6.9,39,16,26,3,38,6,393,9,16,,2024-2025
Jaden McDaniels,24,MIN,PF,26,26,779,0,0,95,5,0,-1.5,-12.4,12,6,32,2,13,8,114,2,15,,2024-2025
Jaylen Brown,28,BOS,SF,22,22,778,0,17,80,4,0,11.1,5.1,23,25,22,11,63,5,262,12,20,,2024-2025
Payton Pritchard,27,BOS,PG,27,0,776,100,0,0,0,0,8.3,-1.8,12,9,19,2,11,4,220,3,11,,2024-2025
Harrison Barnes,32,SAS,PF,27,27,771,0,0,37,63,0,-0.9,3.1,11,4,13,2,38,1,113,5,11,,2024-2025
Chris Paul,39,SAS,PG,27,27,766,100,0,0,0,0,3.5,13.6,39,10,25,1,6,0,550,1,3,,2024-2025
Kelly Oubre Jr.,29,PHI,SF,24,21,765,0,11,52,37,0,-3.1,4.2,10,20,27,2,24,10,87,6,23,,2024-2025
Luguentz Dort,25,OKC,SF,26,26,763,0,0,3,72,26,12.1,-0.5,6,4,34,3,20,23,109,7,11,,2024-2025
Jaden Ivey,22,DET,SG,25,25,759,7,75,18,0,0,-4.8,-2.9,34,24,21,8,51,6,258,11,25,,2024-2025
Evan Mobley,23,CLE,PF,25,25,759,0,0,0,50,50,14.7,7.8,18,18,38,4,56,4,171,18,24,,2024-2025
Brandon Miller,22,CHO,SF,22,22,757,0,0,70,27,3,-7.7,-3.1,27,23,21,9,28,3,184,6,18,,2024-2025
Gradey Dick,21,TOR,SG,23,23,746,0,31,64,4,0,-3.1,4.5,16,15,21,4,35,7,104,3,14,,2024-2025
John Collins,27,UTA,PF,25,16,744,0,0,40,56,4,-4.6,13.3,27,17,41,11,51,0,153,18,36,,2024-2025
Anfernee Simons,25,POR,SG,24,24,744,61,37,3,0,0,-11.0,-4.4,30,19,26,2,31,4,282,6,26,,2024-2025
Santi Aldama,24,MEM,PF,28,11,741,0,0,12,74,13,10.1,0.6,21,8,16,2,19,6,207,5,10,,2024-2025
Austin Reaves,26,LAL,SG,22,22,741,40,55,5,0,0,-0.5,4.4,29,14,28,2,34,15,260,13,10,,2024-2025
Luka Dončić,25,DAL,PG,20,20,739,73,28,0,0,0,9.2,8.5,46,18,26,1,63,8,392,17,11,,2024-2025
Jrue Holiday,34,BOS,PG,24,24,734,61,39,0,0,0,7.7,-3.2,20,9,14,1,18,5,241,4,10,,2024-2025
Josh Giddey,22,CHI,PG,27,27,732,90,10,0,0,0,-2.9,-2.0,47,17,31,2,26,1,466,5,24,,2024-2025
Carlton Carrington,19,WAS,PG,25,17,732,100,0,0,0,0,-20.5,-15.1,23,14,46,6,6,5,240,2,9,,2024-2025
Rui Hachimura,26,LAL,PF,22,22,730,0,0,0,94,6,2.6,11.3,8,10,19,2,24,4,94,4,16,,2024-2025
Amen Thompson,22,HOU,SF,27,2,728,0,14,67,19,0,7.5,2.5,15,18,22,9,49,3,146,8,15,,2024-2025
Jaren Jackson Jr.,25,MEM,C,26,26,726,0,0,0,31,69,11.8,4.2,14,21,42,9,63,3,94,15,28,,2024-2025
Collin Sexton,26,UTA,SG,26,24,724,16,79,6,0,0,-4.4,13.1,28,28,26,5,44,5,210,8,28,,2024-2025
Davion Mitchell,26,TOR,PG,27,13,723,97,3,0,0,0,-3.9,2.8,33,11,29,5,10,16,323,4,12,,2024-2025
Jamal Murray,27,DEN,PG,20,20,721,65,35,0,0,0,8.7,14.1,30,6,20,0,29,7,296,7,19,,2024-2025
Victor Wembanyama,21,SAS,C,22,22,716,0,0,0,0,100,3.8,13.1,34,31,26,8,40,7,201,12,11,,2024-2025
Deni Avdija,24,POR,SF,27,12,713,0,34,46,19,1,-10.3,-2.6,33,13,37,4,47,1,196,11,19,,2024-2025
Jordan Poole,25,WAS,SG,23,23,712,26,71,3,0,0,-16.4,-4.6,39,25,31,4,38,10,270,5,26,,2024-2025
Cody Martin,29,CHO,SF,27,5,709,0,29,63,8,1,-3.0,7.6,15,10,19,0,14,7,155,0,5,,2024-2025
Anthony Black,21,ORL,PG,29,1,706,37,57,5,0,0,0.7,-4.0,34,19,26,7,31,9,264,8,15,,2024-2025
Stephon Castle,20,SAS,PG,26,17,702,38,61,1,0,0,-3.1,-2.0,26,13,20,2,41,4,238,8,17,,2024-2025
Yves Missi,20,NOP,C,27,21,701,0,0,0,0,100,-15.3,-5.3,15,8,38,3,44,0,79,11,25,,2024-2025
Tim Hardaway Jr.,32,DET,SG,25,25,694,0,15,82,3,0,-9.2,-11.6,9,5,20,1,16,24,95,2,3,,2024-2025
Josh Green,24,CHO,SG,25,24,692,0,75,23,2,0,-7.8,-3.0,11,2,23,7,11,11,105,2,13,,2024-2025
D'Angelo Russell,28,LAL,PG,26,10,689,100,0,0,0,0,3.4,12.5,27,8,22,8,22,8,287,4,9,,2024-2025
Cason Wallace,21,OKC,SG,26,15,688,9,55,33,4,0,10.5,-4.0,7,7,26,1,4,2,133,3,13,,2024-2025
P.J. Washington,26,DAL,PF,21,20,688,0,0,7,87,6,7.3,3.8,10,16,19,6,25,3,117,6,13,,2024-2025
Brandon Boston Jr.,23,NOP,SG,25,10,686,2,54,39,6,0,-8.4,8.8,19,13,22,3,23,5,200,2,16,,2024-2025
Jaylen Wells,21,MEM,SG,28,23,683,0,41,57,2,0,6.5,-6.7,14,14,18,2,19,12,107,5,10,,2024-2025
Royce O'Neale,31,PHO,SF,26,7,682,0,3,50,46,1,2.1,5.0,17,5,35,2,9,1,148,1,8,,2024-2025
Norman Powell,31,LAC,SG,21,21,682,5,60,35,0,0,4.2,3.6,12,22,26,2,31,2,131,6,17,,2024-2025
Draymond Green,34,GSW,PF,24,22,677,0,0,10,75,15,3.7,3.4,50,5,45,6,16,9,331,7,6,,2024-2025
LaMelo Ball,23,CHO,PG,20,20,673,79,20,1,0,0,-3.0,7.3,42,18,23,10,50,6,364,9,23,,2024-2025
Lauri Markkanen,27,UTA,PF,21,21,667,0,0,4,82,14,-9.2,1.6,11,14,19,4,39,5,117,7,13,,2024-2025
Amir Coffey,27,LAC,SG,27,8,664,0,8,67,25,0,1.9,-1.1,8,7,26,2,18,3,88,3,8,,2024-2025
Taurean Prince,30,MIL,SF,25,25,664,0,1,87,12,0,-3.2,-9.6,16,5,23,2,2,7,103,1,10,,2024-2025
Tyrese Maxey,24,PHI,PG,18,18,664,79,21,0,0,0,-2.3,5.2,21,9,21,2,31,2,218,10,27,,2024-2025
Zaccharie Risacher,19,ATL,SF,28,26,662,0,10,80,10,0,-4.9,-4.5,9,13,38,1,29,3,81,4,23,,2024-2025
Jalen Wilson,24,BRK,PF,26,6,661,0,1,20,49,31,-4.2,2.3,9,6,27,5,21,3,124,5,18,,2024-2025
Derrick Jones Jr.,27,LAC,SF,26,26,645,0,1,6,91,2,1.5,-1.8,9,10,28,5,19,8,60,7,14,,2024-2025
Donte DiVincenzo,28,MIN,SG,26,2,644,62,37,1,0,0,2.4,-1.8,28,13,18,1,5,7,212,0,9,,2024-2025
Clint Capela,30,ATL,C,28,28,643,0,0,0,0,100,1.1,6.9,7,6,35,7,28,8,84,6,27,,2024-2025
Stephen Curry,36,GSW,PG,21,21,643,98,2,0,0,0,5.8,7.7,49,11,7,3,30,6,310,11,15,,2024-2025
Jake LaRavia,23,MEM,PF,28,0,642,0,1,60,37,3,13.7,7.4,22,10,29,4,29,4,237,6,16,,2024-2025
Klay Thompson,34,DAL,SF,23,23,638,0,6,84,10,0,9.3,7.3,19,3,19,2,12,1,100,4,8,,2024-2025
Russell Westbrook,36,DEN,PG,25,6,637,100,0,0,0,0,-4.4,-15.5,40,13,20,6,38,4,362,4,22,,2024-2025
Naz Reid,25,MIN,C,26,0,636,0,0,0,51,49,6.0,5.5,13,11,42,4,23,2,108,9,14,,2024-2025
Kris Dunn,30,LAC,PG,28,17,635,98,2,0,0,0,10.0,14.2,13,6,40,5,5,3,187,2,3,,2024-2025
Terry Rozier,30,MIA,PG,22,12,631,100,0,0,0,0,0.2,-6.7,20,4,17,6,21,7,166,7,9,,2024-2025
Andrew Wiggins,29,GSW,SF,22,22,627,0,7,72,22,0,1.2,-1.9,5,16,21,2,46,3,126,13,27,,2024-2025
Scotty Pippen Jr.,24,MEM,PG,28,10,624,86,14,0,0,0,5.1,-8.8,35,9,24,5,24,14,345,7,18,,2024-2025
Dalton Knecht,23,LAL,SF,27,12,624,0,39,52,9,0,-3.8,-2.6,9,2,24,4,11,1,67,3,11,,2024-2025
Alex Sarr,19,WAS,C,23,23,623,0,0,0,10,90,-18.3,-7.8,15,12,43,5,21,1,113,0,12,,2024-2025
Buddy Hield,32,GSW,SG,26,5,621,41,37,22,0,0,2.0,-0.4,16,11,20,3,8,0,85,4,14,,2024-2025
Jimmy Butler,35,MIA,PF,19,19,619,0,0,18,82,0,6.6,7.2,18,4,11,2,64,4,252,15,19,,2024-2025
Nickeil Alexander-Walker,26,MIN,SG,26,2,618,24,51,25,0,0,10.0,13.2,29,6,23,0,15,16,155,5,3,,2024-2025
Malik Monk,26,SAC,SG,21,8,616,30,70,1,0,0,3.1,0.6,16,8,35,6,25,10,237,8,15,,2024-2025
Kevin Huerter,26,SAC,SG,24,15,614,0,58,40,2,0,0.2,-4.9,18,7,37,1,10,2,111,1,4,,2024-2025
Brandin Podziemski,21,GSW,SG,25,8,613,8,47,39,6,0,2.5,0.7,13,11,19,1,13,13,220,3,11,,2024-2025
Keldon Johnson,25,SAS,SF,24,0,613,0,20,72,8,0,-9.3,-13.7,9,5,19,2,32,3,105,9,16,,2024-2025
Jalen Duren,21,DET,C,25,25,608,0,0,0,0,100,-7.3,-6.9,26,13,45,11,31,0,134,7,15,,2024-2025
Peyton Watson,22,DEN,SF,25,12,607,0,0,71,29,0,1.2,-3.4,10,6,33,2,26,1,71,5,17,,2024-2025
Jonathan Kuminga,22,GSW,PF,24,10,607,0,0,14,57,30,0.9,-2.3,20,11,23,4,49,2,119,5,30,,2024-2025
Brandon Ingram,27,NOP,SF,18,18,595,0,7,66,27,0,-11.2,2.8,28,26,22,13,26,1,224,4,21,,2024-2025
Onyeka Okongwu,24,ATL,C,25,0,594,0,0,0,0,100,-4.3,-3.1,8,7,38,5,26,0,82,6,22,,2024-2025
Tristan Da Silva,23,ORL,SF,25,18,593,0,5,75,14,6,-0.7,-5.8,6,6,23,5,12,3,86,3,9,,2024-2025
Gary Trent Jr.,26,MIL,SG,23,7,593,5,60,35,0,0,-0.3,-2.9,2,5,16,4,12,5,53,2,4,,2024-2025
Jared McCain,20,PHI,SG,23,8,592,13,86,1,0,0,-3.1,2.8,16,16,11,3,25,1,140,3,11,,2024-2025
Javonte Green,31,NOP,SG,26,12,591,23,55,22,0,0,-15.2,-4.3,9,4,19,2,25,1,46,9,7,,2024-2025
Walker Kessler,23,UTA,C,20,20,587,0,0,0,0,100,-9.7,0.5,8,11,23,7,25,0,78,8,17,,2024-2025
Caleb Martin,29,PHI,SF,20,15,582,0,28,66,6,0,-10.9,-12.6,6,18,14,5,20,9,115,2,6,,2024-2025
Shaedon Sharpe,21,POR,SG,19,17,582,1,83,15,1,0,-8.5,1.1,14,16,8,3,33,1,127,6,16,,2024-2025
Isaiah Stewart,23,DET,C,27,3,579,0,0,0,1,99,-2.2,2.2,7,7,30,11,15,1,121,5,4,,2024-2025
Bobby Portis,29,MIL,PF,24,1,578,0,0,0,91,9,-4.0,-9.6,10,8,22,3,14,1,103,7,14,,2024-2025
Kevin Durant,36,PHO,PF,16,16,572,0,0,0,79,21,2.7,5.3,27,13,15,4,41,4,146,10,10,,2024-2025
Guerschon Yabusele,29,PHI,PF,24,10,571,0,0,0,24,76,-1.3,6.1,8,10,26,9,17,5,107,4,11,,2024-2025
Goga Bitadze,25,ORL,C,24,21,568,0,0,0,0,100,7.6,8.1,10,8,28,9,19,1,113,3,9,,2024-2025
Cam Thomas,23,BRK,SG,17,17,568,10,63,26,0,0,-6.4,-1.8,15,22,19,5,52,5,139,12,23,,2024-2025
Moritz Wagner,27,ORL,C,29,1,563,0,0,0,4,96,-2.1,-8.1,12,16,22,11,50,9,100,14,14,,2024-2025
Georges Niang,31,CLE,PF,27,1,561,0,0,10,89,1,15.8,7.5,11,9,26,3,4,3,82,2,8,,2024-2025
Desmond Bane,26,MEM,SG,20,19,561,2,70,27,1,0,9.3,-1.1,23,9,22,5,14,1,220,5,16,,2024-2025
Mike Conley,37,MIN,PG,22,22,559,100,0,0,0,0,5.7,4.2,22,5,17,1,11,9,244,1,6,,2024-2025
Miles McBride,24,NYK,PG,22,0,558,7,93,1,0,0,11.6,7.4,11,8,13,1,10,6,166,2,11,,2024-2025
Al Horford,38,BOS,C,20,18,554,0,0,0,40,60,9.8,1.3,12,3,23,2,4,0,119,2,1,,2024-2025
Dorian Finney-Smith,31,BRK,PF,19,19,552,0,8,56,35,1,3.5,15.4,10,3,27,2,7,2,75,2,8,,2024-2025
Obi Toppin,26,IND,PF,27,0,551,0,0,0,44,56,-5.9,-6.2,7,7,26,1,16,0,110,3,7,,2024-2025
Spencer Dinwiddie,31,DAL,PG,25,1,551,97,3,0,0,0,2.3,-5.6,15,2,16,4,28,4,194,3,3,,2024-2025
Deandre Ayton,26,POR,C,18,18,548,0,0,0,0,100,-11.4,-4.0,8,13,27,6,11,1,63,5,7,,2024-2025
Tari Eason,23,HOU,PF,24,0,546,0,0,25,71,4,8.6,3.8,6,5,25,5,21,1,60,2,13,,2024-2025
Haywood Highsmith,28,MIA,SF,22,16,546,0,0,63,37,0,2.0,-2.4,3,5,19,2,7,2,60,3,7,,2024-2025
Keon Ellis,25,SAC,SG,26,4,545,6,76,18,0,0,9.5,11.1,9,5,22,3,13,2,72,4,5,,2024-2025
Corey Kispert,25,WAS,SF,20,0,544,0,1,37,62,0,-13.2,2.6,8,6,17,3,11,3,71,1,12,,2024-2025
Max Christie,21,LAL,SG,26,5,536,4,57,39,1,0,-5.5,-5.1,8,8,21,2,26,3,76,4,5,,2024-2025
Naji Marshall,27,DAL,SF,22,7,535,0,1,45,53,1,4.7,-1.3,17,9,14,4,19,1,123,4,11,,2024-2025
T.J. McConnell,32,IND,PG,27,0,534,100,0,0,0,0,-1.9,0.7,26,12,17,0,13,17,274,3,18,,2024-2025
Bradley Beal,31,PHO,SG,16,16,533,8,73,19,0,0,-5.6,-9.4,13,18,31,0,15,5,123,3,7,,2024-2025
Daniel Gafford,26,DAL,C,26,12,531,0,0,0,1,99,0.5,-8.6,6,10,41,7,35,2,77,12,12,,2024-2025
Grayson Allen,29,PHO,SG,22,1,531,23,77,0,0,0,0.8,1.7,12,5,10,5,22,2,91,3,9,,2024-2025
Aaron Wiggins,26,OKC,SG,26,8,529,0,19,63,17,1,13.8,2.5,14,5,21,1,8,0,91,1,17,,2024-2025
Dereck Lively II,20,DAL,C,22,15,529,0,0,0,0,100,10.1,7.7,12,5,39,8,29,0,135,5,14,,2024-2025
Duncan Robinson,30,MIA,SF,23,12,520,0,33,54,13,1,5.0,3.2,12,7,28,1,7,3,120,1,13,,2024-2025
Julian Strawther,22,DEN,SG,25,0,516,0,39,60,1,0,-12.2,-26.7,7,5,37,9,15,4,86,2,7,,2024-2025
Nic Claxton,25,BRK,C,21,13,516,0,0,0,0,100,-5.7,-0.5,8,4,23,9,18,1,113,3,5,,2024-2025
Gabe Vincent,28,LAL,PG,27,4,515,56,45,0,0,0,-1.7,1.2,11,3,30,1,4,6,61,0,5,,2024-2025
Quentin Grimes,24,DAL,SG,25,9,515,0,41,56,3,0,7.2,2.7,13,9,13,3,19,6,92,6,3,,2024-2025
Kyshawn George,21,WAS,SG,20,6,514,1,60,39,0,0,-10.8,6.6,10,6,40,3,10,2,126,1,8,,2024-2025
Scoot Henderson,20,POR,PG,20,3,513,100,0,0,0,0,-11.9,-4.7,29,18,16,5,21,5,243,4,16,,2024-2025
Caris LeVert,30,CLE,SF,21,0,512,0,8,81,11,0,18.5,11.7,20,6,13,1,25,1,216,4,10,,2024-2025
Nicolas Batum,36,LAC,PF,28,1,511,0,0,0,84,16,8.4,9.6,7,1,19,2,5,1,101,0,3,,2024-2025
Trey Murphy III,24,NOP,SF,15,13,511,0,0,40,60,0,-14.0,-2.1,12,8,16,4,25,1,85,7,5,,2024-2025
Ben Simmons,28,BRK,PG,21,15,510,65,35,0,0,0,-2.0,5.5,34,12,21,7,7,7,347,3,2,,2024-2025
Jeremiah Robinson-Earl,24,NOP,PF,26,4,509,0,0,0,74,26,-14.1,-2.1,10,7,17,2,11,1,71,2,11,,2024-2025
Isaiah Joe,25,OKC,SG,24,9,509,26,74,0,0,0,12.9,1.0,5,6,19,0,4,15,94,1,6,,2024-2025
A.J. Green,25,MIL,SG,24,3,507,10,89,1,0,0,5.5,7.5,8,5,30,3,0,7,63,0,1,,2024-2025
Brandon Clarke,28,MEM,PF,27,17,505,0,0,43,56,0,15.6,9.3,6,4,30,3,15,1,69,10,10,,2024-2025
CJ McCollum,33,NOP,PG,15,15,504,97,3,0,0,0,-11.8,1.7,15,7,17,2,18,1,137,5,14,,2024-2025
Scottie Barnes,23,TOR,PF,15,15,501,0,0,30,68,1,-2.7,3.9,32,12,14,5,27,1,263,5,11,,2024-2025
Kevin Porter Jr.,24,LAC,SG,25,1,499,18,52,28,2,0,-2.2,-7.4,26,20,19,4,21,3,180,4,13,,2024-2025
Jarace Walker,21,IND,PF,28,1,498,0,0,19,73,9,-7.4,-8.1,24,9,18,4,13,2,99,4,6,,2024-2025
Jonathan Mogbo,23,TOR,PF,28,4,497,0,0,0,42,58,-8.9,-5.9,12,6,26,5,22,1,115,5,14,,2024-2025
Patrick Williams,23,CHI,PF,18,17,491,0,0,0,96,4,-7.3,-8.4,10,9,11,5,13,0,94,1,14,,2024-2025
Jonas Valančiūnas,32,WAS,C,25,6,489,0,0,0,0,100,-17.7,-5.2,16,15,13,10,28,1,131,3,12,,2024-2025
Terance Mann,28,LAC,SG,23,11,484,2,29,64,5,0,-4.2,-10.3,4,5,18,3,11,3,93,2,16,,2024-2025
Isaac Okoro,24,CLE,SG,23,16,483,0,14,83,3,0,13.5,3.2,3,1,27,4,10,5,97,1,12,,2024-2025
De'Andre Hunter,27,ATL,SF,17,2,483,0,0,68,33,0,1.5,6.4,10,6,19,2,26,4,55,7,15,,2024-2025
Grant Williams,26,CHO,PF,16,7,479,0,0,8,84,8,0.9,11.6,7,12,24,7,13,7,98,1,6,,2024-2025
Simone Fontecchio,29,DET,SF,26,0,475,0,0,21,78,1,-3.6,-0.3,10,8,14,0,15,4,59,3,5,,2024-2025
Moussa Diabaté,23,CHO,C,25,4,475,0,0,0,1,99,4.6,17.1,8,4,19,6,6,3,48,2,4,,2024-2025
Jusuf Nurkić,30,PHO,C,19,19,475,0,0,0,0,100,-3.8,-5.8,22,11,32,13,29,2,59,6,9,,2024-2025
Ja Morant,25,MEM,PG,17,17,475,100,0,0,0,0,10.6,1.2,42,12,12,1,50,11,321,14,14,,2024-2025
Sam Hauser,27,BOS,PF,21,2,471,0,0,20,80,0,12.1,4.7,4,4,8,0,2,3,59,2,2,,2024-2025
Ty Jerome,27,CLE,SG,26,2,467,3,57,40,0,0,6.9,-7.1,15,14,12,2,24,0,209,7,8,,2024-2025
Sam Merrill,28,CLE,SG,23,1,465,7,84,9,0,0,9.2,-3.6,6,0,20,2,2,7,104,0,4,,2024-2025
Ziaire Williams,23,BRK,SF,21,7,459,0,22,60,17,1,-6.4,-1.6,12,5,25,1,16,6,59,0,18,,2024-2025
Ron Holland,19,DET,SF,28,1,453,0,2,79,19,0,-2.4,1.5,9,13,20,2,20,2,48,6,10,,2024-2025
Chris Boucher,32,TOR,PF,25,0,452,0,0,4,94,2,-7.0,-2.8,4,7,25,3,25,2,34,5,11,,2024-2025
Paul George,34,PHI,PF,14,14,442,0,0,9,87,3,-4.9,-0.6,20,11,13,4,22,2,177,6,6,,2024-2025
Tidjane Salaün,19,CHO,PF,23,8,434,0,0,0,82,18,-12.9,-9.7,3,8,17,5,10,2,55,1,11,,2024-2025
Andre Jackson Jr.,23,MIL,SG,24,16,432,1,55,37,7,0,7.8,10.4,18,7,28,6,4,4,91,0,4,,2024-2025
Andre Drummond,31,PHI,C,21,13,431,0,0,0,0,100,-10.7,-9.9,10,9,26,12,27,0,25,8,16,,2024-2025
Keon Johnson,22,BRK,SG,25,6,428,24,73,3,0,0,-12.5,-10.6,12,8,29,3,5,4,67,1,17,,2024-2025
Mason Plumlee,34,PHO,C,25,7,423,0,0,0,2,98,3.0,4.8,4,7,25,8,15,0,96,2,15,,2024-2025
Trayce Jackson-Davis,24,GSW,C,25,18,422,0,0,0,0,100,1.0,-1.7,10,2,17,6,21,0,129,4,17,,2024-2025
Jaime Jaquez Jr.,23,MIA,SF,20,1,421,2,32,52,15,0,-6.3,-14.9,11,9,17,3,25,1,115,6,20,,2024-2025
Wendell Carter Jr.,25,ORL,C,16,16,419,0,0,0,53,47,10.9,11.8,4,5,27,4,21,2,87,1,4,,2024-2025
Dean Wade,28,CLE,PF,19,10,418,0,0,26,67,8,11.1,-0.4,1,1,14,2,7,3,63,3,4,,2024-2025
Miles Bridges,26,CHO,PF,14,14,416,0,0,2,59,39,-7.9,-2.2,10,6,9,2,23,4,111,5,14,,2024-2025
Aaron Gordon,29,DEN,PF,14,13,412,0,0,0,94,6,9.9,10.7,10,4,17,3,28,4,109,7,8,,2024-2025
Jay Huff,26,MEM,C,27,1,410,0,0,0,5,95,4.0,-8.5,4,6,36,1,17,2,57,3,4,,2024-2025
Jeremy Sochan,21,SAS,PF,14,11,409,0,0,0,93,7,-0.4,2.5,11,6,11,5,29,0,90,9,16,,2024-2025
Jordan Clarkson,32,UTA,SG,16,2,405,4,69,28,0,0,-14.9,-7.3,16,15,11,4,21,2,145,6,18,,2024-2025
KJ Martin,24,PHI,PF,21,4,404,0,0,23,73,5,2.3,10.4,2,6,32,1,15,0,44,3,8,,2024-2025
Ajay Mitchell,22,OKC,SG,26,0,402,7,53,33,7,1,11.3,-1.4,12,6,28,1,8,9,109,2,9,,2024-2025
Dalano Banton,25,POR,PG,24,0,400,77,24,0,0,0,3.4,18.2,20,15,14,2,30,2,154,9,16,,2024-2025
Kevon Looney,28,GSW,C,24,5,394,0,0,0,0,100,1.2,-1.3,4,4,32,7,14,0,108,3,7,,2024-2025
Lindy Waters III,27,GSW,SG,22,8,394,0,50,48,2,0,2.7,0.9,6,2,22,0,2,2,75,0,6,,2024-2025
Shake Milton,28,BRK,SG,23,0,390,10,62,26,2,0,-6.2,-1.1,6,7,16,2,12,4,120,4,8,,2024-2025
Cam Reddish,25,LAL,SF,20,8,388,0,20,57,23,0,-2.2,0.4,3,5,23,2,8,0,39,1,3,,2024-2025
Jonathan Isaac,27,ORL,PF,23,0,386,0,0,0,89,11,-4.8,-10.4,2,4,21,3,12,0,10,5,5,,2024-2025
Neemias Queta,25,BOS,C,23,5,386,0,0,0,4,96,12.8,5.2,2,5,24,6,10,2,45,0,8,,2024-2025
Julian Phillips,21,CHI,SF,27,2,385,0,0,16,84,0,-2.9,-1.3,5,4,17,0,11,2,31,6,7,,2024-2025
Jalen Smith,24,CHI,C,25,1,384,0,0,0,0,100,1.6,5.1,7,3,27,3,20,4,46,5,4,,2024-2025
Ryan Dunn,22,PHO,SF,22,9,378,0,0,32,65,2,1.1,1.8,3,4,30,3,6,0,43,0,4,,2024-2025
Johnny Juzang,23,UTA,SG,22,0,377,0,38,61,0,0,-13.8,-5.5,4,2,30,2,6,3,57,2,4,,2024-2025
Jamal Shead,22,TOR,PG,26,0,376,100,0,0,0,0,-13.0,-10.8,20,3,27,4,6,12,183,3,7,,2024-2025
Marcus Smart,30,MEM,PG,17,6,373,28,67,5,0,0,8.5,-2.0,23,8,12,1,9,5,159,0,7,,2024-2025
Kyle Lowry,38,PHI,PG,17,10,368,100,0,0,0,0,-12.8,-12.0,9,1,20,1,6,4,117,0,4,,2024-2025
Andrew Nembhard,25,IND,SG,14,14,366,2,95,3,0,0,5.2,10.3,13,9,12,1,12,5,161,1,5,,2024-2025
Dejounte Murray,28,NOP,PG,11,11,361,31,70,0,0,0,-18.8,-8.4,26,15,13,1,18,1,178,7,9,,2024-2025
Cameron Payne,30,NYK,PG,21,0,360,62,38,0,0,0,10.9,4.9,7,1,25,1,4,1,164,2,2,,2024-2025
Moses Moody,22,GSW,SG,23,4,358,25,52,21,3,0,-3.6,-8.0,7,6,12,2,17,3,51,2,10,,2024-2025
Alex Caruso,30,OKC,SG,18,0,358,29,46,25,0,0,12.1,-0.2,8,2,16,2,4,8,101,1,7,,2024-2025
Trey Lyles,29,SAC,PF,18,2,353,0,0,0,54,46,2.0,-1.0,4,5,15,1,7,7,42,0,1,,2024-2025
Luke Kornet,29,BOS,C,21,3,347,0,0,0,0,100,10.9,2.4,3,2,17,4,19,2,87,4,7,,2024-2025
Matas Buzelis,20,CHI,SF,27,0,346,0,0,10,83,7,2.5,6.1,3,8,27,1,14,0,35,2,8,,2024-2025
Kyle Anderson,31,GSW,PF,24,0,346,0,0,0,58,42,-0.8,-3.9,9,1,13,1,8,2,137,4,5,,2024-2025
Jamison Battle,23,TOR,SF,25,0,344,0,24,54,22,0,-8.1,-3.9,3,3,14,0,4,0,57,1,4,,2024-2025
Garrison Mathews,28,ATL,SG,19,1,343,7,75,19,0,0,-9.3,-8.9,5,2,17,1,12,6,61,2,2,,2024-2025
Gary Payton II,32,GSW,SG,26,4,341,30,70,0,0,0,5.1,4.1,7,1,12,5,5,1,73,3,8,,2024-2025
Zach Collins,27,SAS,C,24,4,341,0,0,0,0,100,-11.1,-12.1,5,8,28,7,13,2,90,4,10,,2024-2025
Vasilije Micić,31,CHO,PG,16,7,340,89,11,0,0,0,-11.4,-6.7,21,9,10,1,4,3,143,1,16,,2024-2025
Dalen Terry,22,CHI,SG,25,0,337,1,28,66,5,0,-11.5,-12.7,10,5,18,0,13,1,59,2,5,,2024-2025
Oso Ighodaro,22,PHO,PF,21,2,336,0,0,2,36,62,5.0,7.1,5,3,24,4,5,0,47,2,5,,2024-2025
Donovan Clingan,20,POR,C,20,7,335,0,0,0,0,100,-6.9,3.0,7,8,45,6,13,1,23,4,10,,2024-2025
Isaiah Hartenstein,26,OKC,C,11,10,334,0,0,0,0,100,13.9,2.2,12,6,20,5,12,1,105,3,7,,2024-2025
Brice Sensabaugh,21,UTA,SF,20,0,332,0,6,71,23,0,-21.6,-16.1,16,7,11,1,7,0,58,3,6,,2024-2025
Bogdan Bogdanović,32,ATL,SG,13,0,332,3,94,3,0,0,0.4,4.0,16,1,17,3,5,4,68,0,3,,2024-2025
Kyle Kuzma,29,WAS,PF,12,12,330,0,0,5,94,1,-21.3,-9.4,11,12,9,4,13,2,58,4,9,,2024-2025
Zach Edey,22,MEM,C,16,10,329,0,0,0,0,100,10.9,1.3,5,11,29,8,17,1,42,5,10,,2024-2025
Herbert Jones,26,NOP,SF,10,10,324,0,0,16,76,8,-7.2,7.4,10,7,18,1,12,3,58,2,2,,2024-2025
Seth Curry,34,CHO,SG,25,5,321,1,87,13,0,0,-5.0,1.8,4,2,10,0,4,2,29,0,0,,2024-2025
Jaden Hardy,22,DAL,SG,22,2,320,3,66,32,0,0,0.1,-7.1,11,13,14,2,14,1,60,5,9,,2024-2025
Noah Clowney,20,BRK,PF,18,1,320,0,0,1,43,56,-13.9,-11.3,6,3,31,3,12,5,33,2,11,,2024-2025
Luke Kennard,28,MEM,SG,16,0,319,35,51,14,0,0,13.8,5.2,5,4,7,1,3,0,109,0,2,,2024-2025
Tre Mann,23,CHO,PG,13,0,319,100,0,0,0,0,-8.4,-2.7,10,9,13,4,9,1,102,3,13,,2024-2025
Jordan Hawkins,22,NOP,SG,12,3,319,12,46,40,2,0,-14.5,-2.2,7,3,8,1,10,2,37,2,8,,2024-2025
Jericho Sims,26,NYK,C,25,2,318,0,0,0,12,88,5.2,-2.8,3,3,18,7,2,1,38,1,6,,2024-2025
Devin Vassell,24,SAS,SG,12,1,309,2,76,22,0,0,-13.1,-14.6,12,6,13,0,12,0,83,5,6,,2024-2025
Kyle Filipowski,21,UTA,C,17,8,306,0,0,0,19,81,-14.6,-6.2,10,4,18,1,17,2,80,4,8,,2024-2025
Isaiah Collier,20,UTA,PG,18,1,302,64,36,0,0,0,-14.3,-5.8,19,12,11,7,5,0,139,0,8,,2024-2025
Cody Williams,20,UTA,SG,16,7,299,0,15,82,4,0,-22.0,-15.9,3,6,9,0,4,1,48,0,4,,2024-2025
Reed Sheppard,20,HOU,PG,25,0,297,58,41,1,0,0,0.5,-7.7,7,6,19,0,1,0,76,0,5,,2024-2025
Eric Gordon,36,PHI,SG,17,1,290,1,67,32,0,0,-4.4,0.1,7,5,8,1,10,1,55,1,9,,2024-2025
Nick Richards,27,CHO,C,12,8,289,0,0,0,0,100,-9.1,-3.4,7,5,22,4,29,2,41,6,11,,2024-2025
Ben Sheppard,23,IND,SG,14,5,288,2,86,12,0,0,-1.7,0.8,3,2,27,0,0,4,39,0,5,,2024-2025
Delon Wright,32,MIL,PG,18,2,287,84,16,0,0,0,-4.3,-7.0,3,4,8,1,4,3,71,0,4,,2024-2025
Cole Anthony,24,ORL,PG,26,0,286,100,0,0,0,0,-1.6,-5.4,21,9,13,1,12,2,124,3,4,,2024-2025
Drew Eubanks,27,UTA,C,21,0,284,0,0,0,20,80,-6.8,4.1,6,5,18,2,12,0,62,0,7,,2024-2025
Jett Howard,21,ORL,SF,27,0,282,0,26,48,24,2,-2.1,-6.0,5,2,11,1,2,0,28,0,2,,2024-2025
Gary Harris,30,ORL,SG,17,2,282,7,45,44,4,0,9.5,8.6,1,2,3,0,1,0,18,0,1,,2024-2025
Jose Alvarado,26,NOP,PG,11,7,282,100,0,0,0,0,-15.5,-3.4,7,6,7,0,7,4,110,0,4,,2024-2025
Nikola Jović,21,MIA,PF,15,8,279,0,0,0,90,11,0.2,-4.0,1,4,13,1,12,0,50,3,3,,2024-2025
Ja'Kobe Walter,20,TOR,SG,14,5,275,38,61,1,0,0,-1.5,4.6,5,3,18,0,10,0,54,5,11,,2024-2025
Daniel Theis,32,NOP,C,19,7,270,0,0,0,0,100,-11.9,1.1,6,1,15,4,4,2,53,0,3,,2024-2025
Kris Murray,24,POR,SF,21,0,267,0,26,60,14,0,-8.6,0.6,8,2,10,1,11,0,35,2,5,,2024-2025
Jordan Miller,25,LAC,SF,17,0,266,0,0,60,38,2,-5.3,-9.7,7,5,9,3,10,0,50,2,9,,2024-2025
Chet Holmgren,22,OKC,C,10,10,265,0,0,0,0,100,16.9,5.9,3,15,9,3,24,0,43,6,6,,2024-2025
Talen Horton-Tucker,24,CHI,SG,22,0,264,1,37,59,3,0,4.4,8.0,4,5,13,2,15,2,79,3,4,,2024-2025
Marcus Sasser,24,DET,PG,19,0,260,98,2,0,0,0,-1.0,3.1,7,6,10,0,2,0,84,0,5,,2024-2025
Monte Morris,29,PHO,PG,21,0,258,100,0,0,0,0,5.4,7.0,7,2,8,0,8,1,81,0,4,,2024-2025
Pat Connaughton,32,MIL,SG,15,0,255,2,34,60,4,0,-0.6,-2.1,10,1,9,0,4,3,61,0,5,,2024-2025
Malaki Branham,21,SAS,SG,20,0,251,29,63,8,0,0,-14.8,-15.7,8,15,8,0,8,0,59,0,8,,2024-2025
Maxi Kleber,33,DAL,PF,15,2,251,0,0,0,83,17,11.0,6.7,5,2,17,1,2,3,20,0,2,,2024-2025
Blake Wesley,21,SAS,SG,21,0,247,21,69,10,0,0,3.8,7.3,15,3,7,0,11,5,99,1,8,,2024-2025
Pelle Larsson,23,MIA,SG,15,0,245,10,54,35,1,0,8.1,6.1,6,1,20,0,10,0,57,2,1,,2024-2025
Quenton Jackson,26,IND,PG,15,7,242,84,16,0,0,0,-6.0,-4.6,4,2,14,3,8,13,64,3,9,,2024-2025
Malcolm Brogdon,32,WAS,PG,10,8,241,65,35,0,0,0,-17.7,-3.9,10,6,7,0,17,0,69,2,9,,2024-2025
Jabari Walker,22,POR,SF,21,1,233,0,0,25,55,20,-5.4,4.5,2,7,9,3,8,3,29,3,11,,2024-2025
Ricky Council IV,23,PHI,SF,19,0,230,0,22,62,16,0,-0.7,4.8,0,3,8,2,17,1,40,2,10,,2024-2025
Jamal Cain,25,NOP,SF,16,0,225,0,25,60,15,0,-20.5,-9.2,5,0,9,1,8,0,25,2,0,,2024-2025
Rayan Rupert,20,POR,SG,21,0,223,1,56,42,1,0,-10.9,-2.2,6,5,8,0,6,2,27,2,9,,2024-2025
Kristaps Porziņģis,29,BOS,C,8,8,220,0,0,0,6,94,6.3,-3.4,1,2,8,3,15,1,36,3,8,,2024-2025
Jared Butler,24,WAS,SG,19,0,212,56,41,3,0,0,-7.8,8.1,11,2,14,2,10,0,109,5,12,,2024-2025
Trendon Watford,24,BRK,PF,13,0,209,0,0,0,38,62,-12.7,-8.6,3,6,14,5,16,2,40,5,11,,2024-2025
Kenrich Williams,30,OKC,PF,16,0,208,0,0,0,23,78,13.8,1.8,3,0,17,0,3,5,35,0,4,,2024-2025
Justin Champagnie,23,WAS,SF,8,5,207,0,0,15,85,0,-3.9,12.9,4,2,11,0,7,1,28,4,6,,2024-2025
Dru Smith,27,MIA,SG,11,0,205,52,48,0,0,0,13.7,12.7,6,3,11,1,1,4,44,0,1,,2024-2025
David Roddy,23,ATL,PF,14,1,204,0,0,4,91,5,-14.2,-13.7,7,4,8,1,5,1,44,1,1,,2024-2025
Josh Okogie,26,PHO,SG,15,1,203,1,43,45,12,0,-4.1,-4.7,4,3,9,1,12,4,21,3,9,,2024-2025
Larry Nance Jr.,32,ATL,PF,11,2,196,0,0,0,53,47,-11.9,-10.9,3,0,5,0,1,2,40,0,2,,2024-2025
Lonzo Ball,27,CHI,PG,11,0,195,100,0,0,0,0,7.9,11.7,9,1,6,1,1,0,106,0,1,,2024-2025
Charles Bassey,24,SAS,C,18,0,194,0,0,0,0,100,-4.8,-3.1,4,6,15,2,9,0,22,5,5,,2024-2025
Keaton Wallace,25,ATL,PG,12,1,194,73,27,0,0,0,-3.2,-0.7,8,2,10,0,1,1,56,0,1,,2024-2025
Jaxson Hayes,24,LAL,C,11,1,192,0,0,0,0,100,-2.8,-0.4,2,2,18,3,9,1,24,1,1,,2024-2025
Ousmane Dieng,21,OKC,PF,16,0,186,0,0,0,6,94,7.1,-6.2,2,1,11,0,6,0,31,1,3,,2024-2025
Zion Williamson,24,NOP,PF,6,6,186,0,0,2,85,13,-6.3,7.6,10,4,4,8,32,0,80,8,19,,2024-2025
Doug McDermott,33,SAC,SF,21,3,182,0,2,58,41,0,10.8,9.2,1,0,11,1,2,0,6,0,1,,2024-2025
Johnny Davis,22,WAS,SG,19,0,182,1,63,36,0,0,-1.2,15.8,2,1,9,0,4,2,20,0,3,,2024-2025
Sandro Mamukelashvili,25,SAS,PF,19,0,182,0,0,0,88,12,1.2,3.9,3,3,8,1,6,0,16,1,0,,2024-2025
Paolo Banchero,22,ORL,PF,5,5,182,0,0,0,98,2,6.5,4.4,6,4,9,0,29,0,70,5,6,,2024-2025
Alec Burks,33,MIA,SG,12,0,181,13,37,45,6,0,17.3,16.7,1,1,4,0,3,2,34,0,0,,2024-2025
Dillon Jones,23,OKC,SF,21,0,177,0,0,13,44,43,-1.2,-15.6,3,2,11,1,1,1,37,0,3,,2024-2025
Mo Bamba,26,LAC,C,13,0,177,0,0,0,0,100,-5.5,-9.1,1,2,15,3,8,0,27,3,4,,2024-2025
Joel Embiid,30,PHI,C,6,6,176,0,0,0,0,100,-8.1,-4.2,7,9,6,4,17,0,57,2,3,,2024-2025
Johnny Furphy,20,IND,SG,17,0,173,3,49,48,0,0,-1.3,1.1,3,4,8,1,3,2,18,1,6,,2024-2025
Wendell Moore Jr.,23,DET,SG,12,0,171,2,49,38,11,0,-0.5,3.4,4,4,5,0,7,0,35,2,4,,2024-2025
John Konchar,28,MEM,SG,14,0,169,5,70,24,1,0,5.9,-4.6,3,3,7,1,2,0,34,0,0,,2024-2025
Jaylen Nowell,25,NOP,SG,8,0,168,95,6,0,0,0,-12.9,-0.1,6,1,7,0,6,1,41,1,3,,2024-2025
Aaron Holiday,28,HOU,PG,17,0,166,100,0,0,0,0,12.7,7.3,3,2,8,0,3,1,51,1,1,,2024-2025
Christian Koloko,24,LAL,C,17,0,166,0,0,0,0,100,-4.1,-1.9,0,3,16,0,1,1,9,0,4,,2024-2025
Trey Jemison,25,NOP,C,16,0,166,0,0,0,0,100,-7.5,6.0,2,3,11,5,9,0,22,1,6,,2024-2025
Vit Krejci,24,ATL,PG,14,0,165,61,38,1,0,0,-3.7,-1.3,5,2,9,0,5,1,48,1,4,,2024-2025
Kevin Love,36,MIA,PF,14,4,165,0,0,0,34,67,5.2,2.3,10,0,11,0,4,4,39,1,4,,2024-2025
Tyrese Martin,25,BRK,SG,11,2,165,0,24,62,14,0,-17.1,-13.4,2,3,2,1,2,1,29,0,2,,2024-2025
Steven Adams,31,HOU,C,15,0,161,0,0,0,0,100,0.3,-7.0,9,6,10,4,9,1,35,2,4,,2024-2025
Jordan McLaughlin,28,SAC,PG,21,0,159,100,0,0,0,0,3.1,0.3,5,3,6,0,3,5,50,0,3,,2024-2025
Dwight Powell,33,DAL,C,21,0,158,0,0,0,1,99,5.8,0.3,0,2,15,3,7,2,33,0,1,,2024-2025
Jock Landale,29,HOU,C,15,0,158,0,0,0,1,99,0.0,-7.3,2,3,7,2,8,0,38,1,11,,2024-2025
Robert Williams,27,POR,C,9,1,158,0,0,0,12,88,-11.2,-2.4,5,1,4,2,7,0,29,3,3,,2024-2025
Jordan Walsh,20,BOS,PF,19,1,157,0,35,43,22,0,4.7,-5.0,2,1,6,0,1,0,11,1,1,,2024-2025
Hunter Tyson,24,DEN,PF,17,0,157,0,1,20,79,0,-7.2,-11.6,2,5,11,0,6,0,21,1,1,,2024-2025
Paul Reed,25,DET,C,14,0,155,0,0,0,6,94,0.5,4.5,6,2,13,1,6,0,21,1,1,,2024-2025
Tre Jones,25,SAS,PG,9,0,154,85,15,0,0,0,-1.2,1.0,3,2,4,0,2,3,71,1,2,,2024-2025
Isaac Jones,24,SAC,PF,17,0,153,0,0,0,54,46,-10.7,-15.2,3,4,13,1,8,0,6,3,9,,2024-2025
Kai Jones,24,LAC,C,19,0,152,0,0,0,4,96,-6.7,-10.3,5,3,13,0,7,0,20,2,1,,2024-2025
Marvin Bagley III,25,WAS,C,18,1,151,0,0,0,18,82,-2.8,13.4,5,4,9,0,11,1,14,3,3,,2024-2025
Craig Porter Jr.,24,CLE,PG,16,0,151,78,22,0,0,0,9.8,-1.9,5,3,5,0,2,0,54,1,4,,2024-2025
Taj Gibson,39,CHO,C,14,8,151,0,0,0,1,99,-17.3,-12.2,2,4,10,1,3,1,19,1,5,,2024-2025
Josh Richardson,31,MIA,SG,8,0,150,42,47,11,0,0,-10.5,-15.8,4,1,7,3,2,1,30,0,3,,2024-2025
Anthony Gill,32,WAS,PF,20,0,149,0,0,0,98,2,-4.4,11.7,3,1,8,1,7,2,15,2,3,,2024-2025
Xavier Tillman Sr.,26,BOS,C,17,1,147,0,0,0,67,34,0.2,-10.0,2,2,10,0,1,0,17,0,3,,2024-2025
Elfrid Payton,30,NOP,PG,7,3,144,61,39,0,0,0,-4.9,8.9,16,3,4,1,1,1,109,0,4,,2024-2025
Bruno Fernando,26,TOR,C,16,2,143,0,0,0,0,100,-6.3,-1.3,6,1,12,3,4,0,40,0,6,,2024-2025
Alex Len,31,SAC,C,21,2,142,0,0,0,0,100,-14.9,-19.7,1,1,7,3,4,0,46,1,2,,2024-2025
Antonio Reeves,24,NOP,SG,15,0,140,20,58,19,3,0,-16.0,-3.5,2,2,6,0,3,0,20,1,5,,2024-2025
Patty Mills,36,UTA,PG,9,0,138,90,10,0,0,0,3.7,15.4,8,0,4,0,1,5,31,0,0,,2024-2025
Bones Hyland,24,LAC,PG,12,0,137,100,0,0,0,0,-18.4,-23.2,9,6,12,0,7,0,32,1,3,,2024-2025
Dario Šarić,30,DEN,C,10,3,136,0,0,0,0,100,-14.9,-19.8,8,2,7,1,3,1,25,0,5,,2024-2025
Ausar Thompson,22,DET,SF,8,3,136,0,5,68,27,0,-10.4,-7.7,8,3,5,1,6,5,49,1,6,,2024-2025
Aaron Nesmith,25,IND,SF,6,6,136,0,3,95,2,0,0.6,3.2,1,2,16,1,4,2,14,1,3,,2024-2025
DeAndre Jordan,36,DEN,C,13,0,133,0,0,0,0,100,-4.5,-8.2,2,5,9,3,5,0,28,2,3,,2024-2025
Thomas Bryant,27,2TM,C,12,0,131,0,0,0,0,100,5.2,3.2,2,0,6,0,4,1,11,0,1,,2024-2025
Thomas Bryant,27,MIA,C,10,0,115,0,0,0,0,100,9.7,7.1,2,0,5,0,4,1,8,0,1,,2024-2025
Thomas Bryant,27,IND,C,2,0,16,0,0,0,0,100,-27.2,-25.2,0,0,1,0,0,0,3,0,0,,2024-2025
Rob Dillingham,20,MIN,PG,14,0,126,97,3,0,0,0,-13.1,-18.3,11,2,3,0,0,1,55,0,2,,2024-2025
Reggie Jackson,34,PHI,PG,11,0,124,91,9,0,0,0,-3.5,1.1,6,0,3,0,0,0,52,0,2,,2024-2025
Kobe Bufkin,21,ATL,SG,10,0,124,83,17,0,0,0,-9.5,-7.6,4,2,5,0,9,1,37,2,6,,2024-2025
Olivier-Maxence Prosper,22,DAL,PF,17,0,121,0,0,15,85,0,-1.2,-7.4,1,0,5,0,5,1,18,1,6,,2024-2025
Nick Smith Jr.,20,CHO,SG,13,0,121,1,65,34,0,0,-19.3,-14.2,2,1,4,0,0,1,26,0,1,,2024-2025
De'Anthony Melton,26,GSW,SG,6,2,121,52,38,10,0,0,14.4,13.7,2,3,6,1,1,1,38,0,1,,2024-2025
KJ Simpson,22,CHO,PG,9,0,120,100,0,0,0,0,-19.3,-14.2,5,4,8,0,3,4,46,0,3,,2024-2025
Precious Achiuwa,25,NYK,PF,6,1,120,0,0,0,53,47,7.3,-0.1,0,2,6,2,6,0,19,2,2,,2024-2025
Enrique Freeman,24,IND,PF,16,1,113,0,4,45,51,0,-15.7,-14.7,4,0,10,0,3,1,16,1,2,,2024-2025
Tyler Kolek,23,NYK,PG,17,0,112,100,0,0,0,0,-5.5,-14.1,5,2,6,0,1,0,28,0,1,,2024-2025
Micah Potter,26,UTA,C,6,1,112,0,0,0,50,50,14.5,26.7,2,2,5,1,0,0,14,0,2,,2024-2025
Jaylon Tyson,22,CLE,SG,14,1,108,0,18,50,32,0,1.6,-10.8,4,2,8,0,3,0,25,0,4,,2024-2025
Colby Jones,22,SAC,SG,18,0,102,0,60,40,0,0,-4.8,-8.2,4,0,5,0,0,1,12,0,3,,2024-2025
Caleb Houstan,22,ORL,SF,18,0,99,0,8,81,10,0,-10.1,-13.8,0,1,2,0,0,0,3,0,1,,2024-2025
Ariel Hukporti,22,NYK,C,12,0,99,0,0,0,0,100,-23.6,-33.7,6,2,12,2,3,0,14,0,2,,2024-2025
Josh Minott,22,MIN,SF,13,0,95,0,4,37,59,0,-1.6,-5.3,3,1,5,1,3,0,15,1,1,,2024-2025
Day'Ron Sharpe,23,BRK,C,6,0,91,0,0,0,0,100,-9.5,-4.4,4,0,4,3,4,0,13,0,2,,2024-2025
Adem Bona,21,PHI,C,14,0,90,0,0,0,0,100,5.9,11.3,3,0,11,3,2,0,0,1,3,,2024-2025
Jae Crowder,34,SAC,SF,6,2,89,0,0,77,23,0,-2.6,-5.8,4,0,8,0,2,0,9,0,1,,2024-2025
Khris Middleton,33,MIL,SF,4,0,85,0,0,97,3,0,7.4,6.8,3,3,4,0,3,1,52,1,3,,2024-2025
Mark Williams,23,CHO,C,6,3,84,0,0,0,0,100,-25.0,-19.9,1,0,5,2,8,0,22,2,4,,2024-2025
Isaiah Jackson,23,IND,C,5,1,84,0,0,0,0,100,6.2,9.1,2,0,8,3,6,0,12,0,2,,2024-2025
Duop Reath,28,POR,C,13,0,83,0,0,0,2,98,-16.8,-8.3,0,1,8,0,0,0,7,0,0,,2024-2025
Pacome Dadiet,19,NYK,SG,12,0,82,0,27,59,14,0,-0.7,-8.6,1,0,1,0,1,1,11,0,1,,2024-2025
Cam Whitmore,20,HOU,SF,9,0,82,0,0,65,32,3,-5.8,-13.1,0,0,3,2,8,0,10,2,5,,2024-2025
Drew Peterson,25,BOS,PF,7,0,81,0,0,35,60,5,-1.7,-11.5,1,2,4,0,3,1,10,0,1,,2024-2025
Svi Mykhailiuk,27,UTA,SF,6,2,81,0,8,79,13,0,6.3,17.4,7,3,4,0,2,2,18,0,0,,2024-2025
Jeff Dowtin,27,PHI,PG,8,0,80,96,4,0,0,0,1.7,6.7,1,0,2,0,1,0,21,0,0,,2024-2025
Zeke Nnaji,24,DEN,PF,16,0,79,0,0,0,30,70,-39.8,-45.5,2,0,6,0,3,1,10,1,3,,2024-2025
Isaiah Wong,24,CHO,SG,5,0,78,35,62,3,0,0,-2.9,3.7,4,0,4,0,7,1,25,2,6,,2024-2025
Tristan Thompson,33,CLE,PF,10,0,76,0,0,0,0,100,-6.7,-19.2,1,1,4,1,5,0,11,2,2,,2024-2025
Taylor Hendricks,21,UTA,PF,3,3,75,,,,,,-13.1,-3.4,2,0,5,0,2,0,4,0,0,,2024-2025
Ryan Rollins,22,MIL,PG,11,1,72,99,1,0,0,0,29.3,30.1,4,3,6,0,1,3,21,0,2,,2024-2025
Kelly Olynyk,33,TOR,C,5,0,72,0,0,0,0,100,-18.0,-13.6,5,0,5,1,7,1,23,0,1,,2024-2025
Kel'el Ware,20,MIA,C,10,0,69,0,0,0,0,100,-5.7,-9.5,1,0,5,1,0,0,2,0,1,,2024-2025
Immanuel Quickley,25,TOR,PG,3,3,68,85,15,0,0,0,-23.2,-19.0,3,1,1,0,4,1,28,1,5,,2024-2025
Torrey Craig,34,CHI,SF,6,1,67,0,0,2,93,5,-18.5,-17.3,0,0,5,0,1,0,6,0,0,,2024-2025
Cory Joseph,33,ORL,PG,15,0,63,38,62,0,0,0,5.3,2.8,2,1,1,0,0,0,30,0,1,,2024-2025
Jae'Sean Tate,29,HOU,SF,11,0,61,0,33,63,4,0,14.8,8.8,2,1,3,2,5,1,18,3,0,,2024-2025
Armel Traoré,22,LAL,SF,8,0,61,0,0,56,45,0,-39.2,-38.6,0,1,0,1,2,0,3,1,1,,2024-2025
DaQuan Jeffries,27,CHO,SG,3,0,61,0,5,46,40,10,-6.0,0.4,0,2,3,0,1,1,8,0,0,,2024-2025
Patrick Baldwin Jr.,22,WAS,SF,12,0,57,0,0,60,40,0,17.0,33.2,1,1,3,0,1,0,2,0,2,,2024-2025
Cam Spencer,24,MEM,SG,4,0,54,63,36,1,0,0,14.8,5.1,2,0,3,0,3,0,17,2,0,,2024-2025
Jevon Carter,29,CHI,PG,11,0,53,100,0,0,0,0,14.8,17.5,2,2,1,0,0,0,14,0,2,,2024-2025
Chris Duarte,27,CHI,SG,12,0,50,19,81,0,0,0,10.2,12.6,0,1,3,0,4,1,8,2,1,,2024-2025
Kobe Brown,25,LAC,PF,7,0,47,0,0,0,54,46,-12.4,-15.4,0,0,5,0,1,0,9,0,0,,2024-2025
Moses Brown,25,IND,C,9,0,46,0,0,0,0,100,-7.4,-5.3,3,0,5,1,3,0,0,1,0,,2024-2025
Luka Garza,26,MIN,C,9,0,46,0,0,0,3,97,4.1,0.8,1,0,1,1,4,2,3,2,2,,2024-2025
Orlando Robinson,24,SAC,C,7,0,46,0,0,0,0,100,12.8,10.3,0,2,4,1,3,0,18,0,0,,2024-2025
Matt Ryan,27,NYK,SF,9,0,45,0,14,54,32,0,-35.1,-44.0,2,1,0,0,0,1,0,0,2,,2024-2025
Pat Spencer,28,GSW,PG,9,0,45,90,10,0,0,0,-5.4,-7.8,4,0,3,0,1,1,28,0,3,,2024-2025
Vince Williams Jr.,24,MEM,SG,3,0,45,48,51,1,0,0,14.5,4.8,3,4,6,0,0,2,20,0,0,,2024-2025
Trey Alexander,21,DEN,SG,9,0,44,40,58,2,0,0,0.9,-2.0,0,0,2,1,0,0,5,0,0,,2024-2025
Terrence Shannon Jr. ,24,MIN,SG,9,0,44,0,0,100,0,0,2.3,-1.1,2,0,0,0,0,0,12,0,1,,2024-2025
Luke Travers,23,CLE,SG,6,0,42,0,1,68,31,0,12.5,1.1,2,0,1,0,1,0,11,0,0,,2024-2025
Yuki Kawamura,23,MEM,PG,14,0,41,100,0,0,0,0,2.3,-7.8,3,1,2,0,1,0,18,0,0,,2024-2025
Jalen Pickett,25,DEN,SG,5,0,41,84,16,0,0,0,19.9,17.7,0,2,2,0,0,0,19,0,0,,2024-2025
Adam Flagler,25,OKC,SG,11,0,40,69,31,0,0,0,17.3,5.1,0,0,3,0,0,0,0,0,0,,2024-2025
Jeff Green,38,HOU,PF,7,0,40,0,0,0,58,43,3.2,-3.3,1,1,2,0,0,0,2,0,0,,2024-2025
Jaden Springer,22,BOS,SG,9,0,39,16,50,34,0,0,-40.2,-50.7,0,1,1,0,3,0,7,0,1,,2024-2025
Karlo Matković,23,NOP,PF,5,0,39,0,0,0,38,62,-0.2,13.0,3,0,3,1,0,0,0,0,1,,2024-2025
Bol Bol,25,PHO,PF,7,0,37,0,0,0,38,62,6.4,6.8,2,1,0,0,4,0,3,2,0,,2024-2025
Damion Lee,32,PHO,SG,4,0,37,0,70,30,0,0,-1.0,-0.8,1,1,0,1,2,0,10,0,0,,2024-2025
MarJon Beauchamp,24,MIL,SF,11,0,35,0,0,53,47,0,17.6,17.0,2,1,2,1,2,0,2,0,1,,2024-2025
Garrett Temple,38,TOR,SG,9,0,35,10,61,29,0,0,2.6,7.9,0,2,4,0,0,0,13,0,0,,2024-2025
Tyler Smith,20,MIL,PF,10,0,34,0,0,0,56,44,16.9,16.3,1,0,2,1,1,1,3,0,0,,2024-2025
Baylor Scheierman,24,BOS,SG,5,0,34,0,30,70,0,0,-13.2,-22.8,0,0,1,0,1,0,5,0,1,,2024-2025
Vlatko Čančar,27,DEN,PF,4,0,34,0,0,4,49,47,-9.0,-12.3,1,0,1,0,0,0,0,0,1,,2024-2025
Sidy Cissoko,20,SAS,SF,11,0,33,0,0,92,8,0,3.2,5.5,1,0,3,0,2,0,13,0,2,,2024-2025
PJ Dozier,28,MIN,SG,8,0,33,0,100,0,0,0,-8.1,-11.8,1,0,1,0,2,0,10,0,0,,2024-2025
D.J. Carton,24,TOR,SG,4,0,33,33,67,0,0,0,16.0,21.7,1,3,1,0,1,0,7,1,2,,2024-2025
E.J. Liddell,24,CHI,PF,6,0,31,0,0,0,0,100,11.6,13.9,0,1,2,1,1,0,9,0,0,,2024-2025
Gui Santos,22,GSW,PF,7,0,30,0,24,12,44,20,28.8,27.4,1,1,2,0,0,0,5,0,0,,2024-2025
Maxwell Lewis,22,LAL,SF,7,0,29,0,29,61,11,0,-46.0,-44.5,0,2,1,0,0,0,5,0,0,,2024-2025
TyTy Washington Jr.,23,PHO,PG,3,0,27,63,21,16,0,0,-10.8,-10.8,0,0,0,0,0,0,9,0,0,,2024-2025
Joe Ingles,37,MIN,SF,7,0,26,0,48,52,0,0,-21.5,-25.3,1,0,2,0,0,0,21,0,0,,2024-2025
Dariq Whitehead,20,BRK,SF,3,0,26,0,2,55,28,15,-9.5,-4.3,1,2,1,0,0,0,2,0,1,,2024-2025
Jazian Gortman,21,DAL,PG,8,0,25,86,14,0,0,0,-13.0,-18.9,1,1,1,0,0,0,4,0,0,,2024-2025
JD Davison,22,BOS,PG,5,0,24,76,24,0,0,0,-61.1,-71.5,2,4,1,0,1,0,2,0,0,,2024-2025
Colin Castleton,24,MEM,C,8,0,22,0,0,44,27,29,11.1,1.3,0,0,3,0,2,0,0,0,0,,2024-2025
Jacob Toppin,24,NYK,SF,7,0,21,0,0,59,41,0,-29.8,-37.7,1,0,0,0,0,0,4,0,0,,2024-2025
Malevy Leons,25,OKC,SF,6,0,21,0,0,0,100,0,-42.3,-55.4,0,1,3,0,2,0,2,0,1,,2024-2025
Jack McVeigh,28,HOU,PF,6,0,21,0,0,47,45,9,2.6,-3.9,0,1,1,0,0,0,3,0,0,,2024-2025
Brandon Williams,25,DAL,PG,5,0,21,100,0,0,0,0,-36.4,-42.7,1,1,0,0,1,0,6,0,2,,2024-2025
Markieff Morris,35,DAL,PF,4,0,21,0,0,0,77,23,-28.5,-34.6,1,1,0,0,0,0,5,0,0,,2024-2025
Adama Sanogo,22,CHI,C,4,0,21,0,0,0,0,100,-13.9,-12.1,0,1,1,0,0,0,2,0,1,,2024-2025
JT Thor,22,CLE,PF,4,0,21,0,0,0,85,15,-14.3,-26.2,1,1,1,0,3,0,0,0,0,,2024-2025
Liam Robbins,25,MIL,C,5,0,20,0,0,0,0,100,9.5,8.6,0,0,1,0,2,0,0,0,0,,2024-2025
Richaun Holmes,31,WAS,PF,3,0,20,0,0,0,0,100,-9.3,5.4,0,1,1,0,1,0,0,0,0,,2024-2025
Taze Moore,26,POR,SG,2,0,20,85,15,0,0,0,-17.3,-8.4,1,0,0,0,1,0,3,0,1,,2024-2025
Bronny James,20,LAL,SG,7,0,18,52,48,0,0,0,-52.8,-51.0,0,0,1,0,1,0,4,0,1,,2024-2025
Branden Carlson,25,OKC,C,5,0,18,0,0,0,0,100,50.4,38.6,0,0,1,0,1,0,5,0,0,,2024-2025
Cam Christie,19,LAC,SG,1,0,18,0,100,0,0,0,18.8,16.6,1,0,0,0,0,0,0,0,1,,2024-2025
Stanley Umude,25,MIL,SG,6,0,17,0,81,9,10,0,13.2,12.3,0,0,0,0,1,0,2,0,0,,2024-2025
Lester Quiñones,24,PHI,SG,4,0,17,14,57,29,0,0,-10.0,-5.6,2,1,0,0,1,0,2,1,0,,2024-2025
Oscar Tshiebwe,25,UTA,PF,1,0,16,0,0,0,82,18,-14.7,-4.8,0,0,1,1,2,1,0,0,0,,2024-2025
Jalen Hood-Schifino,21,LAL,SG,2,0,14,0,90,10,0,0,23.2,26.0,0,1,2,0,0,0,2,0,0,,2024-2025
Trentyn Flowers,19,LAC,SF,1,0,14,0,0,100,0,0,32.9,30.8,0,1,1,0,1,0,0,1,0,,2024-2025
Kessler Edwards,24,DAL,SF,7,0,13,0,22,40,38,0,-95.3,-101.7,0,0,2,0,0,0,0,0,0,,2024-2025
Mason Jones,26,SAC,SG,3,0,13,23,61,16,0,0,-4.3,-7.2,0,0,1,0,0,0,17,0,0,,2024-2025
Daishen Nix,22,MIN,PG,3,0,13,100,0,0,0,0,28.2,25.2,1,2,1,0,1,0,7,0,0,,2024-2025
Cole Swider,25,DET,SF,2,0,13,0,0,0,74,26,37.0,40.9,0,0,1,0,0,0,3,0,0,,2024-2025
Jared Rhoden,25,CHO,SG,4,0,12,0,0,100,0,0,32.0,38.8,0,1,0,0,0,0,5,0,0,,2024-2025
Keshad Johnson,23,MIA,SF,2,0,12,0,0,1,99,0,30.4,27.5,0,0,0,0,0,0,0,0,0,,2024-2025
PJ Hall,22,DEN,C,5,0,11,0,0,0,0,100,4.8,1.9,0,0,0,0,0,0,0,0,0,,2024-2025
AJ Johnson,20,MIL,SG,5,0,11,50,28,22,0,0,32.0,31.2,1,1,0,0,0,0,3,0,1,,2024-2025
Dominick Barlow,21,ATL,SF,2,0,11,0,0,78,22,0,-20.8,-18.4,0,0,1,0,1,0,0,0,0,,2024-2025
Jalen Bridges,23,PHO,SF,2,0,11,0,0,100,0,0,13.2,13.5,0,2,0,0,1,0,0,0,0,,2024-2025
Mouhamed Gueye,22,ATL,PF,2,0,11,0,0,0,0,100,-4.2,-1.6,1,0,0,0,0,0,0,0,0,,2024-2025
Cui Yongxi,21,BRK,SG,5,0,10,0,38,62,0,0,-3.0,2.4,0,0,0,0,1,0,0,0,1,,2024-2025
James Johnson,37,IND,PF,3,0,10,0,0,43,57,0,22.1,24.6,1,2,0,0,0,0,4,0,0,,2024-2025
Jeenathan Williams,25,HOU,SG,3,0,10,0,78,22,0,0,1.9,-4.6,0,0,0,0,0,0,0,0,0,,2024-2025
Justin Edwards,21,PHI,SF,2,0,9,0,27,73,0,0,-9.5,-5.0,0,0,0,0,1,1,2,1,0,,2024-2025
Tristen Newton,23,IND,SG,5,0,8,5,95,0,0,0,-19.7,-17.5,1,0,1,0,0,0,3,0,0,,2024-2025
David Duke Jr.,25,SAS,SG,1,0,8,82,18,0,0,0,0.0,2.2,0,0,0,0,1,0,5,0,0,,2024-2025
Quincy Olivari,23,LAL,PG,1,0,8,32,68,0,0,0,-71.7,-69.7,1,0,0,0,0,0,0,0,0,,2024-2025
Reece Beekman,23,2TM,PG,3,0,8,100,0,0,0,0,-14.3,-12.7,0,1,1,0,0,0,2,0,0,,2024-2025
Reece Beekman,23,GSW,PG,2,0,4,100,0,0,0,0,21.4,19.3,0,0,1,0,0,0,2,0,0,,2024-2025
Reece Beekman,23,BRK,PG,1,0,4,100,0,0,0,0,-50.0,-44.7,0,1,0,0,0,0,0,0,0,,2024-2025
Alex Ducas,24,OKC,SG,4,0,7,0,0,100,0,0,23.3,11.1,0,0,0,0,0,0,0,0,0,,2024-2025
Trevelin Queen,27,ORL,SG,3,0,7,0,0,100,0,0,56.7,54.3,1,0,0,0,0,0,0,0,0,,2024-2025
Harrison Ingram,22,SAS,SF,1,0,7,0,100,0,0,0,6.7,8.9,0,0,1,0,0,0,0,0,0,,2024-2025
Riley Minix,24,SAS,SF,1,0,7,0,0,0,100,0,6.7,8.9,0,0,0,0,0,0,0,0,0,,2024-2025
Chris Livingston,21,MIL,SF,3,0,6,0,0,0,100,0,25.3,24.3,0,1,0,0,0,0,2,0,0,,2024-2025
Justin Minaya,25,POR,SF,1,0,6,0,0,49,51,0,-9.0,0.1,0,0,1,0,0,0,0,0,0,,2024-2025
Daniss Jenkins,23,DET,PG,2,0,5,100,0,0,0,0,-45.8,-42.5,0,0,0,0,0,0,0,0,0,,2024-2025
Ulrich Chomche,19,TOR,PF,1,0,5,0,0,0,0,100,-44.4,-39.4,0,0,0,0,0,0,0,0,0,,2024-2025
Isaiah Crawford,23,SAC,SF,1,0,5,0,0,100,0,0,30.0,27.3,0,0,0,0,0,0,0,0,0,,2024-2025
Mac McClung,26,ORL,SG,1,0,5,0,100,0,0,0,100.0,97.7,0,0,0,0,0,0,6,0,0,,2024-2025
James Wiseman,23,IND,C,1,0,5,0,0,0,0,100,-23.5,-21.3,0,0,0,0,1,0,0,0,0,,2024-2025
Spencer Jones,23,DEN,SF,2,0,4,0,43,57,0,0,3.6,0.7,0,0,0,0,0,0,0,0,0,,2024-2025
Alondes Williams,25,DET,SG,1,0,4,0,100,0,0,0,71.4,75.1,0,0,0,0,0,0,3,0,0,,2024-2025
Jaylen Martin,21,BRK,SF,2,0,3,0,0,0,100,0,-64.3,-59.1,0,0,1,0,0,0,0,0,0,,2024-2025
Collin Gillespie,25,PHO,PG,1,0,3,28,73,0,0,0,19.0,19.3,0,0,0,0,0,0,0,0,0,,2024-2025
Bryce McGowens,22,POR,SG,1,0,3,23,77,0,0,0,180.0,189.4,0,0,0,0,0,0,2,0,0,,2024-2025
Alex Reese,25,OKC,PF,1,0,2,0,0,0,0,100,100.0,87.8,0,0,0,0,0,0,0,0,0,,2024-2025
